[{
	"title": "自由钢琴 - AutoPiano",
	"desc": "让你听见内心的声音",
	"url": "https://www.autopiano.cn"
}, {
	"title": "网易云音乐",
	"desc": "音乐的力量 music.163.com",
	"url": "https://music.163.com/"
}, {
	"title": "阮一峰的网络日志",
	"desc": "https://www.ruanyifeng.com/blog/",
	"url": "https://www.ruanyifeng.com/blog/"
}, {
	"title": "吾爱分享网",
	"desc": "分享是一种态度",
	"url": "http://52sharing.cn"
}, {
	"title": "梯云博客",
	"desc": "求知若饥 虚心若愚",
	"url": "http://www.teenshare.club"
}, {
	"title": "兔八哥-凉夜博客",
	"desc": "设计&前端开发博主博客",
	"url": "http://www.ls1314.cn"
}, {
	"title": "踏雕上月",
	"desc": "设计&web开发博主博客",
	"url": "https://www.zsxcool.com"
}, {
	"title": "四个空格",
	"desc": "感受代码之美",
	"url": "https://www.4spaces.org/"
}, {
	"title": "花似",
	"desc": "https://subei.me/",
	"url": "https://subei.me/"
}, {
	"title": "空缺中...",
	"desc": "waiting for you",
	"url": "javascript:;"
}]