{"musicName":"songs_for_you","partName":"钢琴, Piano","partAbbr":"Pno.","perMinute":"65","beatUnit":"quarter","timeUnit":923,"NOTE_DURATION":{"256th":14,"128th":29,"64th":58,"32nd":115,"16th":231,"eighth":462,"quarter":923,"half":1846,"whole":3692,"breve":7384},"measures":[{"staff1":{"voice1":[{"noteName":"A#4","duration":923,"voice":"1","alter":"1","type":"quarter","staff":"1"},{"noteName":"C#4","duration":461.5,"voice":"1","alter":"1","type":"eighth","staff":"1"},{"noteName":"F#4","duration":461.5,"voice":"1","alter":"1","type":"eighth","staff":"1"},{"noteName":"G#4","duration":461.5,"voice":"1","alter":"1","type":"eighth","staff":"1"},{"noteName":"C#5","duration":461.5,"voice":"1","alter":"1","type":"eighth","staff":"1"}]},"staff2":{"voice5":[{"noteName":"F#2","duration":461.5,"voice":"5","alter":"1","type":"eighth","staff":"2"},{"noteName":"F#3","duration":1384.5,"voice":"5","alter":"1","type":"quarter","dot":true,"staff":"2"},{"noteName":"F2","duration":923,"voice":"5","alter":"1","type":"quarter","staff":"2"}]}},{"staff1":{"voice1":[{"noteName":"F#4","duration":923,"voice":"1","alter":"1","type":"quarter","staff":"1"},{"noteName":"A#3","duration":461.5,"voice":"1","alter":"1","type":"eighth","staff":"1"},{"noteName":"D#4","duration":461.5,"voice":"1","alter":"1","type":"eighth","staff":"1"},{"noteName":"F4","duration":461.5,"voice":"1","alter":"1","type":"eighth","staff":"1"},{"noteName":"A#4","duration":461.5,"voice":"1","alter":"1","type":"eighth","staff":"1"}]},"staff2":{"voice5":[{"noteName":"D#2","duration":461.5,"voice":"5","alter":"1","type":"eighth","staff":"2"},{"noteName":"D#3","duration":1384.5,"voice":"5","alter":"1","type":"quarter","dot":true,"staff":"2"},{"noteName":"C#2","duration":923,"voice":"5","alter":"1","type":"quarter","staff":"2"}]}},{"staff1":{"voice1":[{"noteName":"D#4","duration":1846,"voice":"1","alter":"1","type":"half","staff":"1"},{"noteName":"B4","duration":461.5,"voice":"1","type":"eighth","staff":"1"},{"noteName":"A#4","duration":461.5,"voice":"1","alter":"1","type":"eighth","staff":"1"}]},"staff2":{"voice5":[{"noteName":"B2","duration":461.5,"voice":"5","type":"eighth","staff":"2"},{"noteName":"D#3","duration":461.5,"voice":"5","alter":"1","type":"eighth","staff":"2"},{"noteName":"F#3","duration":461.5,"voice":"5","alter":"1","type":"eighth","staff":"2"},{"noteName":"B3","duration":461.5,"voice":"5","type":"eighth","staff":"2"},{"noteName":"D#3","duration":923,"voice":"5","alter":"1","type":"quarter","staff":"2"}]}},{"staff1":{"voice1":[{"noteName":"A#4","duration":923,"voice":"1","alter":"1","type":"quarter","staff":"1"},{"noteName":"G#4","duration":1846,"voice":"1","alter":"1","type":"half","staff":"1"}]},"staff2":{"voice5":[{"noteName":"C#3","duration":923,"voice":"5","alter":"1","type":"quarter","staff":"2"},{"noteName":"F3","duration":1846,"voice":"5","alter":"1","type":"half","staff":"2"}]}},{"staff1":{"voice1":[{"noteName":"A#4","duration":923,"voice":"1","alter":"1","type":"quarter","staff":"1"},{"noteName":"C#4","duration":461.5,"voice":"1","alter":"1","type":"eighth","staff":"1"},{"noteName":"F#4","duration":461.5,"voice":"1","alter":"1","type":"eighth","staff":"1"},{"noteName":"G#4","duration":461.5,"voice":"1","alter":"1","type":"eighth","staff":"1"},{"noteName":"C#5","duration":461.5,"voice":"1","alter":"1","type":"eighth","staff":"1"}]},"staff2":{"voice5":[{"noteName":"F#2","duration":461.5,"voice":"5","alter":"1","type":"eighth","staff":"2"},{"noteName":"F#3","duration":1384.5,"voice":"5","alter":"1","type":"quarter","dot":true,"staff":"2"},{"noteName":"F2","duration":923,"voice":"5","alter":"1","type":"quarter","staff":"2"}]}},{"staff1":{"voice1":[{"noteName":"F#4","duration":923,"voice":"1","alter":"1","type":"quarter","staff":"1"},{"noteName":"A#3","duration":461.5,"voice":"1","alter":"1","type":"eighth","staff":"1"},{"noteName":"D#4","duration":461.5,"voice":"1","alter":"1","type":"eighth","staff":"1"},{"noteName":"F4","duration":461.5,"voice":"1","alter":"1","type":"eighth","staff":"1"},{"noteName":"A#4","duration":461.5,"voice":"1","alter":"1","type":"eighth","staff":"1"}]},"staff2":{"voice5":[{"noteName":"D#2","duration":461.5,"voice":"5","alter":"1","type":"eighth","staff":"2"},{"noteName":"D#3","duration":1384.5,"voice":"5","alter":"1","type":"quarter","dot":true,"staff":"2"},{"noteName":"C#2","duration":923,"voice":"5","alter":"1","type":"quarter","staff":"2"}]}},{"staff1":{"voice1":[{"noteName":"D#4","duration":1846,"voice":"1","alter":"1","type":"half","staff":"1"},{"noteName":"B4","duration":461.5,"voice":"1","type":"eighth","staff":"1"},{"noteName":"A#4","duration":461.5,"voice":"1","alter":"1","type":"eighth","staff":"1"}]},"staff2":{"voice5":[{"noteName":"B2","duration":461.5,"voice":"5","type":"eighth","staff":"2"},{"noteName":"D#3","duration":461.5,"voice":"5","alter":"1","type":"eighth","staff":"2"},{"noteName":"F#3","duration":461.5,"voice":"5","alter":"1","type":"eighth","staff":"2"},{"noteName":"B3","duration":461.5,"voice":"5","type":"eighth","staff":"2"},{"noteName":"D#3","duration":923,"voice":"5","alter":"1","type":"quarter","staff":"2"}]}},{"staff1":{"voice1":[{"noteName":"A#4","duration":923,"voice":"1","alter":"1","type":"quarter","staff":"1"},{"noteName":"G#4","duration":1384.5,"voice":"1","alter":"1","type":"quarter","dot":true,"staff":"1"},{"noteName":"A#4","duration":461.5,"voice":"1","alter":"1","type":"eighth","staff":"1"}]},"staff2":{"voice5":[{"noteName":"C#3","duration":923,"voice":"5","alter":"1","type":"quarter","staff":"2"},{"noteName":"G#3","duration":1846,"voice":"5","alter":"1","type":"half","staff":"2"}]}},{"staff1":{"voice1":[{"noteName":"B4","duration":1846,"voice":"1","type":"half","staff":"1"},{"noteName":"D#5","duration":461.5,"voice":"1","alter":"1","type":"eighth","staff":"1"},{"noteName":"B4","duration":461.5,"voice":"1","type":"eighth","staff":"1"}]},"staff2":{"voice5":[{"noteName":"G#2","duration":461.5,"voice":"5","alter":"1","type":"eighth","staff":"2"},{"noteName":"D#3","duration":461.5,"voice":"5","alter":"1","type":"eighth","staff":"2"},{"noteName":"G#3","duration":461.5,"voice":"5","alter":"1","type":"eighth","staff":"2"},{"noteName":"B3","duration":461.5,"voice":"5","type":"eighth","staff":"2"},{"noteName":"D#4","duration":461.5,"voice":"5","alter":"1","type":"eighth","staff":"2"},{"noteName":"F#4","duration":461.5,"voice":"5","alter":"1","type":"eighth","staff":"2"}]}},{"staff1":{"voice1":[{"noteName":"A#4","duration":2769,"voice":"1","alter":"1","type":"half","dot":true,"staff":"1"}]},"staff2":{"voice5":[{"noteName":"D#2","duration":461.5,"voice":"5","alter":"1","type":"eighth","staff":"2"},{"noteName":"A#2","duration":461.5,"voice":"5","alter":"1","type":"eighth","staff":"2"},{"noteName":"D#3","duration":461.5,"voice":"5","alter":"1","type":"eighth","staff":"2"},{"noteName":"F3","duration":461.5,"voice":"5","alter":"1","type":"eighth","staff":"2"},{"noteName":"F#3","duration":461.5,"voice":"5","alter":"1","type":"eighth","staff":"2"},{"noteName":"A#3","duration":461.5,"voice":"5","alter":"1","type":"eighth","staff":"2"}]}},{"staff1":{"voice1":[{"noteName":"C#5","duration":923,"voice":"1","alter":"1","type":"quarter","staff":"1"},{"noteName":"A#4","duration":923,"voice":"1","alter":"1","type":"quarter","staff":"1"},{"noteName":"G#4","duration":461.5,"voice":"1","alter":"1","type":"eighth","staff":"1"},{"noteName":"F#4","duration":461.5,"voice":"1","alter":"1","type":"eighth","staff":"1"}]},"staff2":{"voice5":[{"noteName":"F#2","duration":461.5,"voice":"5","alter":"1","type":"eighth","staff":"2"},{"noteName":"C#3","duration":461.5,"voice":"5","alter":"1","type":"eighth","staff":"2"},{"noteName":"F#3","duration":461.5,"voice":"5","alter":"1","type":"eighth","staff":"2"},{"noteName":"A#3","duration":461.5,"voice":"5","alter":"1","type":"eighth","staff":"2"},{"noteName":"C#4","duration":461.5,"voice":"5","alter":"1","type":"eighth","staff":"2"},{"noteName":"F#3","duration":461.5,"voice":"5","alter":"1","type":"eighth","staff":"2"}]}},{"staff1":{"voice1":[{"noteName":"G#4","duration":2769,"voice":"1","alter":"1","type":"half","dot":true,"staff":"1"}]},"staff2":{"voice5":[{"noteName":"C#2","duration":461.5,"voice":"5","alter":"1","type":"eighth","staff":"2"},{"noteName":"G#2","duration":461.5,"voice":"5","alter":"1","type":"eighth","staff":"2"},{"noteName":"C#3","duration":461.5,"voice":"5","alter":"1","type":"eighth","staff":"2"},{"noteName":"D#3","duration":461.5,"voice":"5","alter":"1","type":"eighth","staff":"2"},{"noteName":"F3","duration":461.5,"voice":"5","alter":"1","type":"eighth","staff":"2"},{"noteName":"G#3","duration":461.5,"voice":"5","alter":"1","type":"eighth","staff":"2"}]}},{"staff1":{"voice1":[{"noteName":"G#4","duration":1846,"voice":"1","alter":"1","type":"half","staff":"1"},{"noteName":"B4","duration":1846,"voice":"1","chord":true,"type":"half","staff":"1"},{"noteName":"B4","duration":461.5,"voice":"1","type":"eighth","staff":"1"},{"noteName":"D#5","duration":461.5,"voice":"1","alter":"1","chord":true,"type":"eighth","staff":"1"},{"noteName":"F#4","duration":461.5,"voice":"1","alter":"1","type":"eighth","staff":"1"},{"noteName":"B4","duration":461.5,"voice":"1","chord":true,"type":"eighth","staff":"1"}]},"staff2":{"voice5":[{"noteName":"G#2","duration":461.5,"voice":"5","alter":"1","type":"eighth","staff":"2"},{"noteName":"D#3","duration":461.5,"voice":"5","alter":"1","type":"eighth","staff":"2"},{"noteName":"G#3","duration":461.5,"voice":"5","alter":"1","type":"eighth","staff":"2"},{"noteName":"B3","duration":461.5,"voice":"5","type":"eighth","staff":"2"},{"noteName":"D#4","duration":461.5,"voice":"5","alter":"1","type":"eighth","staff":"2"},{"noteName":"F#4","duration":461.5,"voice":"5","alter":"1","type":"eighth","staff":"2"}]}},{"staff1":{"voice1":[{"noteName":"A#4","duration":2769,"voice":"1","alter":"1","type":"half","dot":true,"staff":"1"}],"voice2":[{"noteName":"D#4","duration":1846,"voice":"2","alter":"1","type":"half","staff":"1"},{"noteName":"F#4","duration":1846,"voice":"2","alter":"1","chord":true,"type":"half","staff":"1"},{"noteName":"","duration":923,"voice":"2","rest":true,"type":"quarter","staff":"1"}]},"staff2":{"voice5":[{"noteName":"D#2","duration":461.5,"voice":"5","alter":"1","type":"eighth","staff":"2"},{"noteName":"A#2","duration":461.5,"voice":"5","alter":"1","type":"eighth","staff":"2"},{"noteName":"D#3","duration":461.5,"voice":"5","alter":"1","type":"eighth","staff":"2"},{"noteName":"F3","duration":461.5,"voice":"5","alter":"1","type":"eighth","staff":"2"},{"noteName":"F#3","duration":461.5,"voice":"5","alter":"1","type":"eighth","staff":"2"},{"noteName":"A#3","duration":461.5,"voice":"5","alter":"1","type":"eighth","staff":"2"}]}},{"staff1":{"voice1":[{"noteName":"C#4","duration":461.5,"voice":"1","alter":"1","type":"eighth","staff":"1"},{"noteName":"A#4","duration":461.5,"voice":"1","alter":"1","chord":true,"type":"eighth","staff":"1"},{"noteName":"C#5","duration":461.5,"voice":"1","alter":"1","type":"eighth","staff":"1"},{"noteName":"A#4","duration":461.5,"voice":"1","alter":"1","type":"eighth","staff":"1"},{"noteName":"F#4","duration":461.5,"voice":"1","alter":"1","type":"eighth","staff":"1"},{"noteName":"C#4","duration":461.5,"voice":"1","alter":"1","type":"eighth","staff":"1"},{"noteName":"G#4","duration":461.5,"voice":"1","alter":"1","chord":true,"type":"eighth","staff":"1"},{"noteName":"F4","duration":461.5,"voice":"1","alter":"1","type":"eighth","staff":"1"}]},"staff2":{"voice5":[{"noteName":"F#2","duration":461.5,"voice":"5","alter":"1","type":"eighth","staff":"2"},{"noteName":"C#3","duration":461.5,"voice":"5","alter":"1","type":"eighth","staff":"2"},{"noteName":"F#3","duration":461.5,"voice":"5","alter":"1","type":"eighth","staff":"2"},{"noteName":"A#3","duration":461.5,"voice":"5","alter":"1","type":"eighth","staff":"2"},{"noteName":"F2","duration":923,"voice":"5","alter":"1","type":"quarter","staff":"2"}]}},{"staff1":{"voice1":[{"noteName":"D#4","duration":2769,"voice":"1","alter":"1","type":"half","dot":true,"staff":"1"}]},"staff2":{"voice5":[{"noteName":"D#2","duration":461.5,"voice":"5","alter":"1","type":"eighth","staff":"2"},{"noteName":"A#2","duration":461.5,"voice":"5","alter":"1","type":"eighth","staff":"2"},{"noteName":"D#3","duration":461.5,"voice":"5","alter":"1","type":"eighth","staff":"2"},{"noteName":"F3","duration":461.5,"voice":"5","alter":"1","type":"eighth","staff":"2"},{"noteName":"F#3","duration":461.5,"voice":"5","alter":"1","type":"eighth","staff":"2"},{"noteName":"A#3","duration":461.5,"voice":"5","alter":"1","type":"eighth","staff":"2"}]}},{"staff1":{"voice1":[{"noteName":"","duration":2769,"voice":"1","rest":true,"staff":"1"}]},"staff2":{"voice5":[{"noteName":"D#2","duration":461.5,"voice":"5","alter":"1","type":"eighth","staff":"2"},{"noteName":"A#2","duration":461.5,"voice":"5","alter":"1","type":"eighth","staff":"2"},{"noteName":"D#3","duration":461.5,"voice":"5","alter":"1","type":"eighth","staff":"2"},{"noteName":"F3","duration":461.5,"voice":"5","alter":"1","type":"eighth","staff":"2"},{"noteName":"F#3","duration":461.5,"voice":"5","alter":"1","type":"eighth","staff":"2"},{"noteName":"A#3","duration":461.5,"voice":"5","alter":"1","type":"eighth","staff":"2"}]}},{"staff1":{"voice1":[{"noteName":"A#4","duration":1846,"voice":"1","alter":"1","type":"half","staff":"1"},{"noteName":"G#4","duration":461.5,"voice":"1","alter":"1","type":"eighth","staff":"1"},{"noteName":"C#5","duration":461.5,"voice":"1","alter":"1","type":"eighth","staff":"1"}]},"staff2":{"voice5":[{"noteName":"F#2","duration":461.5,"voice":"5","alter":"1","type":"eighth","staff":"2"},{"noteName":"C#3","duration":461.5,"voice":"5","alter":"1","type":"eighth","staff":"2"},{"noteName":"F#3","duration":461.5,"voice":"5","alter":"1","type":"eighth","staff":"2"},{"noteName":"C#3","duration":461.5,"voice":"5","alter":"1","type":"eighth","staff":"2"},{"noteName":"F2","duration":923,"voice":"5","alter":"1","type":"quarter","staff":"2"}]}},{"staff1":{"voice1":[{"noteName":"F#4","duration":1846,"voice":"1","alter":"1","type":"half","staff":"1"},{"noteName":"F4","duration":461.5,"voice":"1","alter":"1","type":"eighth","staff":"1"},{"noteName":"A#4","duration":461.5,"voice":"1","alter":"1","type":"eighth","staff":"1"}]},"staff2":{"voice5":[{"noteName":"D#2","duration":461.5,"voice":"5","alter":"1","type":"eighth","staff":"2"},{"noteName":"A#2","duration":461.5,"voice":"5","alter":"1","type":"eighth","staff":"2"},{"noteName":"D#3","duration":461.5,"voice":"5","alter":"1","type":"eighth","staff":"2"},{"noteName":"A#2","duration":461.5,"voice":"5","alter":"1","type":"eighth","staff":"2"},{"noteName":"C#2","duration":923,"voice":"5","alter":"1","type":"quarter","staff":"2"}]}},{"staff1":{"voice1":[{"noteName":"D#4","duration":1846,"voice":"1","alter":"1","type":"half","staff":"1"},{"noteName":"B4","duration":461.5,"voice":"1","type":"eighth","staff":"1"},{"noteName":"A#4","duration":461.5,"voice":"1","alter":"1","type":"eighth","staff":"1"}]},"staff2":{"voice5":[{"noteName":"B1","duration":461.5,"voice":"5","type":"eighth","staff":"2"},{"noteName":"F#2","duration":461.5,"voice":"5","alter":"1","type":"eighth","staff":"2"},{"noteName":"B2","duration":461.5,"voice":"5","type":"eighth","staff":"2"},{"noteName":"F#2","duration":461.5,"voice":"5","alter":"1","type":"eighth","staff":"2"},{"noteName":"B2","duration":923,"voice":"5","type":"quarter","staff":"2"}]}},{"staff1":{"voice1":[{"noteName":"A#4","duration":923,"voice":"1","alter":"1","type":"quarter","staff":"1"},{"noteName":"G#4","duration":1846,"voice":"1","alter":"1","type":"half","staff":"1"}]},"staff2":{"voice5":[{"noteName":"F#3","duration":923,"voice":"5","alter":"1","type":"quarter","staff":"2"},{"noteName":"F3","duration":1846,"voice":"5","alter":"1","type":"half","staff":"2"}]}},{"staff1":{"voice1":[{"noteName":"A#4","duration":1846,"voice":"1","alter":"1","type":"half","staff":"1"},{"noteName":"G#4","duration":461.5,"voice":"1","alter":"1","type":"eighth","staff":"1"},{"noteName":"C#5","duration":461.5,"voice":"1","alter":"1","type":"eighth","staff":"1"}]},"staff2":{"voice5":[{"noteName":"F#2","duration":461.5,"voice":"5","alter":"1","type":"eighth","staff":"2"},{"noteName":"C#3","duration":461.5,"voice":"5","alter":"1","type":"eighth","staff":"2"},{"noteName":"F#3","duration":461.5,"voice":"5","alter":"1","type":"eighth","staff":"2"},{"noteName":"C#3","duration":461.5,"voice":"5","alter":"1","type":"eighth","staff":"2"},{"noteName":"F2","duration":923,"voice":"5","alter":"1","type":"quarter","staff":"2"}]}},{"staff1":{"voice1":[{"noteName":"F#4","duration":1846,"voice":"1","alter":"1","type":"half","staff":"1"},{"noteName":"F4","duration":461.5,"voice":"1","alter":"1","type":"eighth","staff":"1"},{"noteName":"A#4","duration":461.5,"voice":"1","alter":"1","type":"eighth","staff":"1"}]},"staff2":{"voice5":[{"noteName":"D#2","duration":461.5,"voice":"5","alter":"1","type":"eighth","staff":"2"},{"noteName":"A#2","duration":461.5,"voice":"5","alter":"1","type":"eighth","staff":"2"},{"noteName":"D#3","duration":461.5,"voice":"5","alter":"1","type":"eighth","staff":"2"},{"noteName":"A#2","duration":461.5,"voice":"5","alter":"1","type":"eighth","staff":"2"},{"noteName":"C#2","duration":923,"voice":"5","alter":"1","type":"quarter","staff":"2"}]}},{"staff1":{"voice1":[{"noteName":"D#4","duration":1846,"voice":"1","alter":"1","type":"half","staff":"1"},{"noteName":"B4","duration":461.5,"voice":"1","type":"eighth","staff":"1"},{"noteName":"A#4","duration":461.5,"voice":"1","alter":"1","type":"eighth","staff":"1"}]},"staff2":{"voice5":[{"noteName":"B1","duration":461.5,"voice":"5","type":"eighth","staff":"2"},{"noteName":"F#2","duration":461.5,"voice":"5","alter":"1","type":"eighth","staff":"2"},{"noteName":"B2","duration":461.5,"voice":"5","type":"eighth","staff":"2"},{"noteName":"F#3","duration":461.5,"voice":"5","alter":"1","type":"eighth","staff":"2"},{"noteName":"B2","duration":923,"voice":"5","type":"quarter","staff":"2"}]}},{"staff1":{"voice1":[{"noteName":"A#4","duration":923,"voice":"1","alter":"1","type":"quarter","staff":"1"},{"noteName":"G#4","duration":1384.5,"voice":"1","alter":"1","type":"quarter","dot":true,"staff":"1"},{"noteName":"A#4","duration":461.5,"voice":"1","alter":"1","type":"eighth","staff":"1"}]},"staff2":{"voice5":[{"noteName":"F#3","duration":923,"voice":"5","alter":"1","type":"quarter","staff":"2"},{"noteName":"F3","duration":1846,"voice":"5","alter":"1","type":"half","staff":"2"}]}},{"staff1":{"voice1":[{"noteName":"G#4","duration":1846,"voice":"1","alter":"1","type":"half","staff":"1"},{"noteName":"B4","duration":1846,"voice":"1","chord":true,"type":"half","staff":"1"},{"noteName":"B4","duration":461.5,"voice":"1","type":"eighth","staff":"1"},{"noteName":"D#5","duration":461.5,"voice":"1","alter":"1","chord":true,"type":"eighth","staff":"1"},{"noteName":"F#4","duration":461.5,"voice":"1","alter":"1","type":"eighth","staff":"1"},{"noteName":"B4","duration":461.5,"voice":"1","chord":true,"type":"eighth","staff":"1"}]},"staff2":{"voice5":[{"noteName":"G#2","duration":461.5,"voice":"5","alter":"1","type":"eighth","staff":"2"},{"noteName":"D#3","duration":461.5,"voice":"5","alter":"1","type":"eighth","staff":"2"},{"noteName":"G#3","duration":461.5,"voice":"5","alter":"1","type":"eighth","staff":"2"},{"noteName":"A#3","duration":461.5,"voice":"5","alter":"1","type":"eighth","staff":"2"},{"noteName":"B3","duration":461.5,"voice":"5","type":"eighth","staff":"2"},{"noteName":"D#4","duration":461.5,"voice":"5","alter":"1","type":"eighth","staff":"2"}]}},{"staff1":{"voice1":[{"noteName":"A#4","duration":2769,"voice":"1","alter":"1","type":"half","dot":true,"staff":"1"}],"voice2":[{"noteName":"D#4","duration":1846,"voice":"2","alter":"1","type":"half","staff":"1"},{"noteName":"","duration":923,"voice":"2","rest":true,"type":"quarter","staff":"1"}]},"staff2":{"voice5":[{"noteName":"D#2","duration":461.5,"voice":"5","alter":"1","type":"eighth","staff":"2"},{"noteName":"A#2","duration":461.5,"voice":"5","alter":"1","type":"eighth","staff":"2"},{"noteName":"D#3","duration":461.5,"voice":"5","alter":"1","type":"eighth","staff":"2"},{"noteName":"F3","duration":461.5,"voice":"5","alter":"1","type":"eighth","staff":"2"},{"noteName":"F#3","duration":461.5,"voice":"5","alter":"1","type":"eighth","staff":"2"},{"noteName":"A#3","duration":461.5,"voice":"5","alter":"1","type":"eighth","staff":"2"}]}},{"staff1":{"voice1":[{"noteName":"C#5","duration":923,"voice":"1","alter":"1","type":"quarter","staff":"1"},{"noteName":"A#4","duration":923,"voice":"1","alter":"1","type":"quarter","staff":"1"},{"noteName":"G#4","duration":461.5,"voice":"1","alter":"1","type":"eighth","staff":"1"},{"noteName":"F#4","duration":461.5,"voice":"1","alter":"1","type":"eighth","staff":"1"}]},"staff2":{"voice5":[{"noteName":"F#2","duration":461.5,"voice":"5","alter":"1","type":"eighth","staff":"2"},{"noteName":"C#3","duration":461.5,"voice":"5","alter":"1","type":"eighth","staff":"2"},{"noteName":"F#3","duration":461.5,"voice":"5","alter":"1","type":"eighth","staff":"2"},{"noteName":"A#3","duration":461.5,"voice":"5","alter":"1","type":"eighth","staff":"2"},{"noteName":"C#4","duration":461.5,"voice":"5","alter":"1","type":"eighth","staff":"2"},{"noteName":"F#3","duration":461.5,"voice":"5","alter":"1","type":"eighth","staff":"2"}]}},{"staff1":{"voice1":[{"noteName":"G#4","duration":2769,"voice":"1","alter":"1","type":"half","dot":true,"staff":"1"}]},"staff2":{"voice5":[{"noteName":"C#2","duration":461.5,"voice":"5","alter":"1","type":"eighth","staff":"2"},{"noteName":"G#2","duration":461.5,"voice":"5","alter":"1","type":"eighth","staff":"2"},{"noteName":"C#3","duration":461.5,"voice":"5","alter":"1","type":"eighth","staff":"2"},{"noteName":"D#3","duration":461.5,"voice":"5","alter":"1","type":"eighth","staff":"2"},{"noteName":"F3","duration":461.5,"voice":"5","alter":"1","type":"eighth","staff":"2"},{"noteName":"G#3","duration":461.5,"voice":"5","alter":"1","type":"eighth","staff":"2"}]}},{"staff1":{"voice1":[{"noteName":"B4","duration":1846,"voice":"1","type":"half","staff":"1"},{"noteName":"D#5","duration":461.5,"voice":"1","alter":"1","type":"eighth","staff":"1"},{"noteName":"B4","duration":461.5,"voice":"1","type":"eighth","staff":"1"}]},"staff2":{"voice5":[{"noteName":"G#2","duration":461.5,"voice":"5","alter":"1","type":"eighth","staff":"2"},{"noteName":"D#3","duration":461.5,"voice":"5","alter":"1","type":"eighth","staff":"2"},{"noteName":"G#3","duration":461.5,"voice":"5","alter":"1","type":"eighth","staff":"2"},{"noteName":"A#3","duration":461.5,"voice":"5","alter":"1","type":"eighth","staff":"2"},{"noteName":"B3","duration":461.5,"voice":"5","type":"eighth","staff":"2"},{"noteName":"D#4","duration":461.5,"voice":"5","alter":"1","type":"eighth","staff":"2"}]}},{"staff1":{"voice1":[{"noteName":"A#4","duration":2769,"voice":"1","alter":"1","type":"half","dot":true,"staff":"1"}]},"staff2":{"voice5":[{"noteName":"D#2","duration":461.5,"voice":"5","alter":"1","type":"eighth","staff":"2"},{"noteName":"A#2","duration":461.5,"voice":"5","alter":"1","type":"eighth","staff":"2"},{"noteName":"D#3","duration":461.5,"voice":"5","alter":"1","type":"eighth","staff":"2"},{"noteName":"F3","duration":461.5,"voice":"5","alter":"1","type":"eighth","staff":"2"},{"noteName":"F#3","duration":461.5,"voice":"5","alter":"1","type":"eighth","staff":"2"},{"noteName":"A#3","duration":461.5,"voice":"5","alter":"1","type":"eighth","staff":"2"}]}},{"staff1":{"voice1":[{"noteName":"C#4","duration":461.5,"voice":"1","alter":"1","type":"eighth","staff":"1"},{"noteName":"A#4","duration":461.5,"voice":"1","alter":"1","chord":true,"type":"eighth","staff":"1"},{"noteName":"C#5","duration":461.5,"voice":"1","alter":"1","type":"eighth","staff":"1"},{"noteName":"A#4","duration":461.5,"voice":"1","alter":"1","type":"eighth","staff":"1"},{"noteName":"F#4","duration":461.5,"voice":"1","alter":"1","type":"eighth","staff":"1"},{"noteName":"G#4","duration":461.5,"voice":"1","alter":"1","type":"eighth","staff":"1"},{"noteName":"F4","duration":461.5,"voice":"1","alter":"1","type":"eighth","staff":"1"}]},"staff2":{"voice5":[{"noteName":"C#3","duration":923,"voice":"5","alter":"1","type":"quarter","staff":"2"},{"noteName":"C#4","duration":923,"voice":"5","alter":"1","chord":true,"type":"quarter","staff":"2"},{"noteName":"F#3","duration":923,"voice":"5","alter":"1","type":"quarter","staff":"2"},{"noteName":"C#3","duration":923,"voice":"5","alter":"1","type":"quarter","staff":"2"}]}},{"staff1":{"voice1":[{"noteName":"D#4","duration":2769,"voice":"1","alter":"1","type":"half","dot":true,"staff":"1"}]},"staff2":{"voice5":[{"noteName":"B2","duration":461.5,"voice":"5","type":"eighth","staff":"2"},{"noteName":"F#3","duration":461.5,"voice":"5","alter":"1","type":"eighth","staff":"2"},{"noteName":"B3","duration":461.5,"voice":"5","type":"eighth","staff":"2"},{"noteName":"F#3","duration":461.5,"voice":"5","alter":"1","type":"eighth","staff":"2"},{"noteName":"D#3","duration":461.5,"voice":"5","alter":"1","type":"eighth","staff":"2"},{"noteName":"B2","duration":461.5,"voice":"5","type":"eighth","staff":"2"}]}},{"staff1":{"voice1":[{"noteName":"C#4","duration":461.5,"voice":"1","alter":"1","type":"eighth","staff":"1"},{"noteName":"A#4","duration":461.5,"voice":"1","alter":"1","chord":true,"type":"eighth","staff":"1"},{"noteName":"C#5","duration":461.5,"voice":"1","alter":"1","type":"eighth","staff":"1"},{"noteName":"A#4","duration":461.5,"voice":"1","alter":"1","type":"eighth","staff":"1"},{"noteName":"F#4","duration":461.5,"voice":"1","alter":"1","type":"eighth","staff":"1"},{"noteName":"G#4","duration":461.5,"voice":"1","alter":"1","type":"eighth","staff":"1"},{"noteName":"F4","duration":461.5,"voice":"1","alter":"1","type":"eighth","staff":"1"}]},"staff2":{"voice5":[{"noteName":"C#3","duration":923,"voice":"5","alter":"1","type":"quarter","staff":"2"},{"noteName":"C#4","duration":923,"voice":"5","alter":"1","chord":true,"type":"quarter","staff":"2"},{"noteName":"F#3","duration":923,"voice":"5","alter":"1","type":"quarter","staff":"2"},{"noteName":"","duration":923,"voice":"5","rest":true,"type":"quarter","staff":"2"}]}},{"staff1":{"voice1":[{"noteName":"D#4","duration":2769,"voice":"1","alter":"1","tie":"start","type":"half","dot":true,"staff":"1"}]},"staff2":{"voice5":[{"noteName":"D#2","duration":461.5,"voice":"5","alter":"1","type":"eighth","staff":"2"},{"noteName":"A#2","duration":461.5,"voice":"5","alter":"1","type":"eighth","staff":"2"},{"noteName":"D#3","duration":461.5,"voice":"5","alter":"1","type":"eighth","staff":"2"},{"noteName":"F3","duration":461.5,"voice":"5","alter":"1","type":"eighth","staff":"2"},{"noteName":"F#3","duration":461.5,"voice":"5","alter":"1","type":"eighth","staff":"2"},{"noteName":"A#3","duration":461.5,"voice":"5","alter":"1","type":"eighth","staff":"2"}]}},{"staff1":{"voice1":[{"noteName":"D#4","duration":2769,"voice":"1","alter":"1","tie":"stop","type":"half","dot":true,"staff":"1"}]},"staff2":{"voice5":[{"noteName":"D#2","duration":461.5,"voice":"5","alter":"1","type":"eighth","staff":"2"},{"noteName":"A#2","duration":461.5,"voice":"5","alter":"1","type":"eighth","staff":"2"},{"noteName":"D#3","duration":461.5,"voice":"5","alter":"1","type":"eighth","staff":"2"},{"noteName":"F3","duration":461.5,"voice":"5","alter":"1","type":"eighth","staff":"2"},{"noteName":"F#3","duration":461.5,"voice":"5","alter":"1","type":"eighth","staff":"2"},{"noteName":"A#3","duration":461.5,"voice":"5","alter":"1","type":"eighth","staff":"2"}]}},{"staff1":{"voice1":[{"noteName":"A#4","duration":923,"voice":"1","alter":"1","type":"quarter","staff":"1"},{"noteName":"C#5","duration":923,"voice":"1","alter":"1","type":"quarter","staff":"1"},{"noteName":"F5","duration":923,"voice":"1","alter":"1","type":"quarter","staff":"1"}]},"staff2":{"voice5":[{"noteName":"A#2","duration":461.5,"voice":"5","alter":"1","type":"eighth","staff":"2"},{"noteName":"F3","duration":461.5,"voice":"5","alter":"1","type":"eighth","staff":"2"},{"noteName":"A#3","duration":461.5,"voice":"5","alter":"1","type":"eighth","staff":"2"},{"noteName":"C#4","duration":461.5,"voice":"5","alter":"1","type":"eighth","staff":"2"},{"noteName":"F4","duration":461.5,"voice":"5","alter":"1","type":"eighth","staff":"2"},{"noteName":"C#4","duration":461.5,"voice":"5","alter":"1","type":"eighth","staff":"2"}]}},{"staff1":{"voice1":[{"noteName":"D#5","duration":2769,"voice":"1","alter":"1","type":"half","dot":true,"staff":"1"}]},"staff2":{"voice5":[{"noteName":"D#2","duration":461.5,"voice":"5","alter":"1","type":"eighth","staff":"2"},{"noteName":"A#2","duration":461.5,"voice":"5","alter":"1","type":"eighth","staff":"2"},{"noteName":"D#3","duration":461.5,"voice":"5","alter":"1","type":"eighth","staff":"2"},{"noteName":"F3","duration":461.5,"voice":"5","alter":"1","type":"eighth","staff":"2"},{"noteName":"F#3","duration":461.5,"voice":"5","alter":"1","type":"eighth","staff":"2"},{"noteName":"A#3","duration":461.5,"voice":"5","alter":"1","type":"eighth","staff":"2"}]}},{"staff1":{"voice1":[{"noteName":"A#4","duration":923,"voice":"1","alter":"1","type":"quarter","staff":"1"},{"noteName":"C#5","duration":923,"voice":"1","alter":"1","type":"quarter","staff":"1"},{"noteName":"F5","duration":923,"voice":"1","alter":"1","type":"quarter","staff":"1"}]},"staff2":{"voice5":[{"noteName":"A#2","duration":461.5,"voice":"5","alter":"1","type":"eighth","staff":"2"},{"noteName":"F3","duration":461.5,"voice":"5","alter":"1","type":"eighth","staff":"2"},{"noteName":"A#3","duration":461.5,"voice":"5","alter":"1","type":"eighth","staff":"2"},{"noteName":"C#4","duration":461.5,"voice":"5","alter":"1","type":"eighth","staff":"2"},{"noteName":"F4","duration":461.5,"voice":"5","alter":"1","type":"eighth","staff":"2"},{"noteName":"C#4","duration":461.5,"voice":"5","alter":"1","type":"eighth","staff":"2"}]}},{"staff1":{"voice1":[{"noteName":"D#5","duration":2769,"voice":"1","alter":"1","type":"half","dot":true,"staff":"1"}]},"staff2":{"voice5":[{"noteName":"D#2","duration":461.5,"voice":"5","alter":"1","type":"eighth","staff":"2"},{"noteName":"A#2","duration":461.5,"voice":"5","alter":"1","type":"eighth","staff":"2"},{"noteName":"D#3","duration":461.5,"voice":"5","alter":"1","type":"eighth","staff":"2"},{"noteName":"F3","duration":461.5,"voice":"5","alter":"1","type":"eighth","staff":"2"},{"noteName":"F#3","duration":461.5,"voice":"5","alter":"1","type":"eighth","staff":"2"},{"noteName":"A#3","duration":461.5,"voice":"5","alter":"1","type":"eighth","staff":"2"}]}},{"staff1":{"voice1":[{"noteName":"D#5","duration":923,"voice":"1","alter":"1","type":"quarter","staff":"1"},{"noteName":"F5","duration":923,"voice":"1","alter":"1","type":"quarter","staff":"1"},{"noteName":"F#4","duration":923,"voice":"1","alter":"1","type":"quarter","staff":"1"},{"noteName":"F#5","duration":923,"voice":"1","alter":"1","chord":true,"type":"quarter","staff":"1"}]},"staff2":{"voice5":[{"noteName":"B2","duration":461.5,"voice":"5","type":"eighth","staff":"2"},{"noteName":"F#3","duration":461.5,"voice":"5","alter":"1","type":"eighth","staff":"2"},{"noteName":"B3","duration":461.5,"voice":"5","type":"eighth","staff":"2"},{"noteName":"D#4","duration":923,"voice":"5","alter":"1","type":"quarter","staff":"2"},{"noteName":"D#4","duration":461.5,"voice":"5","alter":"1","type":"eighth","staff":"2"}]}},{"staff1":{"voice1":[{"noteName":"C#5","duration":923,"voice":"1","alter":"1","type":"quarter","staff":"1"},{"noteName":"A#4","duration":1384.5,"voice":"1","alter":"1","type":"quarter","dot":true,"staff":"1"},{"noteName":"F#4","duration":461.5,"voice":"1","alter":"1","type":"eighth","staff":"1"}]},"staff2":{"voice5":[{"noteName":"F#2","duration":461.5,"voice":"5","alter":"1","type":"eighth","staff":"2"},{"noteName":"C#3","duration":461.5,"voice":"5","alter":"1","type":"eighth","staff":"2"},{"noteName":"F#3","duration":461.5,"voice":"5","alter":"1","type":"eighth","staff":"2"},{"noteName":"A#3","duration":461.5,"voice":"5","alter":"1","type":"eighth","staff":"2"},{"noteName":"C#4","duration":461.5,"voice":"5","alter":"1","type":"eighth","staff":"2"},{"noteName":"A#3","duration":461.5,"voice":"5","alter":"1","type":"eighth","staff":"2"}]}},{"staff1":{"voice1":[{"noteName":"B4","duration":923,"voice":"1","type":"quarter","staff":"1"},{"noteName":"A#4","duration":923,"voice":"1","alter":"1","type":"quarter","staff":"1"},{"noteName":"F#4","duration":923,"voice":"1","alter":"1","type":"quarter","staff":"1"}]},"staff2":{"voice5":[{"noteName":"G#2","duration":461.5,"voice":"5","alter":"1","type":"eighth","staff":"2"},{"noteName":"D#3","duration":461.5,"voice":"5","alter":"1","type":"eighth","staff":"2"},{"noteName":"F#3","duration":461.5,"voice":"5","alter":"1","type":"eighth","staff":"2"},{"noteName":"D#3","duration":461.5,"voice":"5","alter":"1","type":"eighth","staff":"2"},{"noteName":"A#3","duration":461.5,"voice":"5","alter":"1","type":"eighth","staff":"2"},{"noteName":"D#3","duration":461.5,"voice":"5","alter":"1","type":"eighth","staff":"2"}]}},{"staff1":{"voice1":[{"noteName":"G#4","duration":2769,"voice":"1","alter":"1","type":"half","dot":true,"staff":"1"}]},"staff2":{"voice5":[{"noteName":"C#3","duration":461.5,"voice":"5","alter":"1","type":"eighth","staff":"2"},{"noteName":"F3","duration":461.5,"voice":"5","alter":"1","type":"eighth","staff":"2"},{"noteName":"F#3","duration":461.5,"voice":"5","alter":"1","type":"eighth","staff":"2"},{"noteName":"G#3","duration":461.5,"voice":"5","alter":"1","type":"eighth","staff":"2"},{"noteName":"F#3","duration":461.5,"voice":"5","alter":"1","type":"eighth","staff":"2"},{"noteName":"F3","duration":461.5,"voice":"5","alter":"1","type":"eighth","staff":"2"}]}},{"staff1":{"voice1":[{"noteName":"C#4","duration":923,"voice":"1","alter":"1","type":"quarter","staff":"1"},{"noteName":"A#4","duration":923,"voice":"1","alter":"1","chord":true,"type":"quarter","staff":"1"},{"noteName":"F4","duration":923,"voice":"1","alter":"1","type":"quarter","staff":"1"},{"noteName":"C#5","duration":923,"voice":"1","alter":"1","chord":true,"type":"quarter","staff":"1"},{"noteName":"G#4","duration":923,"voice":"1","alter":"1","type":"quarter","staff":"1"},{"noteName":"F5","duration":923,"voice":"1","alter":"1","chord":true,"type":"quarter","staff":"1"}]},"staff2":{"voice5":[{"noteName":"A#2","duration":461.5,"voice":"5","alter":"1","type":"eighth","staff":"2"},{"noteName":"F3","duration":461.5,"voice":"5","alter":"1","type":"eighth","staff":"2"},{"noteName":"A#3","duration":461.5,"voice":"5","alter":"1","type":"eighth","staff":"2"},{"noteName":"C#4","duration":461.5,"voice":"5","alter":"1","type":"eighth","staff":"2"},{"noteName":"F4","duration":461.5,"voice":"5","alter":"1","type":"eighth","staff":"2"},{"noteName":"C#4","duration":461.5,"voice":"5","alter":"1","type":"eighth","staff":"2"}]}},{"staff1":{"voice1":[{"noteName":"D#5","duration":2769,"voice":"1","alter":"1","type":"half","dot":true,"staff":"1"}],"voice2":[{"noteName":"F#4","duration":1846,"voice":"2","alter":"1","type":"half","staff":"1"},{"noteName":"A#4","duration":1846,"voice":"2","alter":"1","chord":true,"type":"half","staff":"1"},{"noteName":"","duration":923,"voice":"2","rest":true,"type":"quarter","staff":"1"}]},"staff2":{"voice5":[{"noteName":"D#2","duration":461.5,"voice":"5","alter":"1","type":"eighth","staff":"2"},{"noteName":"A#2","duration":461.5,"voice":"5","alter":"1","type":"eighth","staff":"2"},{"noteName":"D#3","duration":461.5,"voice":"5","alter":"1","type":"eighth","staff":"2"},{"noteName":"F3","duration":461.5,"voice":"5","alter":"1","type":"eighth","staff":"2"},{"noteName":"F#3","duration":461.5,"voice":"5","alter":"1","type":"eighth","staff":"2"},{"noteName":"A#3","duration":461.5,"voice":"5","alter":"1","type":"eighth","staff":"2"}]}},{"staff1":{"voice1":[{"noteName":"C#4","duration":923,"voice":"1","alter":"1","type":"quarter","staff":"1"},{"noteName":"A#4","duration":923,"voice":"1","alter":"1","chord":true,"type":"quarter","staff":"1"},{"noteName":"F4","duration":923,"voice":"1","alter":"1","type":"quarter","staff":"1"},{"noteName":"C#5","duration":923,"voice":"1","alter":"1","chord":true,"type":"quarter","staff":"1"},{"noteName":"G#4","duration":923,"voice":"1","alter":"1","type":"quarter","staff":"1"},{"noteName":"F5","duration":923,"voice":"1","alter":"1","chord":true,"type":"quarter","staff":"1"}]},"staff2":{"voice5":[{"noteName":"A#2","duration":461.5,"voice":"5","alter":"1","type":"eighth","staff":"2"},{"noteName":"F3","duration":461.5,"voice":"5","alter":"1","type":"eighth","staff":"2"},{"noteName":"A#3","duration":461.5,"voice":"5","alter":"1","type":"eighth","staff":"2"},{"noteName":"C#4","duration":461.5,"voice":"5","alter":"1","type":"eighth","staff":"2"},{"noteName":"F4","duration":461.5,"voice":"5","alter":"1","type":"eighth","staff":"2"},{"noteName":"C#4","duration":461.5,"voice":"5","alter":"1","type":"eighth","staff":"2"}]}},{"staff1":{"voice1":[{"noteName":"D#5","duration":2769,"voice":"1","alter":"1","type":"half","dot":true,"staff":"1"}],"voice2":[{"noteName":"F#4","duration":1846,"voice":"2","alter":"1","type":"half","staff":"1"},{"noteName":"A#4","duration":1846,"voice":"2","alter":"1","chord":true,"type":"half","staff":"1"},{"noteName":"","duration":923,"voice":"2","rest":true,"type":"quarter","staff":"1"}]},"staff2":{"voice5":[{"noteName":"D#2","duration":461.5,"voice":"5","alter":"1","type":"eighth","staff":"2"},{"noteName":"A#2","duration":461.5,"voice":"5","alter":"1","type":"eighth","staff":"2"},{"noteName":"D#3","duration":461.5,"voice":"5","alter":"1","type":"eighth","staff":"2"},{"noteName":"F3","duration":461.5,"voice":"5","alter":"1","type":"eighth","staff":"2"},{"noteName":"F#3","duration":461.5,"voice":"5","alter":"1","type":"eighth","staff":"2"},{"noteName":"A#3","duration":461.5,"voice":"5","alter":"1","type":"eighth","staff":"2"}]}},{"staff1":{"voice1":[{"noteName":"F#4","duration":923,"voice":"1","alter":"1","type":"quarter","staff":"1"},{"noteName":"D#5","duration":923,"voice":"1","alter":"1","chord":true,"type":"quarter","staff":"1"},{"noteName":"G#4","duration":923,"voice":"1","alter":"1","type":"quarter","staff":"1"},{"noteName":"F5","duration":923,"voice":"1","alter":"1","chord":true,"type":"quarter","staff":"1"},{"noteName":"A#4","duration":923,"voice":"1","alter":"1","type":"quarter","staff":"1"},{"noteName":"F#5","duration":923,"voice":"1","alter":"1","chord":true,"type":"quarter","staff":"1"}]},"staff2":{"voice5":[{"noteName":"B2","duration":461.5,"voice":"5","type":"eighth","staff":"2"},{"noteName":"F#3","duration":461.5,"voice":"5","alter":"1","type":"eighth","staff":"2"},{"noteName":"B3","duration":461.5,"voice":"5","type":"eighth","staff":"2"},{"noteName":"D#4","duration":461.5,"voice":"5","alter":"1","type":"eighth","staff":"2"},{"noteName":"F#4","duration":461.5,"voice":"5","alter":"1","type":"eighth","staff":"2"},{"noteName":"D#4","duration":461.5,"voice":"5","alter":"1","type":"eighth","staff":"2"}]}},{"staff1":{"voice1":[{"noteName":"F#4","duration":923,"voice":"1","alter":"1","type":"quarter","staff":"1"},{"noteName":"C#5","duration":923,"voice":"1","alter":"1","chord":true,"type":"quarter","staff":"1"},{"noteName":"C#4","duration":1384.5,"voice":"1","alter":"1","type":"quarter","dot":true,"staff":"1"},{"noteName":"F#4","duration":1384.5,"voice":"1","alter":"1","chord":true,"type":"quarter","dot":true,"staff":"1"},{"noteName":"A#4","duration":1384.5,"voice":"1","alter":"1","chord":true,"type":"quarter","dot":true,"staff":"1"},{"noteName":"F#4","duration":461.5,"voice":"1","alter":"1","type":"eighth","staff":"1"}]},"staff2":{"voice5":[{"noteName":"F#2","duration":461.5,"voice":"5","alter":"1","type":"eighth","staff":"2"},{"noteName":"C#3","duration":461.5,"voice":"5","alter":"1","type":"eighth","staff":"2"},{"noteName":"F#3","duration":461.5,"voice":"5","alter":"1","type":"eighth","staff":"2"},{"noteName":"A#3","duration":461.5,"voice":"5","alter":"1","type":"eighth","staff":"2"},{"noteName":"C#4","duration":461.5,"voice":"5","alter":"1","type":"eighth","staff":"2"},{"noteName":"A#2","duration":461.5,"voice":"5","alter":"1","type":"eighth","staff":"2"}]}},{"staff1":{"voice1":[{"noteName":"G#4","duration":923,"voice":"1","alter":"1","type":"quarter","staff":"1"},{"noteName":"B4","duration":923,"voice":"1","chord":true,"type":"quarter","staff":"1"},{"noteName":"F#4","duration":923,"voice":"1","alter":"1","type":"quarter","staff":"1"},{"noteName":"A#4","duration":923,"voice":"1","alter":"1","chord":true,"type":"quarter","staff":"1"},{"noteName":"D#4","duration":923,"voice":"1","alter":"1","type":"quarter","staff":"1"},{"noteName":"F#4","duration":923,"voice":"1","alter":"1","chord":true,"type":"quarter","staff":"1"}]},"staff2":{"voice5":[{"noteName":"G#2","duration":461.5,"voice":"5","alter":"1","type":"eighth","staff":"2"},{"noteName":"D#3","duration":461.5,"voice":"5","alter":"1","type":"eighth","staff":"2"},{"noteName":"F#3","duration":461.5,"voice":"5","alter":"1","type":"eighth","staff":"2"},{"noteName":"D#3","duration":461.5,"voice":"5","alter":"1","type":"eighth","staff":"2"},{"noteName":"A#3","duration":461.5,"voice":"5","alter":"1","type":"eighth","staff":"2"},{"noteName":"D#3","duration":461.5,"voice":"5","alter":"1","type":"eighth","staff":"2"}]}},{"staff1":{"voice1":[{"noteName":"F4","duration":923,"voice":"1","alter":"1","type":"quarter","staff":"1"},{"noteName":"G#4","duration":923,"voice":"1","alter":"1","chord":true,"type":"quarter","staff":"1"},{"noteName":"D#4","duration":923,"voice":"1","alter":"1","type":"quarter","staff":"1"},{"noteName":"F#4","duration":923,"voice":"1","alter":"1","chord":true,"type":"quarter","staff":"1"},{"noteName":"F4","duration":923,"voice":"1","alter":"1","type":"quarter","staff":"1"}]},"staff2":{"voice5":[{"noteName":"C#3","duration":461.5,"voice":"5","alter":"1","type":"eighth","staff":"2"},{"noteName":"F3","duration":461.5,"voice":"5","alter":"1","type":"eighth","staff":"2"},{"noteName":"F#3","duration":461.5,"voice":"5","alter":"1","type":"eighth","staff":"2"},{"noteName":"G#3","duration":923,"voice":"5","alter":"1","type":"quarter","staff":"2"},{"noteName":"C#3","duration":461.5,"voice":"5","alter":"1","type":"eighth","staff":"2"}]}},{"staff1":{"voice1":[{"noteName":"F#4","duration":2769,"voice":"1","alter":"1","tie":"start","type":"half","dot":true,"staff":"1"}]},"staff2":{"voice5":[{"noteName":"F#2","duration":461.5,"voice":"5","alter":"1","type":"eighth","staff":"2"},{"noteName":"C#3","duration":461.5,"voice":"5","alter":"1","type":"eighth","staff":"2"},{"noteName":"F#3","duration":461.5,"voice":"5","alter":"1","type":"eighth","staff":"2"},{"noteName":"G#3","duration":461.5,"voice":"5","alter":"1","type":"eighth","staff":"2"},{"noteName":"A#3","duration":461.5,"voice":"5","alter":"1","type":"eighth","staff":"2"},{"noteName":"C#4","duration":461.5,"voice":"5","alter":"1","type":"eighth","staff":"2"}]}},{"staff1":{"voice1":[{"noteName":"F#4","duration":2769,"voice":"1","alter":"1","tie":"stop","type":"half","dot":true,"staff":"1"}]},"staff2":{"voice5":[{"noteName":"F#2","duration":461.5,"voice":"5","alter":"1","type":"eighth","staff":"2"},{"noteName":"C#3","duration":461.5,"voice":"5","alter":"1","type":"eighth","staff":"2"},{"noteName":"F#3","duration":461.5,"voice":"5","alter":"1","type":"eighth","staff":"2"},{"noteName":"G#3","duration":461.5,"voice":"5","alter":"1","type":"eighth","staff":"2"},{"noteName":"A#3","duration":461.5,"voice":"5","alter":"1","type":"eighth","staff":"2"},{"noteName":"C#4","duration":461.5,"voice":"5","alter":"1","type":"eighth","staff":"2"}]}},{"staff1":{"voice1":[{"noteName":"A#4","duration":1846,"voice":"1","alter":"1","type":"half","staff":"1"},{"noteName":"G#4","duration":461.5,"voice":"1","alter":"1","type":"eighth","staff":"1"},{"noteName":"C#5","duration":461.5,"voice":"1","alter":"1","type":"eighth","staff":"1"}]},"staff2":{"voice5":[{"noteName":"F#2","duration":461.5,"voice":"5","alter":"1","type":"eighth","staff":"2"},{"noteName":"C#3","duration":461.5,"voice":"5","alter":"1","type":"eighth","staff":"2"},{"noteName":"F#3","duration":461.5,"voice":"5","alter":"1","type":"eighth","staff":"2"},{"noteName":"C#3","duration":461.5,"voice":"5","alter":"1","type":"eighth","staff":"2"},{"noteName":"F2","duration":923,"voice":"5","alter":"1","type":"quarter","staff":"2"}]}},{"staff1":{"voice1":[{"noteName":"F#4","duration":1846,"voice":"1","alter":"1","type":"half","staff":"1"},{"noteName":"F4","duration":461.5,"voice":"1","alter":"1","type":"eighth","staff":"1"},{"noteName":"A#4","duration":461.5,"voice":"1","alter":"1","type":"eighth","staff":"1"}]},"staff2":{"voice5":[{"noteName":"D#2","duration":461.5,"voice":"5","alter":"1","type":"eighth","staff":"2"},{"noteName":"A#2","duration":461.5,"voice":"5","alter":"1","type":"eighth","staff":"2"},{"noteName":"D#3","duration":461.5,"voice":"5","alter":"1","type":"eighth","staff":"2"},{"noteName":"A#2","duration":461.5,"voice":"5","alter":"1","type":"eighth","staff":"2"},{"noteName":"C#2","duration":923,"voice":"5","alter":"1","type":"quarter","staff":"2"}]}},{"staff1":{"voice1":[{"noteName":"D#4","duration":1846,"voice":"1","alter":"1","type":"half","staff":"1"},{"noteName":"B4","duration":461.5,"voice":"1","type":"eighth","staff":"1"},{"noteName":"A#4","duration":461.5,"voice":"1","alter":"1","type":"eighth","staff":"1"}]},"staff2":{"voice5":[{"noteName":"B1","duration":461.5,"voice":"5","type":"eighth","staff":"2"},{"noteName":"F#2","duration":461.5,"voice":"5","alter":"1","type":"eighth","staff":"2"},{"noteName":"B2","duration":461.5,"voice":"5","type":"eighth","staff":"2"},{"noteName":"F#2","duration":461.5,"voice":"5","alter":"1","type":"eighth","staff":"2"},{"noteName":"B2","duration":923,"voice":"5","type":"quarter","staff":"2"}]}},{"staff1":{"voice1":[{"noteName":"A#4","duration":923,"voice":"1","alter":"1","type":"quarter","staff":"1"},{"noteName":"G#4","duration":1846,"voice":"1","alter":"1","type":"half","staff":"1"}]},"staff2":{"voice5":[{"noteName":"F#3","duration":923,"voice":"5","alter":"1","type":"quarter","staff":"2"},{"noteName":"F3","duration":1846,"voice":"5","alter":"1","type":"half","staff":"2"}]}},{"staff1":{"voice1":[{"noteName":"A#4","duration":1846,"voice":"1","alter":"1","type":"half","staff":"1"},{"noteName":"G#4","duration":461.5,"voice":"1","alter":"1","type":"eighth","staff":"1"},{"noteName":"C#5","duration":461.5,"voice":"1","alter":"1","type":"eighth","staff":"1"}]},"staff2":{"voice5":[{"noteName":"F#2","duration":461.5,"voice":"5","alter":"1","type":"eighth","staff":"2"},{"noteName":"C#3","duration":461.5,"voice":"5","alter":"1","type":"eighth","staff":"2"},{"noteName":"F#3","duration":461.5,"voice":"5","alter":"1","type":"eighth","staff":"2"},{"noteName":"C#3","duration":461.5,"voice":"5","alter":"1","type":"eighth","staff":"2"},{"noteName":"F2","duration":923,"voice":"5","alter":"1","type":"quarter","staff":"2"}]}},{"staff1":{"voice1":[{"noteName":"F#4","duration":1846,"voice":"1","alter":"1","type":"half","staff":"1"},{"noteName":"F4","duration":461.5,"voice":"1","alter":"1","type":"eighth","staff":"1"},{"noteName":"A#4","duration":461.5,"voice":"1","alter":"1","type":"eighth","staff":"1"}]},"staff2":{"voice5":[{"noteName":"D#2","duration":461.5,"voice":"5","alter":"1","type":"eighth","staff":"2"},{"noteName":"A#2","duration":461.5,"voice":"5","alter":"1","type":"eighth","staff":"2"},{"noteName":"D#3","duration":461.5,"voice":"5","alter":"1","type":"eighth","staff":"2"},{"noteName":"A#2","duration":461.5,"voice":"5","alter":"1","type":"eighth","staff":"2"},{"noteName":"C#2","duration":923,"voice":"5","alter":"1","type":"quarter","staff":"2"}]}},{"staff1":{"voice1":[{"noteName":"D#4","duration":1846,"voice":"1","alter":"1","type":"half","staff":"1"},{"noteName":"B4","duration":461.5,"voice":"1","type":"eighth","staff":"1"},{"noteName":"A#4","duration":461.5,"voice":"1","alter":"1","type":"eighth","staff":"1"}]},"staff2":{"voice5":[{"noteName":"B1","duration":461.5,"voice":"5","type":"eighth","staff":"2"},{"noteName":"F#2","duration":461.5,"voice":"5","alter":"1","type":"eighth","staff":"2"},{"noteName":"B2","duration":461.5,"voice":"5","type":"eighth","staff":"2"},{"noteName":"F#3","duration":461.5,"voice":"5","alter":"1","type":"eighth","staff":"2"},{"noteName":"B2","duration":923,"voice":"5","type":"quarter","staff":"2"}]}},{"staff1":{"voice1":[{"noteName":"A#4","duration":923,"voice":"1","alter":"1","type":"quarter","staff":"1"},{"noteName":"G#4","duration":1384.5,"voice":"1","alter":"1","type":"quarter","dot":true,"staff":"1"},{"noteName":"A#4","duration":461.5,"voice":"1","alter":"1","type":"eighth","staff":"1"}]},"staff2":{"voice5":[{"noteName":"F#3","duration":923,"voice":"5","alter":"1","type":"quarter","staff":"2"},{"noteName":"F3","duration":1846,"voice":"5","alter":"1","type":"half","staff":"2"}]}},{"staff1":{"voice1":[{"noteName":"G#4","duration":1846,"voice":"1","alter":"1","type":"half","staff":"1"},{"noteName":"B4","duration":1846,"voice":"1","chord":true,"type":"half","staff":"1"},{"noteName":"B4","duration":461.5,"voice":"1","type":"eighth","staff":"1"},{"noteName":"D#5","duration":461.5,"voice":"1","alter":"1","chord":true,"type":"eighth","staff":"1"},{"noteName":"F#4","duration":461.5,"voice":"1","alter":"1","type":"eighth","staff":"1"},{"noteName":"B4","duration":461.5,"voice":"1","chord":true,"type":"eighth","staff":"1"}]},"staff2":{"voice5":[{"noteName":"G#2","duration":461.5,"voice":"5","alter":"1","type":"eighth","staff":"2"},{"noteName":"D#3","duration":461.5,"voice":"5","alter":"1","type":"eighth","staff":"2"},{"noteName":"G#3","duration":461.5,"voice":"5","alter":"1","type":"eighth","staff":"2"},{"noteName":"A#3","duration":461.5,"voice":"5","alter":"1","type":"eighth","staff":"2"},{"noteName":"B3","duration":461.5,"voice":"5","type":"eighth","staff":"2"},{"noteName":"D#4","duration":461.5,"voice":"5","alter":"1","type":"eighth","staff":"2"}]}},{"staff1":{"voice1":[{"noteName":"A#4","duration":2769,"voice":"1","alter":"1","type":"half","dot":true,"staff":"1"}],"voice2":[{"noteName":"D#4","duration":1846,"voice":"2","alter":"1","type":"half","staff":"1"},{"noteName":"","duration":923,"voice":"2","rest":true,"type":"quarter","staff":"1"}]},"staff2":{"voice5":[{"noteName":"D#2","duration":461.5,"voice":"5","alter":"1","type":"eighth","staff":"2"},{"noteName":"A#2","duration":461.5,"voice":"5","alter":"1","type":"eighth","staff":"2"},{"noteName":"D#3","duration":461.5,"voice":"5","alter":"1","type":"eighth","staff":"2"},{"noteName":"F3","duration":461.5,"voice":"5","alter":"1","type":"eighth","staff":"2"},{"noteName":"F#3","duration":461.5,"voice":"5","alter":"1","type":"eighth","staff":"2"},{"noteName":"A#3","duration":461.5,"voice":"5","alter":"1","type":"eighth","staff":"2"}]}},{"staff1":{"voice1":[{"noteName":"C#5","duration":923,"voice":"1","alter":"1","type":"quarter","staff":"1"},{"noteName":"A#4","duration":923,"voice":"1","alter":"1","type":"quarter","staff":"1"},{"noteName":"G#4","duration":461.5,"voice":"1","alter":"1","type":"eighth","staff":"1"},{"noteName":"F#4","duration":461.5,"voice":"1","alter":"1","type":"eighth","staff":"1"}]},"staff2":{"voice5":[{"noteName":"F#2","duration":461.5,"voice":"5","alter":"1","type":"eighth","staff":"2"},{"noteName":"C#3","duration":461.5,"voice":"5","alter":"1","type":"eighth","staff":"2"},{"noteName":"F#3","duration":461.5,"voice":"5","alter":"1","type":"eighth","staff":"2"},{"noteName":"A#3","duration":461.5,"voice":"5","alter":"1","type":"eighth","staff":"2"},{"noteName":"C#4","duration":461.5,"voice":"5","alter":"1","type":"eighth","staff":"2"},{"noteName":"F#3","duration":461.5,"voice":"5","alter":"1","type":"eighth","staff":"2"}]}},{"staff1":{"voice1":[{"noteName":"G#4","duration":2769,"voice":"1","alter":"1","type":"half","dot":true,"staff":"1"}]},"staff2":{"voice5":[{"noteName":"C#2","duration":461.5,"voice":"5","alter":"1","type":"eighth","staff":"2"},{"noteName":"G#2","duration":461.5,"voice":"5","alter":"1","type":"eighth","staff":"2"},{"noteName":"C#3","duration":461.5,"voice":"5","alter":"1","type":"eighth","staff":"2"},{"noteName":"D#3","duration":461.5,"voice":"5","alter":"1","type":"eighth","staff":"2"},{"noteName":"F3","duration":461.5,"voice":"5","alter":"1","type":"eighth","staff":"2"},{"noteName":"G#3","duration":461.5,"voice":"5","alter":"1","type":"eighth","staff":"2"}]}},{"staff1":{"voice1":[{"noteName":"B4","duration":1846,"voice":"1","type":"half","staff":"1"},{"noteName":"D#5","duration":461.5,"voice":"1","alter":"1","type":"eighth","staff":"1"},{"noteName":"B4","duration":461.5,"voice":"1","type":"eighth","staff":"1"}]},"staff2":{"voice5":[{"noteName":"G#2","duration":461.5,"voice":"5","alter":"1","type":"eighth","staff":"2"},{"noteName":"D#3","duration":461.5,"voice":"5","alter":"1","type":"eighth","staff":"2"},{"noteName":"G#3","duration":461.5,"voice":"5","alter":"1","type":"eighth","staff":"2"},{"noteName":"A#3","duration":461.5,"voice":"5","alter":"1","type":"eighth","staff":"2"},{"noteName":"B3","duration":461.5,"voice":"5","type":"eighth","staff":"2"},{"noteName":"D#4","duration":461.5,"voice":"5","alter":"1","type":"eighth","staff":"2"}]}},{"staff1":{"voice1":[{"noteName":"A#4","duration":2769,"voice":"1","alter":"1","type":"half","dot":true,"staff":"1"}]},"staff2":{"voice5":[{"noteName":"D#2","duration":461.5,"voice":"5","alter":"1","type":"eighth","staff":"2"},{"noteName":"A#2","duration":461.5,"voice":"5","alter":"1","type":"eighth","staff":"2"},{"noteName":"D#3","duration":461.5,"voice":"5","alter":"1","type":"eighth","staff":"2"},{"noteName":"F3","duration":461.5,"voice":"5","alter":"1","type":"eighth","staff":"2"},{"noteName":"F#3","duration":461.5,"voice":"5","alter":"1","type":"eighth","staff":"2"},{"noteName":"A#3","duration":461.5,"voice":"5","alter":"1","type":"eighth","staff":"2"}]}},{"staff1":{"voice1":[{"noteName":"C#4","duration":461.5,"voice":"1","alter":"1","type":"eighth","staff":"1"},{"noteName":"A#4","duration":461.5,"voice":"1","alter":"1","chord":true,"type":"eighth","staff":"1"},{"noteName":"C#5","duration":461.5,"voice":"1","alter":"1","type":"eighth","staff":"1"},{"noteName":"A#4","duration":461.5,"voice":"1","alter":"1","type":"eighth","staff":"1"},{"noteName":"F#4","duration":461.5,"voice":"1","alter":"1","type":"eighth","staff":"1"},{"noteName":"G#4","duration":461.5,"voice":"1","alter":"1","type":"eighth","staff":"1"},{"noteName":"F4","duration":461.5,"voice":"1","alter":"1","type":"eighth","staff":"1"}]},"staff2":{"voice5":[{"noteName":"C#3","duration":923,"voice":"5","alter":"1","type":"quarter","staff":"2"},{"noteName":"C#4","duration":923,"voice":"5","alter":"1","chord":true,"type":"quarter","staff":"2"},{"noteName":"F#3","duration":923,"voice":"5","alter":"1","type":"quarter","staff":"2"},{"noteName":"C#3","duration":923,"voice":"5","alter":"1","type":"quarter","staff":"2"}]}},{"staff1":{"voice1":[{"noteName":"D#4","duration":2769,"voice":"1","alter":"1","type":"half","dot":true,"staff":"1"}]},"staff2":{"voice5":[{"noteName":"B2","duration":461.5,"voice":"5","type":"eighth","staff":"2"},{"noteName":"F#3","duration":461.5,"voice":"5","alter":"1","type":"eighth","staff":"2"},{"noteName":"B3","duration":461.5,"voice":"5","type":"eighth","staff":"2"},{"noteName":"F#3","duration":461.5,"voice":"5","alter":"1","type":"eighth","staff":"2"},{"noteName":"D#3","duration":461.5,"voice":"5","alter":"1","type":"eighth","staff":"2"},{"noteName":"B2","duration":461.5,"voice":"5","type":"eighth","staff":"2"}]}},{"staff1":{"voice1":[{"noteName":"C#4","duration":461.5,"voice":"1","alter":"1","type":"eighth","staff":"1"},{"noteName":"A#4","duration":461.5,"voice":"1","alter":"1","chord":true,"type":"eighth","staff":"1"},{"noteName":"C#5","duration":461.5,"voice":"1","alter":"1","type":"eighth","staff":"1"},{"noteName":"A#4","duration":461.5,"voice":"1","alter":"1","type":"eighth","staff":"1"},{"noteName":"F#4","duration":461.5,"voice":"1","alter":"1","type":"eighth","staff":"1"},{"noteName":"G#4","duration":461.5,"voice":"1","alter":"1","type":"eighth","staff":"1"},{"noteName":"F4","duration":461.5,"voice":"1","alter":"1","type":"eighth","staff":"1"}]},"staff2":{"voice5":[{"noteName":"C#3","duration":923,"voice":"5","alter":"1","type":"quarter","staff":"2"},{"noteName":"C#4","duration":923,"voice":"5","alter":"1","chord":true,"type":"quarter","staff":"2"},{"noteName":"F#3","duration":923,"voice":"5","alter":"1","type":"quarter","staff":"2"},{"noteName":"","duration":923,"voice":"5","rest":true,"type":"quarter","staff":"2"}]}},{"staff1":{"voice1":[{"noteName":"D#4","duration":2769,"voice":"1","alter":"1","tie":"start","type":"half","dot":true,"staff":"1"}]},"staff2":{"voice5":[{"noteName":"D#2","duration":461.5,"voice":"5","alter":"1","type":"eighth","staff":"2"},{"noteName":"A#2","duration":461.5,"voice":"5","alter":"1","type":"eighth","staff":"2"},{"noteName":"D#3","duration":461.5,"voice":"5","alter":"1","type":"eighth","staff":"2"},{"noteName":"F3","duration":461.5,"voice":"5","alter":"1","type":"eighth","staff":"2"},{"noteName":"F#3","duration":461.5,"voice":"5","alter":"1","type":"eighth","staff":"2"},{"noteName":"A#3","duration":461.5,"voice":"5","alter":"1","type":"eighth","staff":"2"}]}},{"staff1":{"voice1":[{"noteName":"D#4","duration":2769,"voice":"1","alter":"1","tie":"stop","type":"half","dot":true,"staff":"1"}]},"staff2":{"voice5":[{"noteName":"D#2","duration":461.5,"voice":"5","alter":"1","type":"eighth","staff":"2"},{"noteName":"A#2","duration":461.5,"voice":"5","alter":"1","type":"eighth","staff":"2"},{"noteName":"D#3","duration":461.5,"voice":"5","alter":"1","type":"eighth","staff":"2"},{"noteName":"F3","duration":461.5,"voice":"5","alter":"1","type":"eighth","staff":"2"},{"noteName":"F#3","duration":461.5,"voice":"5","alter":"1","type":"eighth","staff":"2"},{"noteName":"A#3","duration":461.5,"voice":"5","alter":"1","type":"eighth","staff":"2"}]}},{"staff1":{"voice1":[{"noteName":"A#4","duration":923,"voice":"1","alter":"1","type":"quarter","staff":"1"},{"noteName":"C#5","duration":923,"voice":"1","alter":"1","type":"quarter","staff":"1"},{"noteName":"F5","duration":923,"voice":"1","alter":"1","type":"quarter","staff":"1"}]},"staff2":{"voice5":[{"noteName":"A#2","duration":461.5,"voice":"5","alter":"1","type":"eighth","staff":"2"},{"noteName":"F3","duration":461.5,"voice":"5","alter":"1","type":"eighth","staff":"2"},{"noteName":"A#3","duration":461.5,"voice":"5","alter":"1","type":"eighth","staff":"2"},{"noteName":"C#4","duration":461.5,"voice":"5","alter":"1","type":"eighth","staff":"2"},{"noteName":"F4","duration":461.5,"voice":"5","alter":"1","type":"eighth","staff":"2"},{"noteName":"C#4","duration":461.5,"voice":"5","alter":"1","type":"eighth","staff":"2"}]}},{"staff1":{"voice1":[{"noteName":"D#5","duration":2769,"voice":"1","alter":"1","type":"half","dot":true,"staff":"1"}]},"staff2":{"voice5":[{"noteName":"D#2","duration":461.5,"voice":"5","alter":"1","type":"eighth","staff":"2"},{"noteName":"A#2","duration":461.5,"voice":"5","alter":"1","type":"eighth","staff":"2"},{"noteName":"D#3","duration":461.5,"voice":"5","alter":"1","type":"eighth","staff":"2"},{"noteName":"F3","duration":461.5,"voice":"5","alter":"1","type":"eighth","staff":"2"},{"noteName":"F#3","duration":461.5,"voice":"5","alter":"1","type":"eighth","staff":"2"},{"noteName":"A#3","duration":461.5,"voice":"5","alter":"1","type":"eighth","staff":"2"}]}},{"staff1":{"voice1":[{"noteName":"A#4","duration":923,"voice":"1","alter":"1","type":"quarter","staff":"1"},{"noteName":"C#5","duration":923,"voice":"1","alter":"1","type":"quarter","staff":"1"},{"noteName":"F5","duration":923,"voice":"1","alter":"1","type":"quarter","staff":"1"}]},"staff2":{"voice5":[{"noteName":"A#2","duration":461.5,"voice":"5","alter":"1","type":"eighth","staff":"2"},{"noteName":"F3","duration":461.5,"voice":"5","alter":"1","type":"eighth","staff":"2"},{"noteName":"A#3","duration":461.5,"voice":"5","alter":"1","type":"eighth","staff":"2"},{"noteName":"C#4","duration":461.5,"voice":"5","alter":"1","type":"eighth","staff":"2"},{"noteName":"F4","duration":461.5,"voice":"5","alter":"1","type":"eighth","staff":"2"},{"noteName":"C#4","duration":461.5,"voice":"5","alter":"1","type":"eighth","staff":"2"}]}},{"staff1":{"voice1":[{"noteName":"D#5","duration":2769,"voice":"1","alter":"1","type":"half","dot":true,"staff":"1"}]},"staff2":{"voice5":[{"noteName":"D#2","duration":461.5,"voice":"5","alter":"1","type":"eighth","staff":"2"},{"noteName":"A#2","duration":461.5,"voice":"5","alter":"1","type":"eighth","staff":"2"},{"noteName":"D#3","duration":461.5,"voice":"5","alter":"1","type":"eighth","staff":"2"},{"noteName":"F3","duration":461.5,"voice":"5","alter":"1","type":"eighth","staff":"2"},{"noteName":"F#3","duration":461.5,"voice":"5","alter":"1","type":"eighth","staff":"2"},{"noteName":"A#3","duration":461.5,"voice":"5","alter":"1","type":"eighth","staff":"2"}]}},{"staff1":{"voice1":[{"noteName":"D#5","duration":923,"voice":"1","alter":"1","type":"quarter","staff":"1"},{"noteName":"F5","duration":923,"voice":"1","alter":"1","type":"quarter","staff":"1"},{"noteName":"F#4","duration":923,"voice":"1","alter":"1","type":"quarter","staff":"1"},{"noteName":"F#5","duration":923,"voice":"1","alter":"1","chord":true,"type":"quarter","staff":"1"}]},"staff2":{"voice5":[{"noteName":"B2","duration":461.5,"voice":"5","type":"eighth","staff":"2"},{"noteName":"F#3","duration":461.5,"voice":"5","alter":"1","type":"eighth","staff":"2"},{"noteName":"B3","duration":461.5,"voice":"5","type":"eighth","staff":"2"},{"noteName":"D#4","duration":923,"voice":"5","alter":"1","type":"quarter","staff":"2"},{"noteName":"D#4","duration":461.5,"voice":"5","alter":"1","type":"eighth","staff":"2"}]}},{"staff1":{"voice1":[{"noteName":"C#5","duration":923,"voice":"1","alter":"1","type":"quarter","staff":"1"},{"noteName":"A#4","duration":1384.5,"voice":"1","alter":"1","type":"quarter","dot":true,"staff":"1"},{"noteName":"F#4","duration":461.5,"voice":"1","alter":"1","type":"eighth","staff":"1"}]},"staff2":{"voice5":[{"noteName":"F#2","duration":461.5,"voice":"5","alter":"1","type":"eighth","staff":"2"},{"noteName":"C#3","duration":461.5,"voice":"5","alter":"1","type":"eighth","staff":"2"},{"noteName":"F#3","duration":461.5,"voice":"5","alter":"1","type":"eighth","staff":"2"},{"noteName":"A#3","duration":461.5,"voice":"5","alter":"1","type":"eighth","staff":"2"},{"noteName":"C#4","duration":461.5,"voice":"5","alter":"1","type":"eighth","staff":"2"},{"noteName":"A#3","duration":461.5,"voice":"5","alter":"1","type":"eighth","staff":"2"}]}},{"staff1":{"voice1":[{"noteName":"B4","duration":923,"voice":"1","type":"quarter","staff":"1"},{"noteName":"A#4","duration":923,"voice":"1","alter":"1","type":"quarter","staff":"1"},{"noteName":"F#4","duration":923,"voice":"1","alter":"1","type":"quarter","staff":"1"}]},"staff2":{"voice5":[{"noteName":"G#2","duration":461.5,"voice":"5","alter":"1","type":"eighth","staff":"2"},{"noteName":"D#3","duration":461.5,"voice":"5","alter":"1","type":"eighth","staff":"2"},{"noteName":"F#3","duration":461.5,"voice":"5","alter":"1","type":"eighth","staff":"2"},{"noteName":"D#3","duration":461.5,"voice":"5","alter":"1","type":"eighth","staff":"2"},{"noteName":"A#3","duration":461.5,"voice":"5","alter":"1","type":"eighth","staff":"2"},{"noteName":"D#3","duration":461.5,"voice":"5","alter":"1","type":"eighth","staff":"2"}]}},{"staff1":{"voice1":[{"noteName":"G#4","duration":2769,"voice":"1","alter":"1","type":"half","dot":true,"staff":"1"}]},"staff2":{"voice5":[{"noteName":"C#3","duration":461.5,"voice":"5","alter":"1","type":"eighth","staff":"2"},{"noteName":"F3","duration":461.5,"voice":"5","alter":"1","type":"eighth","staff":"2"},{"noteName":"F#3","duration":461.5,"voice":"5","alter":"1","type":"eighth","staff":"2"},{"noteName":"G#3","duration":461.5,"voice":"5","alter":"1","type":"eighth","staff":"2"},{"noteName":"F#3","duration":461.5,"voice":"5","alter":"1","type":"eighth","staff":"2"},{"noteName":"F3","duration":461.5,"voice":"5","alter":"1","type":"eighth","staff":"2"}]}},{"staff1":{"voice1":[{"noteName":"C#4","duration":923,"voice":"1","alter":"1","type":"quarter","staff":"1"},{"noteName":"A#4","duration":923,"voice":"1","alter":"1","chord":true,"type":"quarter","staff":"1"},{"noteName":"F4","duration":923,"voice":"1","alter":"1","type":"quarter","staff":"1"},{"noteName":"C#5","duration":923,"voice":"1","alter":"1","chord":true,"type":"quarter","staff":"1"},{"noteName":"G#4","duration":923,"voice":"1","alter":"1","type":"quarter","staff":"1"},{"noteName":"F5","duration":923,"voice":"1","alter":"1","chord":true,"type":"quarter","staff":"1"}]},"staff2":{"voice5":[{"noteName":"A#2","duration":461.5,"voice":"5","alter":"1","type":"eighth","staff":"2"},{"noteName":"F3","duration":461.5,"voice":"5","alter":"1","type":"eighth","staff":"2"},{"noteName":"A#3","duration":461.5,"voice":"5","alter":"1","type":"eighth","staff":"2"},{"noteName":"C#4","duration":461.5,"voice":"5","alter":"1","type":"eighth","staff":"2"},{"noteName":"F4","duration":461.5,"voice":"5","alter":"1","type":"eighth","staff":"2"},{"noteName":"C#4","duration":461.5,"voice":"5","alter":"1","type":"eighth","staff":"2"}]}},{"staff1":{"voice1":[{"noteName":"D#5","duration":2769,"voice":"1","alter":"1","type":"half","dot":true,"staff":"1"}],"voice2":[{"noteName":"F#4","duration":1846,"voice":"2","alter":"1","type":"half","staff":"1"},{"noteName":"A#4","duration":1846,"voice":"2","alter":"1","chord":true,"type":"half","staff":"1"},{"noteName":"","duration":923,"voice":"2","rest":true,"type":"quarter","staff":"1"}]},"staff2":{"voice5":[{"noteName":"D#2","duration":461.5,"voice":"5","alter":"1","type":"eighth","staff":"2"},{"noteName":"A#2","duration":461.5,"voice":"5","alter":"1","type":"eighth","staff":"2"},{"noteName":"D#3","duration":461.5,"voice":"5","alter":"1","type":"eighth","staff":"2"},{"noteName":"F3","duration":461.5,"voice":"5","alter":"1","type":"eighth","staff":"2"},{"noteName":"F#3","duration":461.5,"voice":"5","alter":"1","type":"eighth","staff":"2"},{"noteName":"A#3","duration":461.5,"voice":"5","alter":"1","type":"eighth","staff":"2"}]}},{"staff1":{"voice1":[{"noteName":"C#4","duration":923,"voice":"1","alter":"1","type":"quarter","staff":"1"},{"noteName":"A#4","duration":923,"voice":"1","alter":"1","chord":true,"type":"quarter","staff":"1"},{"noteName":"F4","duration":923,"voice":"1","alter":"1","type":"quarter","staff":"1"},{"noteName":"C#5","duration":923,"voice":"1","alter":"1","chord":true,"type":"quarter","staff":"1"},{"noteName":"G#4","duration":923,"voice":"1","alter":"1","type":"quarter","staff":"1"},{"noteName":"F5","duration":923,"voice":"1","alter":"1","chord":true,"type":"quarter","staff":"1"}]},"staff2":{"voice5":[{"noteName":"A#2","duration":461.5,"voice":"5","alter":"1","type":"eighth","staff":"2"},{"noteName":"F3","duration":461.5,"voice":"5","alter":"1","type":"eighth","staff":"2"},{"noteName":"A#3","duration":461.5,"voice":"5","alter":"1","type":"eighth","staff":"2"},{"noteName":"C#4","duration":461.5,"voice":"5","alter":"1","type":"eighth","staff":"2"},{"noteName":"F4","duration":461.5,"voice":"5","alter":"1","type":"eighth","staff":"2"},{"noteName":"C#4","duration":461.5,"voice":"5","alter":"1","type":"eighth","staff":"2"}]}},{"staff1":{"voice1":[{"noteName":"D#5","duration":2769,"voice":"1","alter":"1","type":"half","dot":true,"staff":"1"}],"voice2":[{"noteName":"F#4","duration":1846,"voice":"2","alter":"1","type":"half","staff":"1"},{"noteName":"A#4","duration":1846,"voice":"2","alter":"1","chord":true,"type":"half","staff":"1"},{"noteName":"","duration":923,"voice":"2","rest":true,"type":"quarter","staff":"1"}]},"staff2":{"voice5":[{"noteName":"D#2","duration":461.5,"voice":"5","alter":"1","type":"eighth","staff":"2"},{"noteName":"A#2","duration":461.5,"voice":"5","alter":"1","type":"eighth","staff":"2"},{"noteName":"D#3","duration":461.5,"voice":"5","alter":"1","type":"eighth","staff":"2"},{"noteName":"F3","duration":461.5,"voice":"5","alter":"1","type":"eighth","staff":"2"},{"noteName":"F#3","duration":461.5,"voice":"5","alter":"1","type":"eighth","staff":"2"},{"noteName":"A#3","duration":461.5,"voice":"5","alter":"1","type":"eighth","staff":"2"}]}},{"staff1":{"voice1":[{"noteName":"F#4","duration":923,"voice":"1","alter":"1","type":"quarter","staff":"1"},{"noteName":"D#5","duration":923,"voice":"1","alter":"1","chord":true,"type":"quarter","staff":"1"},{"noteName":"G#4","duration":923,"voice":"1","alter":"1","type":"quarter","staff":"1"},{"noteName":"F5","duration":923,"voice":"1","alter":"1","chord":true,"type":"quarter","staff":"1"},{"noteName":"A#4","duration":923,"voice":"1","alter":"1","type":"quarter","staff":"1"},{"noteName":"F#5","duration":923,"voice":"1","alter":"1","chord":true,"type":"quarter","staff":"1"}]},"staff2":{"voice5":[{"noteName":"B2","duration":461.5,"voice":"5","type":"eighth","staff":"2"},{"noteName":"F#3","duration":461.5,"voice":"5","alter":"1","type":"eighth","staff":"2"},{"noteName":"B3","duration":461.5,"voice":"5","type":"eighth","staff":"2"},{"noteName":"D#4","duration":461.5,"voice":"5","alter":"1","type":"eighth","staff":"2"},{"noteName":"F#4","duration":461.5,"voice":"5","alter":"1","type":"eighth","staff":"2"},{"noteName":"D#4","duration":461.5,"voice":"5","alter":"1","type":"eighth","staff":"2"}]}},{"staff1":{"voice1":[{"noteName":"F#4","duration":923,"voice":"1","alter":"1","type":"quarter","staff":"1"},{"noteName":"C#5","duration":923,"voice":"1","alter":"1","chord":true,"type":"quarter","staff":"1"},{"noteName":"C#4","duration":1384.5,"voice":"1","alter":"1","type":"quarter","dot":true,"staff":"1"},{"noteName":"F#4","duration":1384.5,"voice":"1","alter":"1","chord":true,"type":"quarter","dot":true,"staff":"1"},{"noteName":"A#4","duration":1384.5,"voice":"1","alter":"1","chord":true,"type":"quarter","dot":true,"staff":"1"},{"noteName":"F#4","duration":461.5,"voice":"1","alter":"1","type":"eighth","staff":"1"}]},"staff2":{"voice5":[{"noteName":"F#2","duration":461.5,"voice":"5","alter":"1","type":"eighth","staff":"2"},{"noteName":"C#3","duration":461.5,"voice":"5","alter":"1","type":"eighth","staff":"2"},{"noteName":"F#3","duration":461.5,"voice":"5","alter":"1","type":"eighth","staff":"2"},{"noteName":"A#3","duration":461.5,"voice":"5","alter":"1","type":"eighth","staff":"2"},{"noteName":"C#4","duration":461.5,"voice":"5","alter":"1","type":"eighth","staff":"2"},{"noteName":"A#2","duration":461.5,"voice":"5","alter":"1","type":"eighth","staff":"2"}]}},{"staff1":{"voice1":[{"noteName":"G#4","duration":923,"voice":"1","alter":"1","type":"quarter","staff":"1"},{"noteName":"B4","duration":923,"voice":"1","chord":true,"type":"quarter","staff":"1"},{"noteName":"F#4","duration":923,"voice":"1","alter":"1","type":"quarter","staff":"1"},{"noteName":"A#4","duration":923,"voice":"1","alter":"1","chord":true,"type":"quarter","staff":"1"},{"noteName":"D#4","duration":923,"voice":"1","alter":"1","type":"quarter","staff":"1"},{"noteName":"F#4","duration":923,"voice":"1","alter":"1","chord":true,"type":"quarter","staff":"1"}]},"staff2":{"voice5":[{"noteName":"G#2","duration":461.5,"voice":"5","alter":"1","type":"eighth","staff":"2"},{"noteName":"D#3","duration":461.5,"voice":"5","alter":"1","type":"eighth","staff":"2"},{"noteName":"F#3","duration":461.5,"voice":"5","alter":"1","type":"eighth","staff":"2"},{"noteName":"D#3","duration":461.5,"voice":"5","alter":"1","type":"eighth","staff":"2"},{"noteName":"A#3","duration":461.5,"voice":"5","alter":"1","type":"eighth","staff":"2"},{"noteName":"D#3","duration":461.5,"voice":"5","alter":"1","type":"eighth","staff":"2"}]}},{"staff1":{"voice1":[{"noteName":"F4","duration":923,"voice":"1","alter":"1","type":"quarter","staff":"1"},{"noteName":"G#4","duration":923,"voice":"1","alter":"1","chord":true,"type":"quarter","staff":"1"},{"noteName":"D#4","duration":923,"voice":"1","alter":"1","type":"quarter","staff":"1"},{"noteName":"F#4","duration":923,"voice":"1","alter":"1","chord":true,"type":"quarter","staff":"1"},{"noteName":"F4","duration":923,"voice":"1","alter":"1","type":"quarter","staff":"1"}]},"staff2":{"voice5":[{"noteName":"C#3","duration":461.5,"voice":"5","alter":"1","type":"eighth","staff":"2"},{"noteName":"F3","duration":461.5,"voice":"5","alter":"1","type":"eighth","staff":"2"},{"noteName":"F#3","duration":461.5,"voice":"5","alter":"1","type":"eighth","staff":"2"},{"noteName":"G#3","duration":923,"voice":"5","alter":"1","type":"quarter","staff":"2"},{"noteName":"C#3","duration":461.5,"voice":"5","alter":"1","type":"eighth","staff":"2"}]}},{"staff1":{"voice1":[{"noteName":"F#4","duration":2769,"voice":"1","alter":"1","tie":"start","type":"half","dot":true,"staff":"1"}]},"staff2":{"voice5":[{"noteName":"F#2","duration":461.5,"voice":"5","alter":"1","type":"eighth","staff":"2"},{"noteName":"C#3","duration":461.5,"voice":"5","alter":"1","type":"eighth","staff":"2"},{"noteName":"F#3","duration":461.5,"voice":"5","alter":"1","type":"eighth","staff":"2"},{"noteName":"G#3","duration":461.5,"voice":"5","alter":"1","type":"eighth","staff":"2"},{"noteName":"A#3","duration":461.5,"voice":"5","alter":"1","type":"eighth","staff":"2"},{"noteName":"C#4","duration":461.5,"voice":"5","alter":"1","type":"eighth","staff":"2"}]}},{"staff1":{"voice1":[{"noteName":"F#4","duration":2769,"voice":"1","alter":"-1","tie":"stop","type":"half","dot":true,"staff":"1"}]},"staff2":{"voice5":[{"noteName":"G#2","duration":461.5,"voice":"5","alter":"-1","type":"eighth","staff":"2"},{"noteName":"D#3","duration":461.5,"voice":"5","alter":"-1","type":"eighth","staff":"2"},{"noteName":"G#3","duration":461.5,"voice":"5","alter":"-1","type":"eighth","staff":"2"},{"noteName":"A#3","duration":461.5,"voice":"5","alter":"-1","type":"eighth","staff":"2"},{"noteName":"C4","duration":461.5,"voice":"5","type":"eighth","staff":"2"},{"noteName":"D#4","duration":461.5,"voice":"5","alter":"-1","type":"eighth","staff":"2"}]}},{"staff1":{"voice1":[{"noteName":"F5","duration":923,"voice":"1","type":"quarter","staff":"1"},{"noteName":"G#4","duration":461.5,"voice":"1","alter":"-1","type":"eighth","staff":"1"},{"noteName":"C#5","duration":461.5,"voice":"1","alter":"-1","type":"eighth","staff":"1"},{"noteName":"D#5","duration":461.5,"voice":"1","alter":"-1","type":"eighth","staff":"1"},{"noteName":"G#5","duration":461.5,"voice":"1","alter":"-1","type":"eighth","staff":"1"}]},"staff2":{"voice5":[{"noteName":"C#3","duration":461.5,"voice":"5","alter":"-1","type":"eighth","staff":"2"},{"noteName":"C#4","duration":1384.5,"voice":"5","alter":"-1","type":"quarter","dot":true,"staff":"2"},{"noteName":"C3","duration":923,"voice":"5","type":"quarter","staff":"2"}]}},{"staff1":{"voice1":[{"noteName":"C#5","duration":923,"voice":"1","alter":"-1","type":"quarter","staff":"1"},{"noteName":"F4","duration":461.5,"voice":"1","type":"eighth","staff":"1"},{"noteName":"A#4","duration":461.5,"voice":"1","alter":"-1","type":"eighth","staff":"1"},{"noteName":"C5","duration":461.5,"voice":"1","type":"eighth","staff":"1"},{"noteName":"F5","duration":461.5,"voice":"1","type":"eighth","staff":"1"}]},"staff2":{"voice5":[{"noteName":"A#2","duration":461.5,"voice":"5","alter":"-1","type":"eighth","staff":"2"},{"noteName":"A#3","duration":1384.5,"voice":"5","alter":"-1","type":"quarter","dot":true,"staff":"2"},{"noteName":"G#2","duration":923,"voice":"5","alter":"-1","type":"quarter","staff":"2"}]}},{"staff1":{"voice1":[{"noteName":"A#4","duration":1846,"voice":"1","alter":"-1","type":"half","staff":"1"},{"noteName":"F#5","duration":461.5,"voice":"1","alter":"-1","type":"eighth","staff":"1"},{"noteName":"F5","duration":461.5,"voice":"1","type":"eighth","staff":"1"}]},"staff2":{"voice5":[{"noteName":"F#3","duration":461.5,"voice":"5","alter":"-1","type":"eighth","staff":"2"},{"noteName":"A#3","duration":461.5,"voice":"5","alter":"-1","type":"eighth","staff":"2"},{"noteName":"C#4","duration":461.5,"voice":"5","alter":"-1","type":"eighth","staff":"2"},{"noteName":"F#4","duration":461.5,"voice":"5","alter":"-1","type":"eighth","staff":"2"},{"noteName":"C#4","duration":923,"voice":"5","alter":"-1","type":"quarter","staff":"2"}]}},{"staff1":{"voice1":[{"noteName":"F5","duration":923,"voice":"1","type":"quarter","staff":"1"},{"noteName":"D#5","duration":1846,"voice":"1","alter":"-1","type":"half","staff":"1"}]},"staff2":{"voice5":[{"noteName":"G#3","duration":923,"voice":"5","alter":"-1","type":"quarter","staff":"2"},{"noteName":"D#4","duration":1846,"voice":"5","alter":"-1","type":"half","staff":"2"}]}},{"staff1":{"voice1":[{"noteName":"F5","duration":923,"voice":"1","type":"quarter","staff":"1"},{"noteName":"G#4","duration":461.5,"voice":"1","alter":"-1","type":"eighth","staff":"1"},{"noteName":"C#5","duration":461.5,"voice":"1","alter":"-1","type":"eighth","staff":"1"},{"noteName":"D#5","duration":461.5,"voice":"1","alter":"-1","type":"eighth","staff":"1"},{"noteName":"G#5","duration":461.5,"voice":"1","alter":"-1","type":"eighth","staff":"1"}]},"staff2":{"voice5":[{"noteName":"C#3","duration":461.5,"voice":"5","alter":"-1","type":"eighth","staff":"2"},{"noteName":"C#4","duration":1384.5,"voice":"5","alter":"-1","type":"quarter","dot":true,"staff":"2"},{"noteName":"C3","duration":923,"voice":"5","type":"quarter","staff":"2"}]}},{"staff1":{"voice1":[{"noteName":"C#5","duration":923,"voice":"1","alter":"-1","type":"quarter","staff":"1"},{"noteName":"F4","duration":461.5,"voice":"1","type":"eighth","staff":"1"},{"noteName":"A#4","duration":461.5,"voice":"1","alter":"-1","type":"eighth","staff":"1"},{"noteName":"C5","duration":461.5,"voice":"1","type":"eighth","staff":"1"},{"noteName":"F5","duration":461.5,"voice":"1","type":"eighth","staff":"1"}]},"staff2":{"voice5":[{"noteName":"A#2","duration":461.5,"voice":"5","alter":"-1","type":"eighth","staff":"2"},{"noteName":"A#3","duration":1384.5,"voice":"5","alter":"-1","type":"quarter","dot":true,"staff":"2"},{"noteName":"G#2","duration":923,"voice":"5","alter":"-1","type":"quarter","staff":"2"}]}},{"staff1":{"voice1":[{"noteName":"A#4","duration":1846,"voice":"1","alter":"-1","type":"half","staff":"1"},{"noteName":"F#5","duration":461.5,"voice":"1","alter":"-1","type":"eighth","staff":"1"},{"noteName":"F5","duration":461.5,"voice":"1","type":"eighth","staff":"1"}]},"staff2":{"voice5":[{"noteName":"F#3","duration":461.5,"voice":"5","alter":"-1","type":"eighth","staff":"2"},{"noteName":"A#3","duration":461.5,"voice":"5","alter":"-1","type":"eighth","staff":"2"},{"noteName":"C#4","duration":461.5,"voice":"5","alter":"-1","type":"eighth","staff":"2"},{"noteName":"F#4","duration":461.5,"voice":"5","alter":"-1","type":"eighth","staff":"2"},{"noteName":"C#4","duration":923,"voice":"5","alter":"-1","type":"quarter","staff":"2"}]}},{"staff1":{"voice1":[{"noteName":"F5","duration":923,"voice":"1","type":"quarter","staff":"1"},{"noteName":"D#5","duration":1384.5,"voice":"1","alter":"-1","type":"quarter","dot":true,"staff":"1"},{"noteName":"F5","duration":461.5,"voice":"1","type":"eighth","staff":"1"}]},"staff2":{"voice5":[{"noteName":"G#3","duration":923,"voice":"5","alter":"-1","type":"quarter","staff":"2"},{"noteName":"C4","duration":1846,"voice":"5","type":"half","staff":"2"}]}},{"staff1":{"voice1":[{"noteName":"F#5","duration":1846,"voice":"1","alter":"-1","type":"half","staff":"1"},{"noteName":"C#5","duration":461.5,"voice":"1","alter":"-1","type":"eighth","staff":"1"},{"noteName":"A#5","duration":461.5,"voice":"1","alter":"-1","chord":true,"type":"eighth","staff":"1"},{"noteName":"F#5","duration":461.5,"voice":"1","alter":"-1","type":"eighth","staff":"1"}]},"staff2":{"voice5":[{"noteName":"D#3","duration":461.5,"voice":"5","alter":"-1","type":"eighth","staff":"2"},{"noteName":"A#3","duration":461.5,"voice":"5","alter":"-1","type":"eighth","staff":"2"},{"noteName":"D#4","duration":461.5,"voice":"5","alter":"-1","type":"eighth","staff":"2"},{"noteName":"F#4","duration":1384.5,"voice":"5","alter":"-1","type":"quarter","dot":true,"staff":"2"}]}},{"staff1":{"voice1":[{"noteName":"F5","duration":2769,"voice":"1","type":"half","dot":true,"staff":"1"}]},"staff2":{"voice5":[{"noteName":"A#2","duration":461.5,"voice":"5","alter":"-1","type":"eighth","staff":"2"},{"noteName":"F3","duration":461.5,"voice":"5","type":"eighth","staff":"2"},{"noteName":"A#3","duration":461.5,"voice":"5","alter":"-1","type":"eighth","staff":"2"},{"noteName":"C4","duration":461.5,"voice":"5","type":"eighth","staff":"2"},{"noteName":"C#4","duration":461.5,"voice":"5","alter":"-1","type":"eighth","staff":"2"},{"noteName":"F4","duration":461.5,"voice":"5","type":"eighth","staff":"2"}]}},{"staff1":{"voice1":[{"noteName":"F5","duration":923,"voice":"1","type":"quarter","staff":"1"},{"noteName":"G#5","duration":923,"voice":"1","alter":"-1","chord":true,"type":"quarter","staff":"1"},{"noteName":"C#5","duration":923,"voice":"1","alter":"-1","type":"quarter","staff":"1"},{"noteName":"F5","duration":923,"voice":"1","chord":true,"type":"quarter","staff":"1"},{"noteName":"G#4","duration":461.5,"voice":"1","alter":"-1","type":"eighth","staff":"1"},{"noteName":"C5","duration":461.5,"voice":"1","chord":true,"type":"eighth","staff":"1"},{"noteName":"D#5","duration":461.5,"voice":"1","alter":"-1","chord":true,"type":"eighth","staff":"1"},{"noteName":"A#4","duration":461.5,"voice":"1","alter":"-1","type":"eighth","staff":"1"},{"noteName":"C#5","duration":461.5,"voice":"1","alter":"-1","chord":true,"type":"eighth","staff":"1"}]},"staff2":{"voice5":[{"noteName":"C#3","duration":461.5,"voice":"5","alter":"-1","type":"eighth","staff":"2"},{"noteName":"G#3","duration":461.5,"voice":"5","alter":"-1","type":"eighth","staff":"2"},{"noteName":"C#4","duration":461.5,"voice":"5","alter":"-1","type":"eighth","staff":"2"},{"noteName":"F4","duration":1384.5,"voice":"5","type":"quarter","dot":true,"staff":"2"}]}},{"staff1":{"voice1":[{"noteName":"D#5","duration":2769,"voice":"1","alter":"-1","type":"half","dot":true,"staff":"1"}],"voice2":[{"noteName":"C5","duration":1846,"voice":"2","type":"half","staff":"1"},{"noteName":"","duration":923,"voice":"2","rest":true,"type":"quarter","staff":"1"}]},"staff2":{"voice5":[{"noteName":"G#2","duration":461.5,"voice":"5","alter":"-1","type":"eighth","staff":"2"},{"noteName":"D#3","duration":461.5,"voice":"5","alter":"-1","type":"eighth","staff":"2"},{"noteName":"G#3","duration":461.5,"voice":"5","alter":"-1","type":"eighth","staff":"2"},{"noteName":"A#3","duration":461.5,"voice":"5","alter":"-1","type":"eighth","staff":"2"},{"noteName":"C4","duration":461.5,"voice":"5","type":"eighth","staff":"2"},{"noteName":"D#4","duration":461.5,"voice":"5","alter":"-1","type":"eighth","staff":"2"}]}},{"staff1":{"voice1":[{"noteName":"A#4","duration":1846,"voice":"1","alter":"-1","type":"half","staff":"1"},{"noteName":"D#5","duration":1846,"voice":"1","alter":"-1","chord":true,"type":"half","staff":"1"},{"noteName":"F#5","duration":1846,"voice":"1","alter":"-1","chord":true,"type":"half","staff":"1"},{"noteName":"C#5","duration":461.5,"voice":"1","alter":"-1","type":"eighth","staff":"1"},{"noteName":"A#5","duration":461.5,"voice":"1","alter":"-1","chord":true,"type":"eighth","staff":"1"},{"noteName":"F#5","duration":461.5,"voice":"1","alter":"-1","type":"eighth","staff":"1"}]},"staff2":{"voice5":[{"noteName":"D#3","duration":461.5,"voice":"5","alter":"-1","type":"eighth","staff":"2"},{"noteName":"A#3","duration":461.5,"voice":"5","alter":"-1","type":"eighth","staff":"2"},{"noteName":"D#4","duration":461.5,"voice":"5","alter":"-1","type":"eighth","staff":"2"},{"noteName":"F#4","duration":461.5,"voice":"5","alter":"-1","type":"eighth","staff":"2"},{"noteName":"A#4","duration":923,"voice":"5","alter":"-1","type":"quarter","staff":"2"}]}},{"staff1":{"voice1":[{"noteName":"F5","duration":2769,"voice":"1","type":"half","dot":true,"staff":"1"}]},"staff2":{"voice5":[{"noteName":"A#2","duration":461.5,"voice":"5","alter":"-1","type":"eighth","staff":"2"},{"noteName":"F3","duration":461.5,"voice":"5","type":"eighth","staff":"2"},{"noteName":"A#3","duration":461.5,"voice":"5","alter":"-1","type":"eighth","staff":"2"},{"noteName":"C4","duration":461.5,"voice":"5","type":"eighth","staff":"2"},{"noteName":"C#4","duration":461.5,"voice":"5","alter":"-1","type":"eighth","staff":"2"},{"noteName":"F4","duration":461.5,"voice":"5","type":"eighth","staff":"2"}]}},{"staff1":{"voice1":[{"noteName":"G#4","duration":461.5,"voice":"1","alter":"-1","type":"eighth","staff":"1"},{"noteName":"F5","duration":461.5,"voice":"1","chord":true,"type":"eighth","staff":"1"},{"noteName":"G#5","duration":461.5,"voice":"1","alter":"-1","type":"eighth","staff":"1"},{"noteName":"F5","duration":461.5,"voice":"1","type":"eighth","staff":"1"},{"noteName":"C#5","duration":461.5,"voice":"1","alter":"-1","type":"eighth","staff":"1"},{"noteName":"G#4","duration":461.5,"voice":"1","alter":"-1","type":"eighth","staff":"1"},{"noteName":"D#5","duration":461.5,"voice":"1","alter":"-1","chord":true,"type":"eighth","staff":"1"},{"noteName":"C5","duration":461.5,"voice":"1","type":"eighth","staff":"1"}]},"staff2":{"voice5":[{"noteName":"C#3","duration":461.5,"voice":"5","alter":"-1","type":"eighth","staff":"2"},{"noteName":"G#3","duration":461.5,"voice":"5","alter":"-1","type":"eighth","staff":"2"},{"noteName":"C#4","duration":461.5,"voice":"5","alter":"-1","type":"eighth","staff":"2"},{"noteName":"F4","duration":461.5,"voice":"5","type":"eighth","staff":"2"},{"noteName":"C3","duration":923,"voice":"5","type":"quarter","staff":"2"}]}},{"staff1":{"voice1":[{"noteName":"","duration":2769,"voice":"1","rest":true,"staff":"1"}],"voice2":[{"noteName":"A#4","duration":2769,"voice":"2","alter":"-1","tie":"start","type":"half","dot":true,"staff":"1"}]},"staff2":{"voice5":[{"noteName":"A#2","duration":461.5,"voice":"5","alter":"-1","type":"eighth","staff":"2"},{"noteName":"F3","duration":461.5,"voice":"5","type":"eighth","staff":"2"},{"noteName":"A#3","duration":461.5,"voice":"5","alter":"-1","type":"eighth","staff":"2"},{"noteName":"C4","duration":461.5,"voice":"5","type":"eighth","staff":"2"},{"noteName":"C#4","duration":461.5,"voice":"5","alter":"-1","type":"eighth","staff":"2"},{"noteName":"F4","duration":461.5,"voice":"5","type":"eighth","staff":"2"}]}},{"staff1":{"voice1":[{"noteName":"","duration":2769,"voice":"1","rest":true,"staff":"1"}],"voice2":[{"noteName":"A#4","duration":2769,"voice":"2","alter":"-1","tie":"","type":"half","dot":true,"staff":"1"}]},"staff2":{"voice5":[{"noteName":"A#2","duration":461.5,"voice":"5","alter":"-1","type":"eighth","staff":"2"},{"noteName":"F3","duration":461.5,"voice":"5","type":"eighth","staff":"2"},{"noteName":"A#3","duration":461.5,"voice":"5","alter":"-1","type":"eighth","staff":"2"},{"noteName":"C4","duration":461.5,"voice":"5","type":"eighth","staff":"2"},{"noteName":"C#4","duration":461.5,"voice":"5","alter":"-1","type":"eighth","staff":"2"},{"noteName":"F4","duration":461.5,"voice":"5","type":"eighth","staff":"2"}]}},{"staff1":{"voice1":[{"noteName":"","duration":2769,"voice":"1","rest":true,"staff":"1"}],"voice2":[{"noteName":"A#4","duration":2769,"voice":"2","alter":"-1","tie":"stop","type":"half","dot":true,"staff":"1"}],"voice3":[{"noteName":"","duration":923,"voice":"3","rest":true,"type":"quarter","staff":"1"},{"noteName":"","duration":923,"voice":"3","rest":true,"type":"quarter","staff":"1"},{"noteName":"","duration":461.5,"voice":"3","rest":true,"type":"eighth","staff":"1"},{"noteName":"","duration":230.75,"voice":"3","rest":true,"type":"16th","staff":"1"},{"noteName":"C#5","duration":230.75,"voice":"3","alter":"-1","tie":"start","type":"16th","staff":"1"}]},"staff2":{"voice5":[{"noteName":"A#2","duration":461.5,"voice":"5","alter":"-1","type":"eighth","staff":"2"},{"noteName":"F3","duration":461.5,"voice":"5","type":"eighth","staff":"2"},{"noteName":"A#3","duration":461.5,"voice":"5","alter":"-1","type":"eighth","staff":"2"},{"noteName":"C4","duration":461.5,"voice":"5","type":"eighth","staff":"2"},{"noteName":"C#4","duration":461.5,"voice":"5","alter":"-1","type":"eighth","staff":"2"},{"noteName":"F4","duration":461.5,"voice":"5","type":"eighth","staff":"2"}]}},{"staff1":{"voice1":[{"noteName":"","duration":57.6875,"voice":"1","rest":true,"type":"64th","staff":"1"},{"noteName":"A#5","duration":173.0625,"voice":"1","alter":"-1","tie":"start","type":"32nd","dot":true,"staff":"1"},{"noteName":"A#5","duration":692.25,"voice":"1","alter":"-1","tie":"","type":"eighth","dot":true,"staff":"1"},{"noteName":"A#5","duration":1846,"voice":"1","alter":"-1","tie":"","type":"half","staff":"1"}],"voice2":[{"noteName":"F5","duration":2769,"voice":"2","tie":"start","type":"half","dot":true,"staff":"1"}],"voice3":[{"noteName":"C#5","duration":2769,"voice":"3","alter":"-1","tie":"","type":"half","dot":true,"staff":"1"}]},"staff2":{"voice5":[{"noteName":"A#2","duration":2769,"voice":"5","alter":"-1","tie":"start","type":"half","dot":true,"staff":"2"}]}},{"staff1":{"voice1":[{"noteName":"A#5","duration":2769,"voice":"1","alter":"-1","tie":"stop","type":"half","dot":true,"staff":"1"}],"voice2":[{"noteName":"F5","duration":2769,"voice":"2","tie":"stop","type":"half","dot":true,"staff":"1"}],"voice3":[{"noteName":"C#5","duration":2769,"voice":"3","alter":"-1","tie":"stop","type":"half","dot":true,"staff":"1"}]},"staff2":{"voice5":[{"noteName":"A#2","duration":2769,"voice":"5","alter":"-1","tie":"stop","type":"half","dot":true,"staff":"2"}]}}],"divisions":16}