{"musicName":"千与千寻","partName":"Octave Mandolin, Piano","partAbbr":"OM.","perMinute":"108","beatUnit":"quarter","timeUnit":556,"NOTE_DURATION":{"256th":9,"128th":17,"64th":35,"32nd":70,"16th":139,"eighth":278,"quarter":556,"half":1112,"whole":2224,"breve":4448},"measures":[{"staff":{"voice1":[{"noteName":"C3","duration":556,"voice":"1","type":"quarter","staff":""},{"noteName":"C4","duration":556,"voice":"1","type":"quarter","staff":""},{"noteName":"E4","duration":556,"voice":"1","type":"quarter","staff":""}]}},{"staff":{"voice1":[{"noteName":"C3","duration":556,"voice":"1","type":"quarter","staff":""},{"noteName":"C4","duration":556,"voice":"1","type":"quarter","staff":""},{"noteName":"E4","duration":556,"voice":"1","type":"quarter","staff":""}]}},{"staff":{"voice1":[{"noteName":"C3","duration":556,"voice":"1","type":"quarter","staff":""},{"noteName":"C4","duration":556,"voice":"1","type":"quarter","staff":""},{"noteName":"E4","duration":556,"voice":"1","type":"quarter","staff":""}]}},{"staff":{"voice1":[{"noteName":"C3","duration":1112,"voice":"1","type":"half","staff":""},{"noteName":"G3","duration":1112,"voice":"1","chord":true,"type":"half","staff":""},{"noteName":"C4","duration":1112,"voice":"1","chord":true,"type":"half","staff":""},{"noteName":"C4","duration":278,"voice":"1","type":"eighth","staff":""},{"noteName":"D4","duration":278,"voice":"1","type":"eighth","staff":""}]}},{"staff":{"voice1":[{"noteName":"C3","duration":278,"voice":"1","type":"eighth","staff":""},{"noteName":"E4","duration":278,"voice":"1","chord":true,"type":"eighth","staff":""},{"noteName":"C4","duration":278,"voice":"1","type":"eighth","staff":""},{"noteName":"G3","duration":834,"voice":"1","type":"quarter","dot":true,"staff":""},{"noteName":"G4","duration":834,"voice":"1","chord":true,"type":"quarter","dot":true,"staff":""},{"noteName":"E4","duration":278,"voice":"1","type":"eighth","staff":""}]}},{"staff":{"voice1":[{"noteName":"G2","duration":556,"voice":"1","type":"quarter","staff":""},{"noteName":"D4","duration":556,"voice":"1","chord":true,"type":"quarter","staff":""},{"noteName":"G4","duration":556,"voice":"1","type":"quarter","staff":""},{"noteName":"G3","duration":556,"voice":"1","type":"quarter","staff":""},{"noteName":"D4","duration":556,"voice":"1","chord":true,"type":"quarter","staff":""}]}},{"staff":{"voice1":[{"noteName":"A2","duration":278,"voice":"1","type":"eighth","staff":""},{"noteName":"C4","duration":278,"voice":"1","chord":true,"type":"eighth","staff":""},{"noteName":"A3","duration":278,"voice":"1","type":"eighth","staff":""},{"noteName":"C4","duration":834,"voice":"1","type":"quarter","dot":true,"staff":""},{"noteName":"E4","duration":834,"voice":"1","chord":true,"type":"quarter","dot":true,"staff":""},{"noteName":"C4","duration":278,"voice":"1","type":"eighth","staff":""}]}},{"staff":{"voice1":[{"noteName":"E2","duration":556,"voice":"1","type":"quarter","staff":""},{"noteName":"B3","duration":556,"voice":"1","chord":true,"type":"quarter","staff":""},{"noteName":"G3","duration":556,"voice":"1","type":"quarter","staff":""},{"noteName":"B3","duration":556,"voice":"1","type":"quarter","staff":""}]}},{"staff":{"voice1":[{"noteName":"F2","duration":556,"voice":"1","type":"quarter","staff":""},{"noteName":"A3","duration":556,"voice":"1","chord":true,"type":"quarter","staff":""},{"noteName":"F3","duration":556,"voice":"1","type":"quarter","staff":""},{"noteName":"B3","duration":556,"voice":"1","chord":true,"type":"quarter","staff":""},{"noteName":"C4","duration":278,"voice":"1","type":"eighth","staff":""},{"noteName":"D4","duration":278,"voice":"1","type":"eighth","staff":""}]}},{"staff":{"voice1":[{"noteName":"E3","duration":556,"voice":"1","type":"quarter","staff":""},{"noteName":"G3","duration":556,"voice":"1","chord":true,"type":"quarter","staff":""},{"noteName":"G3","duration":556,"voice":"1","type":"quarter","staff":""},{"noteName":"C4","duration":556,"voice":"1","chord":true,"type":"quarter","staff":""},{"noteName":"D4","duration":278,"voice":"1","type":"eighth","staff":""},{"noteName":"E4","duration":278,"voice":"1","type":"eighth","staff":""}]}},{"staff":{"voice1":[{"noteName":"D3","duration":556,"voice":"1","type":"quarter","staff":""},{"noteName":"F4","duration":556,"voice":"1","chord":true,"type":"quarter","staff":""},{"noteName":"A3","duration":278,"voice":"1","type":"eighth","staff":""},{"noteName":"F4","duration":278,"voice":"1","chord":true,"type":"eighth","staff":""},{"noteName":"E4","duration":278,"voice":"1","type":"eighth","staff":""},{"noteName":"D4","duration":278,"voice":"1","type":"eighth","staff":""},{"noteName":"C4","duration":278,"voice":"1","type":"eighth","staff":""}]}},{"staff":{"voice1":[{"noteName":"G2","duration":1112,"voice":"1","type":"half","staff":""},{"noteName":"G3","duration":1112,"voice":"1","chord":true,"type":"half","staff":""},{"noteName":"D4","duration":1112,"voice":"1","chord":true,"type":"half","staff":""},{"noteName":"C4","duration":278,"voice":"1","type":"eighth","staff":""},{"noteName":"D4","duration":278,"voice":"1","type":"eighth","staff":""}]}},{"staff":{"voice1":[{"noteName":"C3","duration":278,"voice":"1","type":"eighth","staff":""},{"noteName":"E4","duration":278,"voice":"1","chord":true,"type":"eighth","staff":""},{"noteName":"C4","duration":278,"voice":"1","type":"eighth","staff":""},{"noteName":"G3","duration":834,"voice":"1","type":"quarter","dot":true,"staff":""},{"noteName":"G4","duration":834,"voice":"1","chord":true,"type":"quarter","dot":true,"staff":""},{"noteName":"E4","duration":278,"voice":"1","type":"eighth","staff":""}]}},{"staff":{"voice1":[{"noteName":"G2","duration":556,"voice":"1","type":"quarter","staff":""},{"noteName":"D4","duration":556,"voice":"1","chord":true,"type":"quarter","staff":""},{"noteName":"G4","duration":556,"voice":"1","type":"quarter","staff":""},{"noteName":"G3","duration":556,"voice":"1","type":"quarter","staff":""},{"noteName":"D4","duration":556,"voice":"1","chord":true,"type":"quarter","staff":""}]}},{"staff":{"voice1":[{"noteName":"F2","duration":278,"voice":"1","type":"eighth","staff":""},{"noteName":"C4","duration":278,"voice":"1","chord":true,"type":"eighth","staff":""},{"noteName":"A3","duration":278,"voice":"1","type":"eighth","staff":""},{"noteName":"E3","duration":556,"voice":"1","type":"quarter","staff":""},{"noteName":"A3","duration":556,"voice":"1","chord":true,"type":"quarter","staff":""},{"noteName":"B3","duration":278,"voice":"1","type":"eighth","staff":""},{"noteName":"C4","duration":278,"voice":"1","type":"eighth","staff":""}]}},{"staff":{"voice1":[{"noteName":"G3","duration":1112,"voice":"1","tie":"start","type":"half","staff":""},{"noteName":"G3","duration":278,"voice":"1","tie":"stop","type":"eighth","staff":""},{"noteName":"G3","duration":278,"voice":"1","type":"eighth","staff":""}],"voice2":[{"noteName":"E2","duration":1112,"voice":"2","type":"half","staff":""},{"noteName":"","duration":556,"voice":"2","rest":true,"type":"quarter","staff":""}]}},{"staff":{"voice1":[{"noteName":"F2","duration":556,"voice":"1","type":"quarter","staff":""},{"noteName":"A3","duration":556,"voice":"1","chord":true,"type":"quarter","staff":""},{"noteName":"F3","duration":556,"voice":"1","type":"quarter","staff":""},{"noteName":"B3","duration":556,"voice":"1","chord":true,"type":"quarter","staff":""},{"noteName":"C4","duration":278,"voice":"1","type":"eighth","staff":""},{"noteName":"D4","duration":278,"voice":"1","type":"eighth","staff":""}]}},{"staff":{"voice1":[{"noteName":"E3","duration":556,"voice":"1","type":"quarter","staff":""},{"noteName":"G3","duration":556,"voice":"1","chord":true,"type":"quarter","staff":""},{"noteName":"G3","duration":556,"voice":"1","type":"quarter","staff":""},{"noteName":"C4","duration":556,"voice":"1","chord":true,"type":"quarter","staff":""},{"noteName":"D4","duration":278,"voice":"1","type":"eighth","staff":""},{"noteName":"E4","duration":278,"voice":"1","type":"eighth","staff":""}]}},{"staff":{"voice1":[{"noteName":"D3","duration":556,"voice":"1","type":"quarter","staff":""},{"noteName":"F4","duration":556,"voice":"1","chord":true,"type":"quarter","staff":""},{"noteName":"A3","duration":278,"voice":"1","type":"eighth","staff":""},{"noteName":"F4","duration":278,"voice":"1","chord":true,"type":"eighth","staff":""},{"noteName":"E4","duration":278,"voice":"1","type":"eighth","staff":""},{"noteName":"D4","duration":278,"voice":"1","type":"eighth","staff":""},{"noteName":"C4","duration":278,"voice":"1","type":"eighth","staff":""}]}},{"staff":{"voice1":[{"noteName":"C4","duration":556,"voice":"1","tie":"start","type":"quarter","staff":""},{"noteName":"E3","duration":556,"voice":"1","type":"quarter","staff":""},{"noteName":"C4","duration":556,"voice":"1","chord":true,"tie":"stop","type":"quarter","staff":""},{"noteName":"G3","duration":556,"voice":"1","type":"quarter","staff":""}],"voice2":[{"noteName":"C3","duration":556,"voice":"2","type":"quarter","staff":""},{"noteName":"","duration":556,"voice":"2","rest":true,"type":"quarter","staff":""},{"noteName":"","duration":556,"voice":"2","rest":true,"type":"quarter","staff":""}]}},{"staff":{"voice1":[{"noteName":"C3","duration":556,"voice":"1","type":"quarter","staff":""},{"noteName":"G3","duration":556,"voice":"1","type":"quarter","staff":""},{"noteName":"E4","duration":278,"voice":"1","type":"eighth","staff":""},{"noteName":"F4","duration":278,"voice":"1","type":"eighth","staff":""}]}},{"staff":{"voice1":[{"noteName":"G2","duration":556,"voice":"1","type":"quarter","staff":""},{"noteName":"C3","duration":556,"voice":"1","chord":true,"type":"quarter","staff":""},{"noteName":"G4","duration":556,"voice":"1","chord":true,"type":"quarter","staff":""},{"noteName":"C4","duration":556,"voice":"1","type":"quarter","staff":""},{"noteName":"G4","duration":556,"voice":"1","chord":true,"type":"quarter","staff":""},{"noteName":"C4","duration":556,"voice":"1","type":"quarter","staff":""},{"noteName":"G4","duration":556,"voice":"1","chord":true,"type":"quarter","staff":""}]}},{"staff":{"voice1":[{"noteName":"G2","duration":556,"voice":"1","type":"quarter","staff":""},{"noteName":"B3","duration":556,"voice":"1","chord":true,"type":"quarter","staff":""},{"noteName":"G4","duration":556,"voice":"1","chord":true,"type":"quarter","staff":""},{"noteName":"G2","duration":278,"voice":"1","type":"eighth","staff":""},{"noteName":"G4","duration":278,"voice":"1","chord":true,"type":"eighth","staff":""},{"noteName":"A4","duration":278,"voice":"1","type":"eighth","staff":""},{"noteName":"D4","duration":278,"voice":"1","type":"eighth","staff":""},{"noteName":"G4","duration":278,"voice":"1","chord":true,"type":"eighth","staff":""},{"noteName":"F4","duration":278,"voice":"1","type":"eighth","staff":""}]}},{"staff":{"voice1":[{"noteName":"A2","duration":556,"voice":"1","type":"quarter","staff":""},{"noteName":"C4","duration":556,"voice":"1","chord":true,"type":"quarter","staff":""},{"noteName":"E4","duration":556,"voice":"1","chord":true,"type":"quarter","staff":""},{"noteName":"C4","duration":556,"voice":"1","type":"quarter","staff":""},{"noteName":"E4","duration":556,"voice":"1","chord":true,"type":"quarter","staff":""},{"noteName":"C4","duration":556,"voice":"1","type":"quarter","staff":""},{"noteName":"E4","duration":556,"voice":"1","chord":true,"type":"quarter","staff":""}]}},{"staff":{"voice1":[{"noteName":"E2","duration":556,"voice":"1","type":"quarter","staff":""},{"noteName":"G3","duration":556,"voice":"1","chord":true,"type":"quarter","staff":""},{"noteName":"E4","duration":556,"voice":"1","chord":true,"type":"quarter","staff":""},{"noteName":"E3","duration":278,"voice":"1","type":"eighth","staff":""},{"noteName":"E4","duration":278,"voice":"1","chord":true,"type":"eighth","staff":""},{"noteName":"F4","duration":278,"voice":"1","type":"eighth","staff":""},{"noteName":"E4","duration":278,"voice":"1","type":"eighth","staff":""},{"noteName":"D4","duration":278,"voice":"1","type":"eighth","staff":""}]}},{"staff":{"voice1":[{"noteName":"A2","duration":556,"voice":"1","type":"quarter","staff":""},{"noteName":"C4","duration":556,"voice":"1","chord":true,"type":"quarter","staff":""},{"noteName":"E3","duration":556,"voice":"1","type":"quarter","staff":""},{"noteName":"C4","duration":556,"voice":"1","chord":true,"type":"quarter","staff":""},{"noteName":"A3","duration":278,"voice":"1","type":"eighth","staff":""},{"noteName":"C4","duration":278,"voice":"1","chord":true,"type":"eighth","staff":""},{"noteName":"B3","duration":278,"voice":"1","type":"eighth","staff":""}]}},{"staff":{"voice1":[{"noteName":"F2","duration":556,"voice":"1","type":"quarter","staff":""},{"noteName":"A3","duration":556,"voice":"1","chord":true,"type":"quarter","staff":""},{"noteName":"A3","duration":556,"voice":"1","type":"quarter","staff":""},{"noteName":"B3","duration":556,"voice":"1","chord":true,"type":"quarter","staff":""},{"noteName":"A3","duration":278,"voice":"1","type":"eighth","staff":""},{"noteName":"B3","duration":278,"voice":"1","chord":true,"type":"eighth","staff":""},{"noteName":"C4","duration":278,"voice":"1","type":"eighth","staff":""}]}},{"staff":{"voice1":[{"noteName":"D3","duration":556,"voice":"1","type":"quarter","staff":""},{"noteName":"D4","duration":556,"voice":"1","chord":true,"type":"quarter","staff":""},{"noteName":"A3","duration":278,"voice":"1","type":"eighth","staff":""},{"noteName":"D4","duration":278,"voice":"1","chord":true,"type":"eighth","staff":""},{"noteName":"E4","duration":278,"voice":"1","type":"eighth","staff":""},{"noteName":"A3","duration":278,"voice":"1","type":"eighth","staff":""},{"noteName":"D4","duration":278,"voice":"1","chord":true,"type":"eighth","staff":""},{"noteName":"E4","duration":278,"voice":"1","type":"eighth","staff":""}]}},{"staff":{"voice1":[{"noteName":"G2","duration":1112,"voice":"1","type":"half","staff":""},{"noteName":"D4","duration":1112,"voice":"1","chord":true,"type":"half","staff":""},{"noteName":"E4","duration":278,"voice":"1","type":"eighth","staff":""},{"noteName":"F4","duration":278,"voice":"1","type":"eighth","staff":""}]}},{"staff":{"voice1":[{"noteName":"G2","duration":556,"voice":"1","type":"quarter","staff":""},{"noteName":"C3","duration":556,"voice":"1","chord":true,"type":"quarter","staff":""},{"noteName":"G4","duration":556,"voice":"1","chord":true,"type":"quarter","staff":""},{"noteName":"C4","duration":556,"voice":"1","type":"quarter","staff":""},{"noteName":"G4","duration":556,"voice":"1","chord":true,"type":"quarter","staff":""},{"noteName":"C4","duration":556,"voice":"1","type":"quarter","staff":""},{"noteName":"G4","duration":556,"voice":"1","chord":true,"type":"quarter","staff":""}]}},{"staff":{"voice1":[{"noteName":"G2","duration":556,"voice":"1","type":"quarter","staff":""},{"noteName":"B3","duration":556,"voice":"1","chord":true,"type":"quarter","staff":""},{"noteName":"G4","duration":556,"voice":"1","chord":true,"type":"quarter","staff":""},{"noteName":"G2","duration":278,"voice":"1","type":"eighth","staff":""},{"noteName":"G4","duration":278,"voice":"1","chord":true,"type":"eighth","staff":""},{"noteName":"A4","duration":278,"voice":"1","type":"eighth","staff":""},{"noteName":"D4","duration":278,"voice":"1","type":"eighth","staff":""},{"noteName":"G4","duration":278,"voice":"1","chord":true,"type":"eighth","staff":""},{"noteName":"F4","duration":278,"voice":"1","type":"eighth","staff":""}]}},{"staff":{"voice1":[{"noteName":"A2","duration":556,"voice":"1","type":"quarter","staff":""},{"noteName":"C4","duration":556,"voice":"1","chord":true,"type":"quarter","staff":""},{"noteName":"E4","duration":556,"voice":"1","chord":true,"type":"quarter","staff":""},{"noteName":"C4","duration":556,"voice":"1","type":"quarter","staff":""},{"noteName":"E4","duration":556,"voice":"1","chord":true,"type":"quarter","staff":""},{"noteName":"C4","duration":556,"voice":"1","type":"quarter","staff":""},{"noteName":"E4","duration":556,"voice":"1","chord":true,"type":"quarter","staff":""}]}},{"staff":{"voice1":[{"noteName":"E2","duration":278,"voice":"1","type":"eighth","staff":""},{"noteName":"G3","duration":278,"voice":"1","chord":true,"type":"eighth","staff":""},{"noteName":"E4","duration":278,"voice":"1","chord":true,"type":"eighth","staff":""},{"noteName":"F4","duration":278,"voice":"1","type":"eighth","staff":""},{"noteName":"E3","duration":278,"voice":"1","type":"eighth","staff":""},{"noteName":"E4","duration":278,"voice":"1","chord":true,"type":"eighth","staff":""},{"noteName":"D4","duration":278,"voice":"1","type":"eighth","staff":""},{"noteName":"C4","duration":278,"voice":"1","type":"eighth","staff":""},{"noteName":"B3","duration":278,"voice":"1","type":"eighth","staff":""}]}},{"staff":{"voice1":[{"noteName":"F2","duration":556,"voice":"1","type":"quarter","staff":""},{"noteName":"A3","duration":556,"voice":"1","chord":true,"type":"quarter","staff":""},{"noteName":"F2","duration":278,"voice":"1","type":"eighth","staff":""},{"noteName":"A3","duration":278,"voice":"1","chord":true,"type":"eighth","staff":""},{"noteName":"B3","duration":278,"voice":"1","type":"eighth","staff":""},{"noteName":"C4","duration":278,"voice":"1","type":"eighth","staff":""},{"noteName":"D4","duration":278,"voice":"1","type":"eighth","staff":""}]}},{"staff":{"voice1":[{"noteName":"G2","duration":556,"voice":"1","type":"quarter","staff":""},{"noteName":"G3","duration":556,"voice":"1","chord":true,"type":"quarter","staff":""},{"noteName":"B2","duration":556,"voice":"1","type":"quarter","staff":""},{"noteName":"C4","duration":556,"voice":"1","chord":true,"type":"quarter","staff":""},{"noteName":"D4","duration":278,"voice":"1","type":"eighth","staff":""},{"noteName":"E4","duration":278,"voice":"1","type":"eighth","staff":""}]}},{"staff":{"voice1":[{"noteName":"F2","duration":556,"voice":"1","type":"quarter","staff":""},{"noteName":"D4","duration":556,"voice":"1","chord":true,"type":"quarter","staff":""},{"noteName":"F3","duration":278,"voice":"1","type":"eighth","staff":""},{"noteName":"D4","duration":278,"voice":"1","type":"eighth","staff":""},{"noteName":"D4","duration":278,"voice":"1","type":"eighth","staff":""},{"noteName":"C4","duration":278,"voice":"1","type":"eighth","staff":""}]}},{"staff":{"voice1":[{"noteName":"C4","duration":556,"voice":"1","tie":"start","type":"quarter","staff":""},{"noteName":"G3","duration":556,"voice":"1","type":"quarter","staff":""},{"noteName":"C4","duration":556,"voice":"1","chord":true,"tie":"stop","type":"quarter","staff":""},{"noteName":"E4","duration":556,"voice":"1","type":"quarter","staff":""}],"voice2":[{"noteName":"C3","duration":556,"voice":"2","type":"quarter","staff":""},{"noteName":"","duration":556,"voice":"2","rest":true,"type":"quarter","staff":""},{"noteName":"","duration":556,"voice":"2","rest":true,"type":"quarter","staff":""}]}},{"staff":{"voice1":[{"noteName":"C3","duration":278,"voice":"1","type":"eighth","staff":""},{"noteName":"D3","duration":278,"voice":"1","type":"eighth","staff":""},{"noteName":"E3","duration":278,"voice":"1","type":"eighth","staff":""},{"noteName":"G3","duration":278,"voice":"1","type":"eighth","staff":""},{"noteName":"C4","duration":278,"voice":"1","type":"eighth","staff":""},{"noteName":"D4","duration":278,"voice":"1","type":"eighth","staff":""}]}},{"staff":{"voice1":[{"noteName":"C3","duration":278,"voice":"1","type":"eighth","staff":""},{"noteName":"E4","duration":278,"voice":"1","chord":true,"type":"eighth","staff":""},{"noteName":"G3","duration":278,"voice":"1","type":"eighth","staff":""},{"noteName":"C4","duration":278,"voice":"1","type":"eighth","staff":""},{"noteName":"G4","duration":278,"voice":"1","type":"eighth","staff":""},{"noteName":"C5","duration":278,"voice":"1","type":"eighth","staff":""},{"noteName":"D5","duration":278,"voice":"1","type":"eighth","staff":""}]}},{"staff":{"voice1":[{"noteName":"G5","duration":1112,"voice":"1","type":"half","staff":""},{"noteName":"C4","duration":278,"voice":"1","type":"eighth","staff":""},{"noteName":"D4","duration":278,"voice":"1","type":"eighth","staff":""}]}},{"staff":{"voice1":[{"noteName":"C3","duration":278,"voice":"1","type":"eighth","staff":""},{"noteName":"E4","duration":278,"voice":"1","chord":true,"type":"eighth","staff":""},{"noteName":"C4","duration":278,"voice":"1","type":"eighth","staff":""},{"noteName":"C3","duration":278,"voice":"1","type":"eighth","staff":""},{"noteName":"G4","duration":278,"voice":"1","chord":true,"type":"eighth","staff":""},{"noteName":"E3","duration":278,"voice":"1","type":"eighth","staff":""},{"noteName":"G3","duration":278,"voice":"1","type":"eighth","staff":""},{"noteName":"E4","duration":278,"voice":"1","type":"eighth","staff":""}]}},{"staff":{"voice1":[{"noteName":"G2","duration":278,"voice":"1","type":"eighth","staff":""},{"noteName":"D4","duration":278,"voice":"1","chord":true,"type":"eighth","staff":""},{"noteName":"G3","duration":278,"voice":"1","type":"eighth","staff":""},{"noteName":"B2","duration":278,"voice":"1","type":"eighth","staff":""},{"noteName":"G4","duration":278,"voice":"1","chord":true,"type":"eighth","staff":""},{"noteName":"G3","duration":278,"voice":"1","type":"eighth","staff":""},{"noteName":"D4","duration":278,"voice":"1","type":"eighth","staff":""},{"noteName":"G3","duration":278,"voice":"1","type":"eighth","staff":""}]}},{"staff":{"voice1":[{"noteName":"A2","duration":278,"voice":"1","type":"eighth","staff":""},{"noteName":"C4","duration":278,"voice":"1","chord":true,"type":"eighth","staff":""},{"noteName":"A3","duration":278,"voice":"1","type":"eighth","staff":""},{"noteName":"C4","duration":278,"voice":"1","type":"eighth","staff":""},{"noteName":"E4","duration":278,"voice":"1","chord":true,"type":"eighth","staff":""},{"noteName":"E3","duration":278,"voice":"1","type":"eighth","staff":""},{"noteName":"A3","duration":278,"voice":"1","type":"eighth","staff":""},{"noteName":"C4","duration":278,"voice":"1","type":"eighth","staff":""}]}},{"staff":{"voice1":[{"noteName":"B3","duration":278,"voice":"1","type":"eighth","staff":""},{"noteName":"B2","duration":278,"voice":"1","type":"eighth","staff":""},{"noteName":"E3","duration":278,"voice":"1","type":"eighth","staff":""},{"noteName":"G3","duration":278,"voice":"1","type":"eighth","staff":""},{"noteName":"C4","duration":278,"voice":"1","type":"eighth","staff":""},{"noteName":"B3","duration":278,"voice":"1","type":"eighth","staff":""}],"voice2":[{"noteName":"G2","duration":1112,"voice":"2","type":"half","staff":""},{"noteName":"","duration":556,"voice":"2","rest":true,"type":"quarter","staff":""}]}},{"staff":{"voice1":[{"noteName":"F2","duration":278,"voice":"1","type":"eighth","staff":""},{"noteName":"A3","duration":278,"voice":"1","chord":true,"type":"eighth","staff":""},{"noteName":"C3","duration":278,"voice":"1","type":"eighth","staff":""},{"noteName":"B3","duration":278,"voice":"1","type":"eighth","staff":""},{"noteName":"A3","duration":278,"voice":"1","type":"eighth","staff":""},{"noteName":"C4","duration":278,"voice":"1","type":"eighth","staff":""},{"noteName":"D4","duration":278,"voice":"1","type":"eighth","staff":""}]}},{"staff":{"voice1":[{"noteName":"G2","duration":278,"voice":"1","type":"eighth","staff":""},{"noteName":"G3","duration":278,"voice":"1","chord":true,"type":"eighth","staff":""},{"noteName":"C3","duration":278,"voice":"1","type":"eighth","staff":""},{"noteName":"C4","duration":278,"voice":"1","type":"eighth","staff":""},{"noteName":"G3","duration":278,"voice":"1","type":"eighth","staff":""},{"noteName":"D4","duration":278,"voice":"1","type":"eighth","staff":""},{"noteName":"E4","duration":278,"voice":"1","type":"eighth","staff":""}]}},{"staff":{"voice1":[{"noteName":"D3","duration":278,"voice":"1","type":"eighth","staff":""},{"noteName":"F4","duration":278,"voice":"1","chord":true,"type":"eighth","staff":""},{"noteName":"A3","duration":278,"voice":"1","type":"eighth","staff":""},{"noteName":"D3","duration":278,"voice":"1","type":"eighth","staff":""},{"noteName":"F4","duration":278,"voice":"1","chord":true,"type":"eighth","staff":""},{"noteName":"E4","duration":278,"voice":"1","type":"eighth","staff":""},{"noteName":"D4","duration":278,"voice":"1","type":"eighth","staff":""},{"noteName":"C4","duration":278,"voice":"1","type":"eighth","staff":""}]}},{"staff":{"voice1":[{"noteName":"","duration":92.66666666666666,"voice":"1","rest":true,"type":"16th","staff":""},{"noteName":"A3","duration":92.66666666666666,"voice":"1","tie":"start","type":"16th","staff":""},{"noteName":"A3","duration":370.66666666666663,"voice":"1","tie":"","type":"quarter","staff":""},{"noteName":"D4","duration":370.66666666666663,"voice":"1","chord":true,"tie":"start","type":"quarter","staff":""},{"noteName":"A3","duration":556,"voice":"1","tie":"stop","type":"quarter","staff":""},{"noteName":"D4","duration":556,"voice":"1","chord":true,"tie":"stop","type":"quarter","staff":""},{"noteName":"C4","duration":278,"voice":"1","type":"eighth","staff":""},{"noteName":"D4","duration":278,"voice":"1","type":"eighth","staff":""}],"voice2":[{"noteName":"D3","duration":1112,"voice":"2","type":"half","staff":""},{"noteName":"","duration":556,"voice":"2","rest":true,"type":"quarter","staff":""}]}},{"staff":{"voice1":[{"noteName":"C3","duration":278,"voice":"1","type":"eighth","staff":""},{"noteName":"E4","duration":278,"voice":"1","chord":true,"type":"eighth","staff":""},{"noteName":"C4","duration":278,"voice":"1","type":"eighth","staff":""},{"noteName":"C4","duration":278,"voice":"1","type":"eighth","staff":""},{"noteName":"G4","duration":278,"voice":"1","chord":true,"type":"eighth","staff":""},{"noteName":"E3","duration":278,"voice":"1","type":"eighth","staff":""},{"noteName":"G3","duration":278,"voice":"1","type":"eighth","staff":""},{"noteName":"E4","duration":278,"voice":"1","type":"eighth","staff":""}]}},{"staff":{"voice1":[{"noteName":"G2","duration":278,"voice":"1","type":"eighth","staff":""},{"noteName":"D4","duration":278,"voice":"1","chord":true,"type":"eighth","staff":""},{"noteName":"G3","duration":278,"voice":"1","type":"eighth","staff":""},{"noteName":"G4","duration":278,"voice":"1","type":"eighth","staff":""},{"noteName":"G3","duration":278,"voice":"1","type":"eighth","staff":""},{"noteName":"D4","duration":278,"voice":"1","type":"eighth","staff":""},{"noteName":"G3","duration":278,"voice":"1","type":"eighth","staff":""}]}},{"staff":{"voice1":[{"noteName":"A2","duration":278,"voice":"1","type":"eighth","staff":""},{"noteName":"C4","duration":278,"voice":"1","chord":true,"type":"eighth","staff":""},{"noteName":"A3","duration":278,"voice":"1","type":"eighth","staff":""},{"noteName":"E3","duration":278,"voice":"1","type":"eighth","staff":""},{"noteName":"A3","duration":278,"voice":"1","chord":true,"type":"eighth","staff":""},{"noteName":"A3","duration":278,"voice":"1","type":"eighth","staff":""},{"noteName":"B3","duration":278,"voice":"1","type":"eighth","staff":""},{"noteName":"C4","duration":278,"voice":"1","type":"eighth","staff":""}]}},{"staff":{"voice1":[{"noteName":"E2","duration":278,"voice":"1","type":"eighth","staff":""},{"noteName":"G3","duration":278,"voice":"1","chord":true,"type":"eighth","staff":""},{"noteName":"B2","duration":278,"voice":"1","type":"eighth","staff":""},{"noteName":"E3","duration":278,"voice":"1","type":"eighth","staff":""},{"noteName":"B2","duration":278,"voice":"1","type":"eighth","staff":""},{"noteName":"E2","duration":278,"voice":"1","type":"eighth","staff":""},{"noteName":"G3","duration":278,"voice":"1","chord":true,"type":"eighth","staff":""},{"noteName":"B2","duration":278,"voice":"1","type":"eighth","staff":""}]}},{"staff":{"voice1":[{"noteName":"F2","duration":278,"voice":"1","type":"eighth","staff":""},{"noteName":"A3","duration":278,"voice":"1","chord":true,"type":"eighth","staff":""},{"noteName":"F3","duration":278,"voice":"1","type":"eighth","staff":""},{"noteName":"B3","duration":278,"voice":"1","type":"eighth","staff":""},{"noteName":"A3","duration":278,"voice":"1","type":"eighth","staff":""},{"noteName":"C4","duration":278,"voice":"1","type":"eighth","staff":""},{"noteName":"D4","duration":278,"voice":"1","type":"eighth","staff":""}]}},{"staff":{"voice1":[{"noteName":"C3","duration":278,"voice":"1","type":"eighth","staff":""},{"noteName":"G3","duration":278,"voice":"1","chord":true,"type":"eighth","staff":""},{"noteName":"E3","duration":278,"voice":"1","type":"eighth","staff":""},{"noteName":"C3","duration":278,"voice":"1","type":"eighth","staff":""},{"noteName":"C4","duration":278,"voice":"1","chord":true,"type":"eighth","staff":""},{"noteName":"E3","duration":278,"voice":"1","type":"eighth","staff":""},{"noteName":"G3","duration":278,"voice":"1","type":"eighth","staff":""},{"noteName":"B3","duration":278,"voice":"1","type":"eighth","staff":""}]}},{"staff":{"voice1":[{"noteName":"D3","duration":278,"voice":"1","type":"eighth","staff":""},{"noteName":"A3","duration":278,"voice":"1","chord":true,"type":"eighth","staff":""},{"noteName":"D3","duration":278,"voice":"1","type":"eighth","staff":""},{"noteName":"B3","duration":278,"voice":"1","type":"eighth","staff":""},{"noteName":"A3","duration":278,"voice":"1","type":"eighth","staff":""},{"noteName":"C4","duration":278,"voice":"1","type":"eighth","staff":""},{"noteName":"D4","duration":278,"voice":"1","type":"eighth","staff":""}]}},{"staff":{"voice1":[{"noteName":"E2","duration":278,"voice":"1","type":"eighth","staff":""},{"noteName":"G3","duration":278,"voice":"1","chord":true,"type":"eighth","staff":""},{"noteName":"B2","duration":278,"voice":"1","type":"eighth","staff":""},{"noteName":"E3","duration":278,"voice":"1","type":"eighth","staff":""},{"noteName":"G3","duration":278,"voice":"1","type":"eighth","staff":""},{"noteName":"C4","duration":278,"voice":"1","type":"eighth","staff":""},{"noteName":"B3","duration":278,"voice":"1","type":"eighth","staff":""}]}},{"staff":{"voice1":[{"noteName":"F2","duration":278,"voice":"1","type":"eighth","staff":""},{"noteName":"A3","duration":278,"voice":"1","chord":true,"type":"eighth","staff":""},{"noteName":"F3","duration":278,"voice":"1","type":"eighth","staff":""},{"noteName":"B3","duration":278,"voice":"1","type":"eighth","staff":""},{"noteName":"A3","duration":278,"voice":"1","type":"eighth","staff":""},{"noteName":"C4","duration":278,"voice":"1","type":"eighth","staff":""},{"noteName":"D4","duration":278,"voice":"1","type":"eighth","staff":""}]}},{"staff":{"voice1":[{"noteName":"G2","duration":278,"voice":"1","type":"eighth","staff":""},{"noteName":"G3","duration":278,"voice":"1","chord":true,"type":"eighth","staff":""},{"noteName":"C3","duration":278,"voice":"1","type":"eighth","staff":""},{"noteName":"C4","duration":278,"voice":"1","type":"eighth","staff":""},{"noteName":"G3","duration":278,"voice":"1","type":"eighth","staff":""},{"noteName":"D4","duration":278,"voice":"1","type":"eighth","staff":""},{"noteName":"E4","duration":278,"voice":"1","type":"eighth","staff":""}]}},{"staff":{"voice1":[{"noteName":"D3","duration":278,"voice":"1","type":"eighth","staff":""},{"noteName":"C4","duration":278,"voice":"1","chord":true,"type":"eighth","staff":""},{"noteName":"F4","duration":278,"voice":"1","chord":true,"type":"eighth","staff":""},{"noteName":"A3","duration":278,"voice":"1","type":"eighth","staff":""},{"noteName":"F4","duration":278,"voice":"1","type":"eighth","staff":""},{"noteName":"E4","duration":278,"voice":"1","type":"eighth","staff":""},{"noteName":"D4","duration":278,"voice":"1","type":"eighth","staff":""},{"noteName":"C4","duration":278,"voice":"1","type":"eighth","staff":""}]}},{"staff":{"voice1":[{"noteName":"C4","duration":556,"voice":"1","tie":"start","type":"quarter","staff":""},{"noteName":"G3","duration":556,"voice":"1","type":"quarter","staff":""},{"noteName":"C4","duration":556,"voice":"1","chord":true,"tie":"stop","type":"quarter","staff":""},{"noteName":"C4","duration":556,"voice":"1","type":"quarter","staff":""}],"voice2":[{"noteName":"C3","duration":556,"voice":"2","type":"quarter","staff":""},{"noteName":"","duration":556,"voice":"2","rest":true,"type":"quarter","staff":""},{"noteName":"","duration":556,"voice":"2","rest":true,"type":"quarter","staff":""}]}},{"staff":{"voice1":[{"noteName":"C4","duration":278,"voice":"1","type":"eighth","staff":""},{"noteName":"D4","duration":278,"voice":"1","type":"eighth","staff":""},{"noteName":"E4","duration":278,"voice":"1","type":"eighth","staff":""},{"noteName":"G4","duration":278,"voice":"1","type":"eighth","staff":""},{"noteName":"C5","duration":278,"voice":"1","type":"eighth","staff":""},{"noteName":"E5","duration":278,"voice":"1","type":"eighth","staff":""}]}},{},{"staff":{"voice1":[{"noteName":"C3","duration":278,"voice":"1","type":"eighth","staff":""},{"noteName":"D3","duration":278,"voice":"1","type":"eighth","staff":""},{"noteName":"E3","duration":278,"voice":"1","type":"eighth","staff":""},{"noteName":"G3","duration":278,"voice":"1","type":"eighth","staff":""},{"noteName":"C4","duration":278,"voice":"1","type":"eighth","staff":""},{"noteName":"D4","duration":278,"voice":"1","type":"eighth","staff":""}]}},{"staff":{"voice1":[{"noteName":"C3","duration":278,"voice":"1","type":"eighth","staff":""},{"noteName":"G4","duration":278,"voice":"1","chord":true,"type":"eighth","staff":""},{"noteName":"G3","duration":278,"voice":"1","type":"eighth","staff":""},{"noteName":"C4","duration":278,"voice":"1","type":"eighth","staff":""},{"noteName":"G4","duration":278,"voice":"1","chord":true,"type":"eighth","staff":""},{"noteName":"G3","duration":278,"voice":"1","type":"eighth","staff":""},{"noteName":"C4","duration":278,"voice":"1","type":"eighth","staff":""},{"noteName":"G4","duration":278,"voice":"1","chord":true,"type":"eighth","staff":""},{"noteName":"G3","duration":278,"voice":"1","type":"eighth","staff":""}]}},{"staff":{"voice1":[{"noteName":"G2","duration":278,"voice":"1","type":"eighth","staff":""},{"noteName":"G4","duration":278,"voice":"1","chord":true,"type":"eighth","staff":""},{"noteName":"B3","duration":278,"voice":"1","type":"eighth","staff":""},{"noteName":"D4","duration":278,"voice":"1","type":"eighth","staff":""},{"noteName":"G4","duration":278,"voice":"1","chord":true,"type":"eighth","staff":""},{"noteName":"A4","duration":278,"voice":"1","type":"eighth","staff":""},{"noteName":"D4","duration":278,"voice":"1","type":"eighth","staff":""},{"noteName":"G4","duration":278,"voice":"1","chord":true,"type":"eighth","staff":""},{"noteName":"F4","duration":278,"voice":"1","type":"eighth","staff":""}]}},{"staff":{"voice1":[{"noteName":"A2","duration":278,"voice":"1","type":"eighth","staff":""},{"noteName":"E4","duration":278,"voice":"1","chord":true,"type":"eighth","staff":""},{"noteName":"A3","duration":278,"voice":"1","type":"eighth","staff":""},{"noteName":"C4","duration":278,"voice":"1","type":"eighth","staff":""},{"noteName":"E4","duration":278,"voice":"1","chord":true,"type":"eighth","staff":""},{"noteName":"A3","duration":278,"voice":"1","type":"eighth","staff":""},{"noteName":"C4","duration":278,"voice":"1","type":"eighth","staff":""},{"noteName":"E4","duration":278,"voice":"1","chord":true,"type":"eighth","staff":""},{"noteName":"A3","duration":278,"voice":"1","type":"eighth","staff":""}]}},{"staff":{"voice1":[{"noteName":"E2","duration":278,"voice":"1","type":"eighth","staff":""},{"noteName":"E4","duration":278,"voice":"1","chord":true,"type":"eighth","staff":""},{"noteName":"G3","duration":278,"voice":"1","type":"eighth","staff":""},{"noteName":"B3","duration":278,"voice":"1","type":"eighth","staff":""},{"noteName":"E4","duration":278,"voice":"1","chord":true,"type":"eighth","staff":""},{"noteName":"F4","duration":278,"voice":"1","type":"eighth","staff":""},{"noteName":"B3","duration":278,"voice":"1","type":"eighth","staff":""},{"noteName":"E4","duration":278,"voice":"1","chord":true,"type":"eighth","staff":""},{"noteName":"D4","duration":278,"voice":"1","type":"eighth","staff":""}]}},{"staff":{"voice1":[{"noteName":"A2","duration":278,"voice":"1","type":"eighth","staff":""},{"noteName":"C4","duration":278,"voice":"1","chord":true,"type":"eighth","staff":""},{"noteName":"A3","duration":278,"voice":"1","type":"eighth","staff":""},{"noteName":"C4","duration":278,"voice":"1","type":"eighth","staff":""},{"noteName":"A3","duration":278,"voice":"1","type":"eighth","staff":""},{"noteName":"C4","duration":278,"voice":"1","type":"eighth","staff":""},{"noteName":"B3","duration":278,"voice":"1","type":"eighth","staff":""}]}},{"staff":{"voice1":[{"noteName":"F2","duration":278,"voice":"1","type":"eighth","staff":""},{"noteName":"A3","duration":278,"voice":"1","chord":true,"type":"eighth","staff":""},{"noteName":"F3","duration":278,"voice":"1","type":"eighth","staff":""},{"noteName":"B3","duration":278,"voice":"1","type":"eighth","staff":""},{"noteName":"A3","duration":278,"voice":"1","type":"eighth","staff":""},{"noteName":"B3","duration":278,"voice":"1","type":"eighth","staff":""},{"noteName":"C4","duration":278,"voice":"1","type":"eighth","staff":""}]}},{"staff":{"voice1":[{"noteName":"D3","duration":278,"voice":"1","type":"eighth","staff":""},{"noteName":"D4","duration":278,"voice":"1","chord":true,"type":"eighth","staff":""},{"noteName":"A3","duration":278,"voice":"1","type":"eighth","staff":""},{"noteName":"D4","duration":278,"voice":"1","type":"eighth","staff":""},{"noteName":"E4","duration":278,"voice":"1","type":"eighth","staff":""},{"noteName":"D4","duration":278,"voice":"1","type":"eighth","staff":""},{"noteName":"E4","duration":278,"voice":"1","type":"eighth","staff":""}]}},{"staff":{"voice1":[{"noteName":"G2","duration":278,"voice":"1","type":"eighth","staff":""},{"noteName":"D4","duration":278,"voice":"1","chord":true,"type":"eighth","staff":""},{"noteName":"B2","duration":278,"voice":"1","type":"eighth","staff":""},{"noteName":"D3","duration":278,"voice":"1","type":"eighth","staff":""},{"noteName":"G3","duration":278,"voice":"1","type":"eighth","staff":""},{"noteName":"E4","duration":278,"voice":"1","type":"eighth","staff":""},{"noteName":"F4","duration":278,"voice":"1","type":"eighth","staff":""}]}},{"staff":{"voice1":[{"noteName":"C3","duration":278,"voice":"1","type":"eighth","staff":""},{"noteName":"G4","duration":278,"voice":"1","chord":true,"type":"eighth","staff":""},{"noteName":"G3","duration":278,"voice":"1","type":"eighth","staff":""},{"noteName":"C4","duration":278,"voice":"1","type":"eighth","staff":""},{"noteName":"G4","duration":278,"voice":"1","chord":true,"type":"eighth","staff":""},{"noteName":"G3","duration":278,"voice":"1","type":"eighth","staff":""},{"noteName":"C4","duration":278,"voice":"1","type":"eighth","staff":""},{"noteName":"G4","duration":278,"voice":"1","chord":true,"type":"eighth","staff":""},{"noteName":"G3","duration":278,"voice":"1","type":"eighth","staff":""}]}},{"staff":{"voice1":[{"noteName":"G2","duration":278,"voice":"1","type":"eighth","staff":""},{"noteName":"G4","duration":278,"voice":"1","chord":true,"type":"eighth","staff":""},{"noteName":"B3","duration":278,"voice":"1","type":"eighth","staff":""},{"noteName":"D4","duration":278,"voice":"1","type":"eighth","staff":""},{"noteName":"G4","duration":278,"voice":"1","chord":true,"type":"eighth","staff":""},{"noteName":"A4","duration":278,"voice":"1","type":"eighth","staff":""},{"noteName":"D4","duration":278,"voice":"1","type":"eighth","staff":""},{"noteName":"G4","duration":278,"voice":"1","chord":true,"type":"eighth","staff":""},{"noteName":"F4","duration":278,"voice":"1","type":"eighth","staff":""}]}},{"staff":{"voice1":[{"noteName":"A2","duration":278,"voice":"1","type":"eighth","staff":""},{"noteName":"E4","duration":278,"voice":"1","chord":true,"type":"eighth","staff":""},{"noteName":"A3","duration":278,"voice":"1","type":"eighth","staff":""},{"noteName":"C4","duration":278,"voice":"1","type":"eighth","staff":""},{"noteName":"E4","duration":278,"voice":"1","chord":true,"type":"eighth","staff":""},{"noteName":"A3","duration":278,"voice":"1","type":"eighth","staff":""},{"noteName":"C4","duration":278,"voice":"1","type":"eighth","staff":""},{"noteName":"E4","duration":278,"voice":"1","chord":true,"type":"eighth","staff":""},{"noteName":"A3","duration":278,"voice":"1","type":"eighth","staff":""}]}},{"staff":{"voice1":[{"noteName":"E2","duration":278,"voice":"1","type":"eighth","staff":""},{"noteName":"E4","duration":278,"voice":"1","chord":true,"type":"eighth","staff":""},{"noteName":"F4","duration":278,"voice":"1","type":"eighth","staff":""},{"noteName":"B2","duration":278,"voice":"1","type":"eighth","staff":""},{"noteName":"E4","duration":278,"voice":"1","chord":true,"type":"eighth","staff":""},{"noteName":"D4","duration":278,"voice":"1","type":"eighth","staff":""},{"noteName":"E3","duration":278,"voice":"1","type":"eighth","staff":""},{"noteName":"C4","duration":278,"voice":"1","chord":true,"type":"eighth","staff":""},{"noteName":"B3","duration":278,"voice":"1","type":"eighth","staff":""}]}},{"staff":{"voice1":[{"noteName":"F2","duration":278,"voice":"1","type":"eighth","staff":""},{"noteName":"A3","duration":278,"voice":"1","chord":true,"type":"eighth","staff":""},{"noteName":"F3","duration":278,"voice":"1","type":"eighth","staff":""},{"noteName":"A3","duration":278,"voice":"1","type":"eighth","staff":""},{"noteName":"B3","duration":278,"voice":"1","type":"eighth","staff":""},{"noteName":"C4","duration":278,"voice":"1","type":"eighth","staff":""},{"noteName":"D4","duration":278,"voice":"1","type":"eighth","staff":""}]}},{"staff":{"voice1":[{"noteName":"G2","duration":278,"voice":"1","type":"eighth","staff":""},{"noteName":"G3","duration":278,"voice":"1","chord":true,"type":"eighth","staff":""},{"noteName":"D3","duration":278,"voice":"1","type":"eighth","staff":""},{"noteName":"C4","duration":278,"voice":"1","type":"eighth","staff":""},{"noteName":"G3","duration":278,"voice":"1","type":"eighth","staff":""},{"noteName":"D4","duration":278,"voice":"1","type":"eighth","staff":""},{"noteName":"E4","duration":278,"voice":"1","type":"eighth","staff":""}]}},{"staff":{"voice1":[{"noteName":"F2","duration":278,"voice":"1","type":"eighth","staff":""},{"noteName":"D4","duration":278,"voice":"1","chord":true,"type":"eighth","staff":""},{"noteName":"C3","duration":278,"voice":"1","type":"eighth","staff":""},{"noteName":"F3","duration":278,"voice":"1","type":"eighth","staff":""},{"noteName":"A3","duration":278,"voice":"1","type":"eighth","staff":""},{"noteName":"D4","duration":278,"voice":"1","type":"eighth","staff":""},{"noteName":"C4","duration":278,"voice":"1","type":"eighth","staff":""}]}},{"staff":{"voice1":[{"noteName":"C3","duration":278,"voice":"1","type":"eighth","staff":""},{"noteName":"E3","duration":278,"voice":"1","chord":true,"type":"eighth","staff":""},{"noteName":"C4","duration":278,"voice":"1","chord":true,"type":"eighth","staff":""},{"noteName":"G3","duration":278,"voice":"1","type":"eighth","staff":""},{"noteName":"C4","duration":278,"voice":"1","type":"eighth","staff":""},{"noteName":"D4","duration":278,"voice":"1","type":"eighth","staff":""},{"noteName":"E4","duration":278,"voice":"1","type":"eighth","staff":""},{"noteName":"G4","duration":278,"voice":"1","type":"eighth","staff":""}]}},{"staff":{"voice1":[{"noteName":"C4","duration":278,"voice":"1","type":"eighth","staff":""},{"noteName":"D4","duration":278,"voice":"1","type":"eighth","staff":""},{"noteName":"E4","duration":278,"voice":"1","type":"eighth","staff":""},{"noteName":"G4","duration":278,"voice":"1","type":"eighth","staff":""},{"noteName":"C5","duration":278,"voice":"1","type":"eighth","staff":""},{"noteName":"D5","duration":278,"voice":"1","type":"eighth","staff":""}]}},{"staff":{"voice1":[{"noteName":"C3","duration":278,"voice":"1","type":"eighth","staff":""},{"noteName":"G3","duration":278,"voice":"1","type":"eighth","staff":""},{"noteName":"C4","duration":278,"voice":"1","type":"eighth","staff":""},{"noteName":"D4","duration":278,"voice":"1","type":"eighth","staff":""},{"noteName":"E4","duration":278,"voice":"1","type":"eighth","staff":""},{"noteName":"G4","duration":278,"voice":"1","type":"eighth","staff":""}]}},{"staff":{"voice1":[{"noteName":"C4","duration":278,"voice":"1","type":"eighth","staff":""},{"noteName":"D4","duration":278,"voice":"1","type":"eighth","staff":""},{"noteName":"E4","duration":278,"voice":"1","type":"eighth","staff":""},{"noteName":"G4","duration":278,"voice":"1","type":"eighth","staff":""},{"noteName":"C5","duration":278,"voice":"1","type":"eighth","staff":""},{"noteName":"G5","duration":278,"voice":"1","type":"eighth","staff":""}]}},{"staff":{"voice1":[{"noteName":"C5","duration":1668,"voice":"1","type":"half","dot":true,"staff":""},{"noteName":"G5","duration":1668,"voice":"1","chord":true,"type":"half","dot":true,"staff":""},{"noteName":"C6","duration":1668,"voice":"1","chord":true,"type":"half","dot":true,"staff":""}]}}],"divisions":6}