{"musicName":"时间煮雨","partName":"Piano, Piano","partAbbr":"Pno.","perMinute":"85","beatUnit":"quarter","timeUnit":706,"NOTE_DURATION":{"256th":11,"128th":22,"64th":44,"32nd":88,"16th":177,"eighth":353,"quarter":706,"half":1412,"whole":2824,"breve":5648},"measures":[{"staff1":{"voice1":[{"noteName":"E5","duration":706,"voice":"1","tie":"start","type":"quarter","staff":"1"},{"noteName":"E5","duration":176.5,"voice":"1","tie":"stop","type":"16th","staff":"1"},{"noteName":"D5","duration":176.5,"voice":"1","type":"16th","staff":"1"},{"noteName":"E5","duration":176.5,"voice":"1","type":"16th","staff":"1"},{"noteName":"G5","duration":176.5,"voice":"1","type":"16th","staff":"1"},{"noteName":"E5","duration":706,"voice":"1","tie":"start","type":"quarter","staff":"1"},{"noteName":"E5","duration":176.5,"voice":"1","tie":"stop","type":"16th","staff":"1"},{"noteName":"D5","duration":176.5,"voice":"1","type":"16th","staff":"1"},{"noteName":"E5","duration":176.5,"voice":"1","type":"16th","staff":"1"},{"noteName":"G5","duration":176.5,"voice":"1","type":"16th","staff":"1"}]},"staff2":{"voice5":[{"noteName":"F3","duration":353,"voice":"5","type":"eighth","staff":"2"},{"noteName":"C4","duration":353,"voice":"5","type":"eighth","staff":"2"},{"noteName":"A4","duration":706,"voice":"5","type":"quarter","staff":"2"},{"noteName":"G3","duration":353,"voice":"5","type":"eighth","staff":"2"},{"noteName":"D4","duration":353,"voice":"5","type":"eighth","staff":"2"},{"noteName":"A4","duration":706,"voice":"5","type":"quarter","staff":"2"}]}},{"staff1":{"voice1":[{"noteName":"E5","duration":706,"voice":"1","tie":"start","type":"quarter","staff":"1"},{"noteName":"E5","duration":176.5,"voice":"1","tie":"stop","type":"16th","staff":"1"},{"noteName":"D5","duration":176.5,"voice":"1","type":"16th","staff":"1"},{"noteName":"E5","duration":176.5,"voice":"1","type":"16th","staff":"1"},{"noteName":"G5","duration":176.5,"voice":"1","type":"16th","staff":"1"},{"noteName":"E5","duration":706,"voice":"1","type":"quarter","staff":"1"},{"noteName":"C6","duration":176.5,"voice":"1","type":"16th","staff":"1"},{"noteName":"B5","duration":176.5,"voice":"1","type":"16th","staff":"1"},{"noteName":"A5","duration":176.5,"voice":"1","type":"16th","staff":"1"},{"noteName":"G5","duration":176.5,"voice":"1","type":"16th","staff":"1"}]},"staff2":{"voice5":[{"noteName":"A3","duration":353,"voice":"5","type":"eighth","staff":"2"},{"noteName":"E4","duration":353,"voice":"5","type":"eighth","staff":"2"},{"noteName":"A4","duration":706,"voice":"5","type":"quarter","staff":"2"},{"noteName":"","duration":1412,"voice":"5","rest":true,"type":"half","staff":"2"}]}},{"staff1":{"voice1":[{"noteName":"E5","duration":706,"voice":"1","tie":"start","type":"quarter","staff":"1"},{"noteName":"E5","duration":176.5,"voice":"1","tie":"stop","type":"16th","staff":"1"},{"noteName":"D5","duration":176.5,"voice":"1","type":"16th","staff":"1"},{"noteName":"E5","duration":176.5,"voice":"1","type":"16th","staff":"1"},{"noteName":"A5","duration":176.5,"voice":"1","type":"16th","staff":"1"},{"noteName":"E5","duration":706,"voice":"1","tie":"start","type":"quarter","staff":"1"},{"noteName":"E5","duration":176.5,"voice":"1","tie":"stop","type":"16th","staff":"1"},{"noteName":"D5","duration":176.5,"voice":"1","type":"16th","staff":"1"},{"noteName":"E5","duration":176.5,"voice":"1","type":"16th","staff":"1"},{"noteName":"G5","duration":176.5,"voice":"1","type":"16th","staff":"1"}]},"staff2":{"voice5":[{"noteName":"F3","duration":353,"voice":"5","type":"eighth","staff":"2"},{"noteName":"C4","duration":353,"voice":"5","type":"eighth","staff":"2"},{"noteName":"A4","duration":706,"voice":"5","type":"quarter","staff":"2"},{"noteName":"G3","duration":353,"voice":"5","type":"eighth","staff":"2"},{"noteName":"D4","duration":353,"voice":"5","type":"eighth","staff":"2"},{"noteName":"A4","duration":706,"voice":"5","type":"quarter","staff":"2"}]}},{"staff1":{"voice1":[{"noteName":"E5","duration":706,"voice":"1","type":"quarter","staff":"1"},{"noteName":"D4","duration":353,"voice":"1","type":"eighth","staff":"1"},{"noteName":"G4","duration":353,"voice":"1","type":"eighth","staff":"1"},{"noteName":"E4","duration":706,"voice":"1","type":"quarter","staff":"1"},{"noteName":"C5","duration":353,"voice":"1","type":"eighth","staff":"1"},{"noteName":"D5","duration":353,"voice":"1","type":"eighth","staff":"1"}]},"staff2":{"voice5":[{"noteName":"C3","duration":353,"voice":"5","type":"eighth","staff":"2"},{"noteName":"G3","duration":1059,"voice":"5","type":"quarter","dot":true,"staff":"2"},{"noteName":"","duration":1412,"voice":"5","rest":true,"type":"half","staff":"2"}]}},{"staff1":{"voice1":[{"noteName":"E5","duration":706,"voice":"1","tie":"start","type":"quarter","staff":"1"},{"noteName":"E5","duration":176.5,"voice":"1","tie":"stop","type":"16th","staff":"1"},{"noteName":"D5","duration":176.5,"voice":"1","type":"16th","staff":"1"},{"noteName":"E5","duration":176.5,"voice":"1","type":"16th","staff":"1"},{"noteName":"A5","duration":176.5,"voice":"1","type":"16th","staff":"1"},{"noteName":"E5","duration":706,"voice":"1","type":"quarter","staff":"1"},{"noteName":"G5","duration":353,"voice":"1","type":"eighth","staff":"1"},{"noteName":"E5","duration":353,"voice":"1","type":"eighth","staff":"1"}]},"staff2":{"voice5":[{"noteName":"F3","duration":353,"voice":"5","type":"eighth","staff":"2"},{"noteName":"C4","duration":353,"voice":"5","type":"eighth","staff":"2"},{"noteName":"A4","duration":706,"voice":"5","type":"quarter","staff":"2"},{"noteName":"G3","duration":353,"voice":"5","type":"eighth","staff":"2"},{"noteName":"D4","duration":353,"voice":"5","type":"eighth","staff":"2"},{"noteName":"A4","duration":706,"voice":"5","type":"quarter","staff":"2"}]}},{"staff1":{"voice1":[{"noteName":"C6","duration":353,"voice":"1","type":"eighth","staff":"1"},{"noteName":"B5","duration":353,"voice":"1","type":"eighth","staff":"1"},{"noteName":"A5","duration":353,"voice":"1","type":"eighth","staff":"1"},{"noteName":"G5","duration":353,"voice":"1","type":"eighth","staff":"1"},{"noteName":"A5","duration":1059,"voice":"1","type":"quarter","dot":true,"staff":"1"},{"noteName":"C5","duration":353,"voice":"1","type":"eighth","staff":"1"}]},"staff2":{"voice5":[{"noteName":"A2","duration":353,"voice":"5","type":"eighth","staff":"2"},{"noteName":"E3","duration":353,"voice":"5","type":"eighth","staff":"2"},{"noteName":"C4","duration":706,"voice":"5","type":"quarter","staff":"2"},{"noteName":"D3","duration":353,"voice":"5","type":"eighth","staff":"2"},{"noteName":"A3","duration":353,"voice":"5","type":"eighth","staff":"2"},{"noteName":"F#4","duration":706,"voice":"5","alter":"1","type":"quarter","staff":"2"}]}},{"staff1":{"voice1":[{"noteName":"A4","duration":1059,"voice":"1","type":"quarter","dot":true,"staff":"1"},{"noteName":"G5","duration":353,"voice":"1","type":"eighth","staff":"1"},{"noteName":"C6","duration":353,"voice":"1","chord":true,"type":"eighth","staff":"1"},{"noteName":"D5","duration":1059,"voice":"1","type":"quarter","dot":true,"staff":"1"},{"noteName":"A5","duration":1059,"voice":"1","chord":true,"type":"quarter","dot":true,"staff":"1"},{"noteName":"C6","duration":353,"voice":"1","type":"eighth","staff":"1"}]},"staff2":{"voice5":[{"noteName":"D3","duration":353,"voice":"5","type":"eighth","staff":"2"},{"noteName":"A3","duration":353,"voice":"5","type":"eighth","staff":"2"},{"noteName":"C4","duration":706,"voice":"5","type":"quarter","staff":"2"},{"noteName":"E3","duration":1412,"voice":"5","type":"half","staff":"2"}]}},{"staff1":{"voice1":[{"noteName":"A5","duration":2824,"voice":"1","type":"whole","staff":"1"}]},"staff2":{"voice5":[{"noteName":"A2","duration":353,"voice":"5","type":"eighth","staff":"2"},{"noteName":"E3","duration":353,"voice":"5","type":"eighth","staff":"2"},{"noteName":"G3","duration":353,"voice":"5","type":"eighth","staff":"2"},{"noteName":"D4","duration":353,"voice":"5","type":"eighth","staff":"2"},{"noteName":"E4","duration":1412,"voice":"5","type":"half","staff":"2"}]}},{"staff1":{"voice1":[{"noteName":"","duration":706,"voice":"1","rest":true,"type":"quarter","staff":"1"},{"noteName":"E5","duration":353,"voice":"1","type":"eighth","staff":"1"},{"noteName":"E5","duration":353,"voice":"1","type":"eighth","staff":"1"},{"noteName":"D5","duration":1059,"voice":"1","type":"quarter","dot":true,"staff":"1"},{"noteName":"B4","duration":353,"voice":"1","tie":"start","type":"eighth","staff":"1"}]},"staff2":{"voice5":[{"noteName":"F3","duration":353,"voice":"5","type":"eighth","staff":"2"},{"noteName":"C4","duration":353,"voice":"5","type":"eighth","staff":"2"},{"noteName":"A4","duration":706,"voice":"5","type":"quarter","staff":"2"},{"noteName":"G3","duration":353,"voice":"5","type":"eighth","staff":"2"},{"noteName":"D4","duration":353,"voice":"5","type":"eighth","staff":"2"},{"noteName":"A4","duration":706,"voice":"5","type":"quarter","staff":"2"}]}},{"staff1":{"voice1":[{"noteName":"B4","duration":353,"voice":"1","tie":"stop","type":"eighth","staff":"1"},{"noteName":"C5","duration":1059,"voice":"1","type":"quarter","dot":true,"staff":"1"},{"noteName":"","duration":706,"voice":"1","rest":true,"type":"quarter","staff":"1"},{"noteName":"C6","duration":176.5,"voice":"1","type":"16th","staff":"1"},{"noteName":"B5","duration":176.5,"voice":"1","type":"16th","staff":"1"},{"noteName":"A5","duration":176.5,"voice":"1","type":"16th","staff":"1"},{"noteName":"G5","duration":176.5,"voice":"1","type":"16th","staff":"1"}]},"staff2":{"voice5":[{"noteName":"A3","duration":353,"voice":"5","type":"eighth","staff":"2"},{"noteName":"E4","duration":353,"voice":"5","type":"eighth","staff":"2"},{"noteName":"A4","duration":2118,"voice":"5","type":"half","dot":true,"staff":"2"}]}},{"staff1":{"voice1":[{"noteName":"E5","duration":706,"voice":"1","type":"quarter","staff":"1"},{"noteName":"E5","duration":353,"voice":"1","type":"eighth","staff":"1"},{"noteName":"E5","duration":353,"voice":"1","type":"eighth","staff":"1"},{"noteName":"D5","duration":353,"voice":"1","type":"eighth","staff":"1"},{"noteName":"C5","duration":353,"voice":"1","type":"eighth","staff":"1"},{"noteName":"D5","duration":353,"voice":"1","type":"eighth","staff":"1"},{"noteName":"G5","duration":353,"voice":"1","tie":"start","type":"eighth","staff":"1"}]},"staff2":{"voice5":[{"noteName":"F3","duration":353,"voice":"5","type":"eighth","staff":"2"},{"noteName":"C4","duration":353,"voice":"5","type":"eighth","staff":"2"},{"noteName":"A4","duration":706,"voice":"5","type":"quarter","staff":"2"},{"noteName":"G3","duration":353,"voice":"5","type":"eighth","staff":"2"},{"noteName":"D4","duration":353,"voice":"5","type":"eighth","staff":"2"},{"noteName":"A4","duration":706,"voice":"5","type":"quarter","staff":"2"}]}},{"staff1":{"voice1":[{"noteName":"G5","duration":353,"voice":"1","tie":"stop","type":"eighth","staff":"1"},{"noteName":"E5","duration":1059,"voice":"1","type":"quarter","dot":true,"staff":"1"},{"noteName":"","duration":1412,"voice":"1","rest":true,"type":"half","staff":"1"}]},"staff2":{"voice5":[{"noteName":"C3","duration":353,"voice":"5","type":"eighth","staff":"2"},{"noteName":"G3","duration":353,"voice":"5","type":"eighth","staff":"2"},{"noteName":"D4","duration":353,"voice":"5","type":"eighth","staff":"2"},{"noteName":"E4","duration":353,"voice":"5","type":"eighth","staff":"2"},{"noteName":"G4","duration":1412,"voice":"5","type":"half","staff":"2"}]}},{"staff1":{"voice1":[{"noteName":"","duration":706,"voice":"1","rest":true,"type":"quarter","staff":"1"},{"noteName":"A5","duration":353,"voice":"1","type":"eighth","staff":"1"},{"noteName":"A5","duration":353,"voice":"1","type":"eighth","staff":"1"},{"noteName":"G5","duration":706,"voice":"1","type":"quarter","staff":"1"},{"noteName":"E5","duration":353,"voice":"1","type":"eighth","staff":"1"},{"noteName":"D5","duration":353,"voice":"1","type":"eighth","staff":"1"}]},"staff2":{"voice5":[{"noteName":"F3","duration":353,"voice":"5","type":"eighth","staff":"2"},{"noteName":"C4","duration":353,"voice":"5","type":"eighth","staff":"2"},{"noteName":"A4","duration":706,"voice":"5","type":"quarter","staff":"2"},{"noteName":"G3","duration":353,"voice":"5","type":"eighth","staff":"2"},{"noteName":"D4","duration":353,"voice":"5","type":"eighth","staff":"2"},{"noteName":"A4","duration":706,"voice":"5","type":"quarter","staff":"2"}]}},{"staff1":{"voice1":[{"noteName":"E5","duration":706,"voice":"1","type":"quarter","staff":"1"},{"noteName":"D5","duration":706,"voice":"1","type":"quarter","staff":"1"},{"noteName":"A4","duration":1412,"voice":"1","type":"half","staff":"1"},{"noteName":"C5","duration":1412,"voice":"1","chord":true,"type":"half","staff":"1"}]},"staff2":{"voice5":[{"noteName":"A3","duration":1059,"voice":"5","type":"quarter","dot":true,"staff":"2"},{"noteName":"G3","duration":353,"voice":"5","type":"eighth","staff":"2"},{"noteName":"F#3","duration":1412,"voice":"5","alter":"1","type":"half","staff":"2"}]}},{"staff1":{"voice1":[{"noteName":"E5","duration":706,"voice":"1","type":"quarter","staff":"1"},{"noteName":"D5","duration":353,"voice":"1","type":"eighth","staff":"1"},{"noteName":"C5","duration":353,"voice":"1","type":"eighth","staff":"1"},{"noteName":"D5","duration":1059,"voice":"1","type":"quarter","dot":true,"staff":"1"},{"noteName":"B4","duration":353,"voice":"1","tie":"start","type":"eighth","staff":"1"}]},"staff2":{"voice5":[{"noteName":"D3","duration":353,"voice":"5","type":"eighth","staff":"2"},{"noteName":"A3","duration":353,"voice":"5","type":"eighth","staff":"2"},{"noteName":"C4","duration":353,"voice":"5","type":"eighth","staff":"2"},{"noteName":"F4","duration":353,"voice":"5","type":"eighth","staff":"2"},{"noteName":"E3","duration":1412,"voice":"5","type":"half","staff":"2"}]}},{"staff1":{"voice1":[{"noteName":"B4","duration":353,"voice":"1","tie":"stop","type":"eighth","staff":"1"},{"noteName":"A4","duration":353,"voice":"1","type":"eighth","staff":"1"},{"noteName":"D4","duration":353,"voice":"1","type":"eighth","staff":"1"},{"noteName":"A4","duration":353,"voice":"1","type":"eighth","staff":"1"},{"noteName":"C#4","duration":353,"voice":"1","alter":"1","type":"eighth","staff":"1"},{"noteName":"D4","duration":353,"voice":"1","type":"eighth","staff":"1"},{"noteName":"E4","duration":706,"voice":"1","type":"quarter","staff":"1"}]},"staff2":{"voice5":[{"noteName":"A2","duration":353,"voice":"5","type":"eighth","staff":"2"},{"noteName":"E3","duration":1059,"voice":"5","type":"quarter","dot":true,"staff":"2"},{"noteName":"A3","duration":1412,"voice":"5","type":"half","staff":"2"}]}},{"staff1":{"voice1":[{"noteName":"","duration":706,"voice":"1","rest":true,"type":"quarter","staff":"1"},{"noteName":"E5","duration":353,"voice":"1","type":"eighth","staff":"1"},{"noteName":"E5","duration":353,"voice":"1","type":"eighth","staff":"1"},{"noteName":"D5","duration":1059,"voice":"1","type":"quarter","dot":true,"staff":"1"},{"noteName":"B4","duration":353,"voice":"1","tie":"start","type":"eighth","staff":"1"}]},"staff2":{"voice5":[{"noteName":"F3","duration":353,"voice":"5","type":"eighth","staff":"2"},{"noteName":"C4","duration":353,"voice":"5","type":"eighth","staff":"2"},{"noteName":"A4","duration":706,"voice":"5","type":"quarter","staff":"2"},{"noteName":"G3","duration":353,"voice":"5","type":"eighth","staff":"2"},{"noteName":"D4","duration":353,"voice":"5","type":"eighth","staff":"2"},{"noteName":"A4","duration":706,"voice":"5","type":"quarter","staff":"2"}]}},{"staff1":{"voice1":[{"noteName":"B4","duration":353,"voice":"1","tie":"stop","type":"eighth","staff":"1"},{"noteName":"C5","duration":1059,"voice":"1","type":"quarter","dot":true,"staff":"1"},{"noteName":"","duration":706,"voice":"1","rest":true,"type":"quarter","staff":"1"},{"noteName":"C6","duration":176.5,"voice":"1","type":"16th","staff":"1"},{"noteName":"B5","duration":176.5,"voice":"1","type":"16th","staff":"1"},{"noteName":"A5","duration":176.5,"voice":"1","type":"16th","staff":"1"},{"noteName":"G5","duration":176.5,"voice":"1","type":"16th","staff":"1"}]},"staff2":{"voice5":[{"noteName":"A3","duration":353,"voice":"5","type":"eighth","staff":"2"},{"noteName":"E4","duration":353,"voice":"5","type":"eighth","staff":"2"},{"noteName":"A4","duration":353,"voice":"5","type":"eighth","staff":"2"},{"noteName":"B4","duration":353,"voice":"5","type":"eighth","staff":"2"},{"noteName":"C5","duration":1412,"voice":"5","type":"half","staff":"2"}]}},{"staff1":{"voice1":[{"noteName":"E5","duration":706,"voice":"1","type":"quarter","staff":"1"},{"noteName":"E5","duration":353,"voice":"1","type":"eighth","staff":"1"},{"noteName":"E5","duration":353,"voice":"1","type":"eighth","staff":"1"},{"noteName":"D5","duration":353,"voice":"1","type":"eighth","staff":"1"},{"noteName":"C5","duration":353,"voice":"1","type":"eighth","staff":"1"},{"noteName":"D5","duration":353,"voice":"1","type":"eighth","staff":"1"},{"noteName":"G5","duration":353,"voice":"1","tie":"start","type":"eighth","staff":"1"}]},"staff2":{"voice5":[{"noteName":"F3","duration":353,"voice":"5","type":"eighth","staff":"2"},{"noteName":"C4","duration":353,"voice":"5","type":"eighth","staff":"2"},{"noteName":"A4","duration":706,"voice":"5","type":"quarter","staff":"2"},{"noteName":"G3","duration":353,"voice":"5","type":"eighth","staff":"2"},{"noteName":"D4","duration":353,"voice":"5","type":"eighth","staff":"2"},{"noteName":"A4","duration":706,"voice":"5","type":"quarter","staff":"2"}]}},{"staff1":{"voice1":[{"noteName":"G5","duration":353,"voice":"1","tie":"stop","type":"eighth","staff":"1"},{"noteName":"E5","duration":1059,"voice":"1","type":"quarter","dot":true,"staff":"1"},{"noteName":"","duration":1412,"voice":"1","rest":true,"type":"half","staff":"1"}]},"staff2":{"voice5":[{"noteName":"C3","duration":353,"voice":"5","type":"eighth","staff":"2"},{"noteName":"G3","duration":353,"voice":"5","type":"eighth","staff":"2"},{"noteName":"D4","duration":353,"voice":"5","type":"eighth","staff":"2"},{"noteName":"E4","duration":353,"voice":"5","type":"eighth","staff":"2"},{"noteName":"B4","duration":1412,"voice":"5","type":"half","staff":"2"}]}},{"staff1":{"voice1":[{"noteName":"","duration":706,"voice":"1","rest":true,"type":"quarter","staff":"1"},{"noteName":"A5","duration":353,"voice":"1","type":"eighth","staff":"1"},{"noteName":"A5","duration":353,"voice":"1","type":"eighth","staff":"1"},{"noteName":"G5","duration":706,"voice":"1","type":"quarter","staff":"1"},{"noteName":"E5","duration":353,"voice":"1","type":"eighth","staff":"1"},{"noteName":"D5","duration":353,"voice":"1","type":"eighth","staff":"1"}]},"staff2":{"voice5":[{"noteName":"F3","duration":353,"voice":"5","type":"eighth","staff":"2"},{"noteName":"C4","duration":353,"voice":"5","type":"eighth","staff":"2"},{"noteName":"A4","duration":706,"voice":"5","type":"quarter","staff":"2"},{"noteName":"E3","duration":353,"voice":"5","type":"eighth","staff":"2"},{"noteName":"C4","duration":353,"voice":"5","type":"eighth","staff":"2"},{"noteName":"G4","duration":706,"voice":"5","type":"quarter","staff":"2"}]}},{"staff1":{"voice1":[{"noteName":"E5","duration":706,"voice":"1","type":"quarter","staff":"1"},{"noteName":"D5","duration":706,"voice":"1","type":"quarter","staff":"1"},{"noteName":"F#4","duration":1412,"voice":"1","alter":"1","type":"half","staff":"1"},{"noteName":"C5","duration":1412,"voice":"1","chord":true,"type":"half","staff":"1"}]},"staff2":{"voice5":[{"noteName":"A2","duration":353,"voice":"5","type":"eighth","staff":"2"},{"noteName":"E3","duration":353,"voice":"5","type":"eighth","staff":"2"},{"noteName":"C4","duration":706,"voice":"5","type":"quarter","staff":"2"},{"noteName":"D2","duration":353,"voice":"5","type":"eighth","staff":"2"},{"noteName":"A2","duration":353,"voice":"5","type":"eighth","staff":"2"},{"noteName":"F#3","duration":706,"voice":"5","alter":"1","type":"quarter","staff":"2"},{"noteName":"C4","duration":706,"voice":"5","chord":true,"type":"quarter","staff":"2"}]}},{"staff1":{"voice1":[{"noteName":"E5","duration":706,"voice":"1","type":"quarter","staff":"1"},{"noteName":"D5","duration":353,"voice":"1","type":"eighth","staff":"1"},{"noteName":"C5","duration":353,"voice":"1","type":"eighth","staff":"1"},{"noteName":"D5","duration":1059,"voice":"1","type":"quarter","dot":true,"staff":"1"},{"noteName":"C5","duration":353,"voice":"1","type":"eighth","staff":"1"}]},"staff2":{"voice5":[{"noteName":"D3","duration":353,"voice":"5","type":"eighth","staff":"2"},{"noteName":"A3","duration":353,"voice":"5","type":"eighth","staff":"2"},{"noteName":"C4","duration":353,"voice":"5","type":"eighth","staff":"2"},{"noteName":"F4","duration":353,"voice":"5","type":"eighth","staff":"2"},{"noteName":"G3","duration":1412,"voice":"5","type":"half","staff":"2"}]}},{"staff1":{"voice1":[{"noteName":"C5","duration":353,"voice":"1","type":"eighth","staff":"1"},{"noteName":"F4","duration":353,"voice":"1","type":"eighth","staff":"1"},{"noteName":"G4","duration":353,"voice":"1","type":"eighth","staff":"1"},{"noteName":"D5","duration":353,"voice":"1","type":"eighth","staff":"1"},{"noteName":"C5","duration":706,"voice":"1","type":"quarter","staff":"1"},{"noteName":"D5","duration":353,"voice":"1","type":"eighth","staff":"1"},{"noteName":"G5","duration":353,"voice":"1","type":"eighth","staff":"1"}]},"staff2":{"voice5":[{"noteName":"C3","duration":2824,"voice":"5","type":"whole","staff":"2"}]}},{"staff1":{"voice1":[{"noteName":"E5","duration":353,"voice":"1","type":"eighth","staff":"1"},{"noteName":"C5","duration":706,"voice":"1","type":"quarter","staff":"1"},{"noteName":"D5","duration":353,"voice":"1","type":"eighth","staff":"1"},{"noteName":"E5","duration":706,"voice":"1","type":"quarter","staff":"1"},{"noteName":"G4","duration":706,"voice":"1","type":"quarter","staff":"1"}]},"staff2":{"voice5":[{"noteName":"C3","duration":353,"voice":"5","type":"eighth","staff":"2"},{"noteName":"G3","duration":353,"voice":"5","type":"eighth","staff":"2"},{"noteName":"C4","duration":353,"voice":"5","type":"eighth","staff":"2"},{"noteName":"D4","duration":353,"voice":"5","type":"eighth","staff":"2"},{"noteName":"E4","duration":706,"voice":"5","type":"quarter","staff":"2"},{"noteName":"G2","duration":706,"voice":"5","type":"quarter","staff":"2"},{"noteName":"F3","duration":706,"voice":"5","chord":true,"type":"quarter","staff":"2"}]}},{"staff1":{"voice1":[{"noteName":"","duration":1412,"voice":"1","rest":true,"type":"half","staff":"1"},{"noteName":"","duration":706,"voice":"1","rest":true,"type":"quarter","staff":"1"},{"noteName":"C6","duration":706,"voice":"1","type":"quarter","staff":"1"}],"voice2":[{"noteName":"","duration":706,"voice":"2","rest":true,"type":"quarter","staff":"1"},{"noteName":"E5","duration":353,"voice":"2","type":"eighth","staff":"1"},{"noteName":"G5","duration":353,"voice":"2","type":"eighth","staff":"1"},{"noteName":"A5","duration":706,"voice":"2","type":"quarter","staff":"1"},{"noteName":"","duration":706,"voice":"2","rest":true,"type":"quarter","staff":"1"}],"voice3":[{"noteName":"","duration":1412,"voice":"3","rest":true,"type":"half","staff":"1"},{"noteName":"","duration":706,"voice":"3","rest":true,"type":"quarter","staff":"1"},{"noteName":"","duration":353,"voice":"3","rest":true,"type":"eighth","staff":"1"},{"noteName":"","duration":176.5,"voice":"3","rest":true,"type":"16th","staff":"1"},{"noteName":"D5","duration":176.5,"voice":"3","tie":"start","type":"16th","staff":"1"}]},"staff2":{"voice5":[{"noteName":"C3","duration":353,"voice":"5","type":"eighth","staff":"2"},{"noteName":"G3","duration":353,"voice":"5","type":"eighth","staff":"2"},{"noteName":"E4","duration":706,"voice":"5","type":"quarter","staff":"2"},{"noteName":"F2","duration":353,"voice":"5","type":"eighth","staff":"2"},{"noteName":"C3","duration":353,"voice":"5","type":"eighth","staff":"2"},{"noteName":"A3","duration":706,"voice":"5","type":"quarter","staff":"2"}]}},{"staff1":{"voice1":[{"noteName":"G5","duration":1412,"voice":"1","type":"half","staff":"1"},{"noteName":"","duration":1412,"voice":"1","rest":true,"type":"half","staff":"1"}],"voice2":[{"noteName":"","duration":44.125,"voice":"2","rest":true,"type":"64th","staff":"1"},{"noteName":"B5","duration":132.375,"voice":"2","tie":"start","type":"32nd","dot":true,"staff":"1"},{"noteName":"B5","duration":529.5,"voice":"2","tie":"","type":"eighth","dot":true,"staff":"1"},{"noteName":"B5","duration":176.5,"voice":"2","tie":"stop","type":"16th","staff":"1"},{"noteName":"","duration":176.5,"voice":"2","rest":true,"type":"16th","staff":"1"},{"noteName":"G5","duration":353,"voice":"2","type":"eighth","staff":"1"},{"noteName":"E5","duration":1059,"voice":"2","type":"quarter","dot":true,"staff":"1"},{"noteName":"C5","duration":353,"voice":"2","type":"eighth","staff":"1"}],"voice3":[{"noteName":"D5","duration":1412,"voice":"3","tie":"stop","type":"half","staff":"1"},{"noteName":"","duration":1412,"voice":"3","rest":true,"type":"half","staff":"1"}]},"staff2":{"voice5":[{"noteName":"E2","duration":353,"voice":"5","type":"eighth","staff":"2"},{"noteName":"B2","duration":353,"voice":"5","type":"eighth","staff":"2"},{"noteName":"G3","duration":706,"voice":"5","type":"quarter","staff":"2"},{"noteName":"A2","duration":353,"voice":"5","type":"eighth","staff":"2"},{"noteName":"E3","duration":353,"voice":"5","type":"eighth","staff":"2"},{"noteName":"C4","duration":706,"voice":"5","type":"quarter","staff":"2"}]}},{"staff1":{"voice1":[{"noteName":"C5","duration":1059,"voice":"1","type":"quarter","dot":true,"staff":"1"},{"noteName":"A5","duration":353,"voice":"1","tie":"start","type":"eighth","staff":"1"},{"noteName":"A5","duration":353,"voice":"1","tie":"stop","type":"eighth","staff":"1"},{"noteName":"G5","duration":353,"voice":"1","type":"eighth","staff":"1"},{"noteName":"E5","duration":353,"voice":"1","type":"eighth","staff":"1"},{"noteName":"D5","duration":353,"voice":"1","type":"eighth","staff":"1"}]},"staff2":{"voice5":[{"noteName":"D2","duration":353,"voice":"5","type":"eighth","staff":"2"},{"noteName":"A2","duration":353,"voice":"5","type":"eighth","staff":"2"},{"noteName":"F3","duration":706,"voice":"5","type":"quarter","staff":"2"},{"noteName":"G2","duration":353,"voice":"5","type":"eighth","staff":"2"},{"noteName":"D3","duration":353,"voice":"5","type":"eighth","staff":"2"},{"noteName":"B3","duration":706,"voice":"5","type":"quarter","staff":"2"}]}},{"staff1":{"voice1":[{"noteName":"E5","duration":706,"voice":"1","type":"quarter","staff":"1"},{"noteName":"D4","duration":353,"voice":"1","type":"eighth","staff":"1"},{"noteName":"E4","duration":353,"voice":"1","type":"eighth","staff":"1"},{"noteName":"A4","duration":706,"voice":"1","type":"quarter","staff":"1"},{"noteName":"G4","duration":706,"voice":"1","type":"quarter","staff":"1"}]},"staff2":{"voice5":[{"noteName":"C3","duration":353,"voice":"5","type":"eighth","staff":"2"},{"noteName":"G3","duration":1059,"voice":"5","type":"quarter","dot":true,"staff":"2"},{"noteName":"C3","duration":353,"voice":"5","type":"eighth","staff":"2"},{"noteName":"A#3","duration":353,"voice":"5","alter":"-1","chord":true,"type":"eighth","staff":"2"},{"noteName":"G3","duration":353,"voice":"5","type":"eighth","staff":"2"},{"noteName":"C4","duration":353,"voice":"5","type":"eighth","staff":"2"},{"noteName":"G3","duration":353,"voice":"5","type":"eighth","staff":"2"}]}},{"staff1":{"voice1":[{"noteName":"","duration":1412,"voice":"1","rest":true,"type":"half","staff":"1"},{"noteName":"","duration":706,"voice":"1","rest":true,"type":"quarter","staff":"1"},{"noteName":"C6","duration":706,"voice":"1","type":"quarter","staff":"1"}],"voice2":[{"noteName":"","duration":706,"voice":"2","rest":true,"type":"quarter","staff":"1"},{"noteName":"E5","duration":353,"voice":"2","type":"eighth","staff":"1"},{"noteName":"G5","duration":353,"voice":"2","type":"eighth","staff":"1"},{"noteName":"A5","duration":706,"voice":"2","type":"quarter","staff":"1"},{"noteName":"","duration":706,"voice":"2","rest":true,"type":"quarter","staff":"1"}],"voice3":[{"noteName":"","duration":1412,"voice":"3","rest":true,"type":"half","staff":"1"},{"noteName":"","duration":706,"voice":"3","rest":true,"type":"quarter","staff":"1"},{"noteName":"","duration":353,"voice":"3","rest":true,"type":"eighth","staff":"1"},{"noteName":"","duration":176.5,"voice":"3","rest":true,"type":"16th","staff":"1"},{"noteName":"D5","duration":176.5,"voice":"3","tie":"start","type":"16th","staff":"1"}]},"staff2":{"voice5":[{"noteName":"F2","duration":353,"voice":"5","type":"eighth","staff":"2"},{"noteName":"C3","duration":353,"voice":"5","type":"eighth","staff":"2"},{"noteName":"A3","duration":706,"voice":"5","type":"quarter","staff":"2"},{"noteName":"G2","duration":353,"voice":"5","type":"eighth","staff":"2"},{"noteName":"D3","duration":353,"voice":"5","type":"eighth","staff":"2"},{"noteName":"B3","duration":706,"voice":"5","type":"quarter","staff":"2"}]}},{"staff1":{"voice1":[{"noteName":"G5","duration":1412,"voice":"1","type":"half","staff":"1"},{"noteName":"","duration":1412,"voice":"1","rest":true,"type":"half","staff":"1"}],"voice2":[{"noteName":"","duration":44.125,"voice":"2","rest":true,"type":"64th","staff":"1"},{"noteName":"B5","duration":132.375,"voice":"2","tie":"start","type":"32nd","dot":true,"staff":"1"},{"noteName":"B5","duration":529.5,"voice":"2","tie":"","type":"eighth","dot":true,"staff":"1"},{"noteName":"B5","duration":176.5,"voice":"2","tie":"stop","type":"16th","staff":"1"},{"noteName":"","duration":176.5,"voice":"2","rest":true,"type":"16th","staff":"1"},{"noteName":"E5","duration":353,"voice":"2","type":"eighth","staff":"1"},{"noteName":"E5","duration":1059,"voice":"2","type":"quarter","dot":true,"staff":"1"},{"noteName":"C6","duration":1059,"voice":"2","chord":true,"type":"quarter","dot":true,"staff":"1"},{"noteName":"E5","duration":353,"voice":"2","type":"eighth","staff":"1"}],"voice3":[{"noteName":"D5","duration":1412,"voice":"3","tie":"stop","type":"half","staff":"1"},{"noteName":"","duration":1412,"voice":"3","rest":true,"type":"half","staff":"1"}]},"staff2":{"voice5":[{"noteName":"E2","duration":353,"voice":"5","type":"eighth","staff":"2"},{"noteName":"B2","duration":353,"voice":"5","type":"eighth","staff":"2"},{"noteName":"G3","duration":706,"voice":"5","type":"quarter","staff":"2"},{"noteName":"A2","duration":353,"voice":"5","type":"eighth","staff":"2"},{"noteName":"E3","duration":353,"voice":"5","type":"eighth","staff":"2"},{"noteName":"C4","duration":706,"voice":"5","type":"quarter","staff":"2"}]}},{"staff1":{"voice1":[{"noteName":"D5","duration":1059,"voice":"1","type":"quarter","dot":true,"staff":"1"},{"noteName":"A5","duration":353,"voice":"1","type":"eighth","staff":"1"},{"noteName":"C5","duration":353,"voice":"1","type":"eighth","staff":"1"},{"noteName":"A5","duration":353,"voice":"1","chord":true,"type":"eighth","staff":"1"},{"noteName":"B4","duration":353,"voice":"1","type":"eighth","staff":"1"},{"noteName":"G5","duration":353,"voice":"1","chord":true,"type":"eighth","staff":"1"},{"noteName":"G4","duration":353,"voice":"1","type":"eighth","staff":"1"},{"noteName":"E5","duration":353,"voice":"1","chord":true,"type":"eighth","staff":"1"},{"noteName":"F4","duration":353,"voice":"1","type":"eighth","staff":"1"},{"noteName":"D5","duration":353,"voice":"1","chord":true,"type":"eighth","staff":"1"}]},"staff2":{"voice5":[{"noteName":"D3","duration":353,"voice":"5","type":"eighth","staff":"2"},{"noteName":"A3","duration":353,"voice":"5","type":"eighth","staff":"2"},{"noteName":"C4","duration":706,"voice":"5","type":"quarter","staff":"2"},{"noteName":"G2","duration":353,"voice":"5","type":"eighth","staff":"2"},{"noteName":"D3","duration":353,"voice":"5","type":"eighth","staff":"2"},{"noteName":"G3","duration":353,"voice":"5","type":"eighth","staff":"2"},{"noteName":"D3","duration":353,"voice":"5","type":"eighth","staff":"2"}]}},{"staff1":{"voice1":[{"noteName":"E4","duration":1412,"voice":"1","type":"half","staff":"1"},{"noteName":"C5","duration":1412,"voice":"1","chord":true,"type":"half","staff":"1"},{"noteName":"","duration":353,"voice":"1","rest":true,"type":"eighth","staff":"1"},{"noteName":"C5","duration":176.5,"voice":"1","type":"16th","staff":"1"},{"noteName":"D5","duration":176.5,"voice":"1","type":"16th","staff":"1"},{"noteName":"G5","duration":176.5,"voice":"1","type":"16th","staff":"1"},{"noteName":"A5","duration":176.5,"voice":"1","type":"16th","staff":"1"},{"noteName":"C6","duration":176.5,"voice":"1","type":"16th","staff":"1"},{"noteName":"F6","duration":176.5,"voice":"1","type":"16th","staff":"1"}]},"staff2":{"voice5":[{"noteName":"C3","duration":353,"voice":"5","type":"eighth","staff":"2"},{"noteName":"G3","duration":353,"voice":"5","type":"eighth","staff":"2"},{"noteName":"C4","duration":353,"voice":"5","type":"eighth","staff":"2"},{"noteName":"D4","duration":353,"voice":"5","type":"eighth","staff":"2"},{"noteName":"E4","duration":1412,"voice":"5","type":"half","staff":"2"}]}},{"staff1":{"voice1":[{"noteName":"E5","duration":706,"voice":"1","tie":"start","type":"quarter","staff":"1"},{"noteName":"E5","duration":176.5,"voice":"1","tie":"stop","type":"16th","staff":"1"},{"noteName":"D5","duration":176.5,"voice":"1","type":"16th","staff":"1"},{"noteName":"E5","duration":176.5,"voice":"1","type":"16th","staff":"1"},{"noteName":"G5","duration":176.5,"voice":"1","type":"16th","staff":"1"},{"noteName":"E5","duration":706,"voice":"1","tie":"start","type":"quarter","staff":"1"},{"noteName":"E5","duration":176.5,"voice":"1","tie":"stop","type":"16th","staff":"1"},{"noteName":"D5","duration":176.5,"voice":"1","type":"16th","staff":"1"},{"noteName":"E5","duration":176.5,"voice":"1","type":"16th","staff":"1"},{"noteName":"A5","duration":176.5,"voice":"1","type":"16th","staff":"1"}]},"staff2":{"voice5":[{"noteName":"F3","duration":353,"voice":"5","type":"eighth","staff":"2"},{"noteName":"C4","duration":353,"voice":"5","type":"eighth","staff":"2"},{"noteName":"A4","duration":706,"voice":"5","type":"quarter","staff":"2"},{"noteName":"G3","duration":353,"voice":"5","type":"eighth","staff":"2"},{"noteName":"D4","duration":353,"voice":"5","type":"eighth","staff":"2"},{"noteName":"A4","duration":706,"voice":"5","type":"quarter","staff":"2"}]}},{"staff1":{"voice1":[{"noteName":"E5","duration":706,"voice":"1","type":"quarter","staff":"1"},{"noteName":"","duration":176.5,"voice":"1","rest":true,"type":"16th","staff":"1"},{"noteName":"B4","duration":176.5,"voice":"1","type":"16th","staff":"1"},{"noteName":"C5","duration":176.5,"voice":"1","type":"16th","staff":"1"},{"noteName":"G5","duration":176.5,"voice":"1","type":"16th","staff":"1"},{"noteName":"E5","duration":706,"voice":"1","type":"quarter","staff":"1"},{"noteName":"D5","duration":353,"voice":"1","type":"eighth","staff":"1"},{"noteName":"C5","duration":176.5,"voice":"1","type":"16th","staff":"1"},{"noteName":"D5","duration":176.5,"voice":"1","type":"16th","staff":"1"}]},"staff2":{"voice5":[{"noteName":"A3","duration":353,"voice":"5","type":"eighth","staff":"2"},{"noteName":"E4","duration":353,"voice":"5","type":"eighth","staff":"2"},{"noteName":"A4","duration":706,"voice":"5","type":"quarter","staff":"2"},{"noteName":"","duration":353,"voice":"5","rest":true,"type":"eighth","staff":"2"},{"noteName":"E4","duration":1059,"voice":"5","type":"quarter","dot":true,"staff":"2"}]}},{"staff1":{"voice1":[{"noteName":"E5","duration":706,"voice":"1","tie":"start","type":"quarter","staff":"1"},{"noteName":"E5","duration":176.5,"voice":"1","tie":"stop","type":"16th","staff":"1"},{"noteName":"A4","duration":176.5,"voice":"1","type":"16th","staff":"1"},{"noteName":"E5","duration":176.5,"voice":"1","type":"16th","staff":"1"},{"noteName":"A4","duration":176.5,"voice":"1","type":"16th","staff":"1"},{"noteName":"G4","duration":706,"voice":"1","type":"quarter","staff":"1"},{"noteName":"D5","duration":706,"voice":"1","chord":true,"type":"quarter","staff":"1"},{"noteName":"A4","duration":706,"voice":"1","type":"quarter","staff":"1"},{"noteName":"C5","duration":706,"voice":"1","chord":true,"type":"quarter","staff":"1"}]},"staff2":{"voice5":[{"noteName":"F3","duration":353,"voice":"5","type":"eighth","staff":"2"},{"noteName":"C4","duration":353,"voice":"5","type":"eighth","staff":"2"},{"noteName":"E4","duration":706,"voice":"5","type":"quarter","staff":"2"},{"noteName":"E3","duration":353,"voice":"5","type":"eighth","staff":"2"},{"noteName":"C4","duration":353,"voice":"5","type":"eighth","staff":"2"},{"noteName":"A2","duration":353,"voice":"5","type":"eighth","staff":"2"},{"noteName":"E3","duration":353,"voice":"5","type":"eighth","staff":"2"}]}},{"staff1":{"voice1":[{"noteName":"F4","duration":706,"voice":"1","type":"quarter","staff":"1"},{"noteName":"A4","duration":706,"voice":"1","chord":true,"type":"quarter","staff":"1"},{"noteName":"C5","duration":706,"voice":"1","chord":true,"type":"quarter","staff":"1"},{"noteName":"F4","duration":706,"voice":"1","type":"quarter","staff":"1"},{"noteName":"A4","duration":706,"voice":"1","chord":true,"type":"quarter","staff":"1"},{"noteName":"C5","duration":706,"voice":"1","chord":true,"type":"quarter","staff":"1"},{"noteName":"D4","duration":706,"voice":"1","type":"quarter","staff":"1"},{"noteName":"G4","duration":706,"voice":"1","chord":true,"type":"quarter","staff":"1"},{"noteName":"B4","duration":706,"voice":"1","chord":true,"type":"quarter","staff":"1"},{"noteName":"D4","duration":706,"voice":"1","type":"quarter","staff":"1"}]},"staff2":{"voice5":[{"noteName":"D3","duration":353,"voice":"5","type":"eighth","staff":"2"},{"noteName":"A3","duration":353,"voice":"5","type":"eighth","staff":"2"},{"noteName":"C4","duration":353,"voice":"5","type":"eighth","staff":"2"},{"noteName":"F4","duration":353,"voice":"5","type":"eighth","staff":"2"},{"noteName":"G2","duration":353,"voice":"5","type":"eighth","staff":"2"},{"noteName":"D3","duration":353,"voice":"5","type":"eighth","staff":"2"},{"noteName":"G2","duration":706,"voice":"5","type":"quarter","staff":"2"}]}},{"staff1":{"voice1":[{"noteName":"","duration":706,"voice":"1","rest":true,"type":"quarter","staff":"1"},{"noteName":"E5","duration":353,"voice":"1","type":"eighth","staff":"1"},{"noteName":"E5","duration":353,"voice":"1","type":"eighth","staff":"1"},{"noteName":"D5","duration":1059,"voice":"1","type":"quarter","dot":true,"staff":"1"},{"noteName":"B4","duration":353,"voice":"1","tie":"start","type":"eighth","staff":"1"}]},"staff2":{"voice5":[{"noteName":"F3","duration":353,"voice":"5","type":"eighth","staff":"2"},{"noteName":"C4","duration":353,"voice":"5","type":"eighth","staff":"2"},{"noteName":"A4","duration":706,"voice":"5","type":"quarter","staff":"2"},{"noteName":"G3","duration":353,"voice":"5","type":"eighth","staff":"2"},{"noteName":"D4","duration":353,"voice":"5","type":"eighth","staff":"2"},{"noteName":"A4","duration":706,"voice":"5","type":"quarter","staff":"2"}]}},{"staff1":{"voice1":[{"noteName":"B4","duration":353,"voice":"1","tie":"stop","type":"eighth","staff":"1"},{"noteName":"C5","duration":1059,"voice":"1","type":"quarter","dot":true,"staff":"1"},{"noteName":"","duration":706,"voice":"1","rest":true,"type":"quarter","staff":"1"},{"noteName":"C6","duration":176.5,"voice":"1","type":"16th","staff":"1"},{"noteName":"B5","duration":176.5,"voice":"1","type":"16th","staff":"1"},{"noteName":"A5","duration":176.5,"voice":"1","type":"16th","staff":"1"},{"noteName":"G5","duration":176.5,"voice":"1","type":"16th","staff":"1"}]},"staff2":{"voice5":[{"noteName":"A3","duration":353,"voice":"5","type":"eighth","staff":"2"},{"noteName":"E4","duration":353,"voice":"5","type":"eighth","staff":"2"},{"noteName":"A4","duration":2118,"voice":"5","type":"half","dot":true,"staff":"2"}]}},{"staff1":{"voice1":[{"noteName":"E5","duration":706,"voice":"1","type":"quarter","staff":"1"},{"noteName":"E5","duration":353,"voice":"1","type":"eighth","staff":"1"},{"noteName":"E5","duration":353,"voice":"1","type":"eighth","staff":"1"},{"noteName":"D5","duration":353,"voice":"1","type":"eighth","staff":"1"},{"noteName":"C5","duration":353,"voice":"1","type":"eighth","staff":"1"},{"noteName":"D5","duration":353,"voice":"1","type":"eighth","staff":"1"},{"noteName":"G5","duration":353,"voice":"1","tie":"start","type":"eighth","staff":"1"}]},"staff2":{"voice5":[{"noteName":"F3","duration":353,"voice":"5","type":"eighth","staff":"2"},{"noteName":"C4","duration":353,"voice":"5","type":"eighth","staff":"2"},{"noteName":"A4","duration":706,"voice":"5","type":"quarter","staff":"2"},{"noteName":"G3","duration":353,"voice":"5","type":"eighth","staff":"2"},{"noteName":"D4","duration":353,"voice":"5","type":"eighth","staff":"2"},{"noteName":"A4","duration":706,"voice":"5","type":"quarter","staff":"2"}]}},{"staff1":{"voice1":[{"noteName":"G5","duration":353,"voice":"1","tie":"stop","type":"eighth","staff":"1"},{"noteName":"E5","duration":1059,"voice":"1","type":"quarter","dot":true,"staff":"1"},{"noteName":"","duration":1412,"voice":"1","rest":true,"type":"half","staff":"1"}]},"staff2":{"voice5":[{"noteName":"C3","duration":353,"voice":"5","type":"eighth","staff":"2"},{"noteName":"G3","duration":353,"voice":"5","type":"eighth","staff":"2"},{"noteName":"D4","duration":353,"voice":"5","type":"eighth","staff":"2"},{"noteName":"E4","duration":353,"voice":"5","type":"eighth","staff":"2"},{"noteName":"G4","duration":1412,"voice":"5","type":"half","staff":"2"}]}},{"staff1":{"voice1":[{"noteName":"","duration":706,"voice":"1","rest":true,"type":"quarter","staff":"1"},{"noteName":"A5","duration":353,"voice":"1","type":"eighth","staff":"1"},{"noteName":"A5","duration":353,"voice":"1","type":"eighth","staff":"1"},{"noteName":"G5","duration":706,"voice":"1","type":"quarter","staff":"1"},{"noteName":"E5","duration":353,"voice":"1","type":"eighth","staff":"1"},{"noteName":"D5","duration":353,"voice":"1","type":"eighth","staff":"1"}]},"staff2":{"voice5":[{"noteName":"F3","duration":353,"voice":"5","type":"eighth","staff":"2"},{"noteName":"C4","duration":353,"voice":"5","type":"eighth","staff":"2"},{"noteName":"A4","duration":706,"voice":"5","type":"quarter","staff":"2"},{"noteName":"G3","duration":353,"voice":"5","type":"eighth","staff":"2"},{"noteName":"D4","duration":353,"voice":"5","type":"eighth","staff":"2"},{"noteName":"A4","duration":706,"voice":"5","type":"quarter","staff":"2"}]}},{"staff1":{"voice1":[{"noteName":"E5","duration":706,"voice":"1","type":"quarter","staff":"1"},{"noteName":"D5","duration":706,"voice":"1","type":"quarter","staff":"1"},{"noteName":"A4","duration":1412,"voice":"1","type":"half","staff":"1"},{"noteName":"C5","duration":1412,"voice":"1","chord":true,"type":"half","staff":"1"}]},"staff2":{"voice5":[{"noteName":"A3","duration":1059,"voice":"5","type":"quarter","dot":true,"staff":"2"},{"noteName":"G3","duration":353,"voice":"5","type":"eighth","staff":"2"},{"noteName":"F#3","duration":1412,"voice":"5","alter":"1","type":"half","staff":"2"}]}},{"staff1":{"voice1":[{"noteName":"E5","duration":706,"voice":"1","type":"quarter","staff":"1"},{"noteName":"D5","duration":353,"voice":"1","type":"eighth","staff":"1"},{"noteName":"C5","duration":353,"voice":"1","type":"eighth","staff":"1"},{"noteName":"D5","duration":1059,"voice":"1","type":"quarter","dot":true,"staff":"1"},{"noteName":"B4","duration":353,"voice":"1","tie":"start","type":"eighth","staff":"1"}]},"staff2":{"voice5":[{"noteName":"D3","duration":353,"voice":"5","type":"eighth","staff":"2"},{"noteName":"A3","duration":353,"voice":"5","type":"eighth","staff":"2"},{"noteName":"C4","duration":353,"voice":"5","type":"eighth","staff":"2"},{"noteName":"F4","duration":353,"voice":"5","type":"eighth","staff":"2"},{"noteName":"E3","duration":1412,"voice":"5","type":"half","staff":"2"}]}},{"staff1":{"voice1":[{"noteName":"B4","duration":353,"voice":"1","tie":"stop","type":"eighth","staff":"1"},{"noteName":"A4","duration":353,"voice":"1","type":"eighth","staff":"1"},{"noteName":"D4","duration":353,"voice":"1","type":"eighth","staff":"1"},{"noteName":"A4","duration":353,"voice":"1","type":"eighth","staff":"1"},{"noteName":"C#4","duration":353,"voice":"1","alter":"1","type":"eighth","staff":"1"},{"noteName":"D4","duration":353,"voice":"1","type":"eighth","staff":"1"},{"noteName":"E4","duration":706,"voice":"1","type":"quarter","staff":"1"}]},"staff2":{"voice5":[{"noteName":"A2","duration":353,"voice":"5","type":"eighth","staff":"2"},{"noteName":"E3","duration":1059,"voice":"5","type":"quarter","dot":true,"staff":"2"},{"noteName":"A3","duration":1412,"voice":"5","type":"half","staff":"2"}]}},{"staff1":{"voice1":[{"noteName":"","duration":706,"voice":"1","rest":true,"type":"quarter","staff":"1"},{"noteName":"E5","duration":353,"voice":"1","type":"eighth","staff":"1"},{"noteName":"E5","duration":353,"voice":"1","type":"eighth","staff":"1"},{"noteName":"D5","duration":1059,"voice":"1","type":"quarter","dot":true,"staff":"1"},{"noteName":"B4","duration":353,"voice":"1","tie":"start","type":"eighth","staff":"1"}]},"staff2":{"voice5":[{"noteName":"F3","duration":353,"voice":"5","type":"eighth","staff":"2"},{"noteName":"C4","duration":353,"voice":"5","type":"eighth","staff":"2"},{"noteName":"A4","duration":706,"voice":"5","type":"quarter","staff":"2"},{"noteName":"G3","duration":353,"voice":"5","type":"eighth","staff":"2"},{"noteName":"D4","duration":353,"voice":"5","type":"eighth","staff":"2"},{"noteName":"A4","duration":706,"voice":"5","type":"quarter","staff":"2"}]}},{"staff1":{"voice1":[{"noteName":"B4","duration":353,"voice":"1","tie":"stop","type":"eighth","staff":"1"},{"noteName":"C5","duration":1059,"voice":"1","type":"quarter","dot":true,"staff":"1"},{"noteName":"","duration":706,"voice":"1","rest":true,"type":"quarter","staff":"1"},{"noteName":"C6","duration":176.5,"voice":"1","type":"16th","staff":"1"},{"noteName":"B5","duration":176.5,"voice":"1","type":"16th","staff":"1"},{"noteName":"A5","duration":176.5,"voice":"1","type":"16th","staff":"1"},{"noteName":"G5","duration":176.5,"voice":"1","type":"16th","staff":"1"}]},"staff2":{"voice5":[{"noteName":"A3","duration":353,"voice":"5","type":"eighth","staff":"2"},{"noteName":"E4","duration":353,"voice":"5","type":"eighth","staff":"2"},{"noteName":"A4","duration":353,"voice":"5","type":"eighth","staff":"2"},{"noteName":"B4","duration":353,"voice":"5","type":"eighth","staff":"2"},{"noteName":"C5","duration":1412,"voice":"5","type":"half","staff":"2"}]}},{"staff1":{"voice1":[{"noteName":"E5","duration":706,"voice":"1","type":"quarter","staff":"1"},{"noteName":"E5","duration":353,"voice":"1","type":"eighth","staff":"1"},{"noteName":"E5","duration":353,"voice":"1","type":"eighth","staff":"1"},{"noteName":"D5","duration":353,"voice":"1","type":"eighth","staff":"1"},{"noteName":"C5","duration":353,"voice":"1","type":"eighth","staff":"1"},{"noteName":"D5","duration":353,"voice":"1","type":"eighth","staff":"1"},{"noteName":"G5","duration":353,"voice":"1","tie":"start","type":"eighth","staff":"1"}]},"staff2":{"voice5":[{"noteName":"F3","duration":353,"voice":"5","type":"eighth","staff":"2"},{"noteName":"C4","duration":353,"voice":"5","type":"eighth","staff":"2"},{"noteName":"A4","duration":706,"voice":"5","type":"quarter","staff":"2"},{"noteName":"G3","duration":353,"voice":"5","type":"eighth","staff":"2"},{"noteName":"D4","duration":353,"voice":"5","type":"eighth","staff":"2"},{"noteName":"A4","duration":706,"voice":"5","type":"quarter","staff":"2"}]}},{"staff1":{"voice1":[{"noteName":"G5","duration":353,"voice":"1","tie":"stop","type":"eighth","staff":"1"},{"noteName":"E5","duration":1059,"voice":"1","type":"quarter","dot":true,"staff":"1"},{"noteName":"","duration":1412,"voice":"1","rest":true,"type":"half","staff":"1"}]},"staff2":{"voice5":[{"noteName":"C3","duration":353,"voice":"5","type":"eighth","staff":"2"},{"noteName":"G3","duration":353,"voice":"5","type":"eighth","staff":"2"},{"noteName":"D4","duration":353,"voice":"5","type":"eighth","staff":"2"},{"noteName":"E4","duration":353,"voice":"5","type":"eighth","staff":"2"},{"noteName":"B4","duration":1412,"voice":"5","type":"half","staff":"2"}]}},{"staff1":{"voice1":[{"noteName":"","duration":706,"voice":"1","rest":true,"type":"quarter","staff":"1"},{"noteName":"A5","duration":353,"voice":"1","type":"eighth","staff":"1"},{"noteName":"A5","duration":353,"voice":"1","type":"eighth","staff":"1"},{"noteName":"G5","duration":706,"voice":"1","type":"quarter","staff":"1"},{"noteName":"E5","duration":353,"voice":"1","type":"eighth","staff":"1"},{"noteName":"D5","duration":353,"voice":"1","type":"eighth","staff":"1"}]},"staff2":{"voice5":[{"noteName":"F3","duration":353,"voice":"5","type":"eighth","staff":"2"},{"noteName":"C4","duration":353,"voice":"5","type":"eighth","staff":"2"},{"noteName":"A4","duration":706,"voice":"5","type":"quarter","staff":"2"},{"noteName":"E3","duration":353,"voice":"5","type":"eighth","staff":"2"},{"noteName":"C4","duration":353,"voice":"5","type":"eighth","staff":"2"},{"noteName":"G4","duration":706,"voice":"5","type":"quarter","staff":"2"}]}},{"staff1":{"voice1":[{"noteName":"E5","duration":706,"voice":"1","type":"quarter","staff":"1"},{"noteName":"D5","duration":706,"voice":"1","type":"quarter","staff":"1"},{"noteName":"F#4","duration":1412,"voice":"1","alter":"1","type":"half","staff":"1"},{"noteName":"C5","duration":1412,"voice":"1","chord":true,"type":"half","staff":"1"}]},"staff2":{"voice5":[{"noteName":"A2","duration":353,"voice":"5","type":"eighth","staff":"2"},{"noteName":"E3","duration":353,"voice":"5","type":"eighth","staff":"2"},{"noteName":"C4","duration":706,"voice":"5","type":"quarter","staff":"2"},{"noteName":"D2","duration":353,"voice":"5","type":"eighth","staff":"2"},{"noteName":"A2","duration":353,"voice":"5","type":"eighth","staff":"2"},{"noteName":"F#3","duration":706,"voice":"5","alter":"1","type":"quarter","staff":"2"},{"noteName":"C4","duration":706,"voice":"5","chord":true,"type":"quarter","staff":"2"}]}},{"staff1":{"voice1":[{"noteName":"E5","duration":706,"voice":"1","type":"quarter","staff":"1"},{"noteName":"D5","duration":353,"voice":"1","type":"eighth","staff":"1"},{"noteName":"C5","duration":353,"voice":"1","type":"eighth","staff":"1"},{"noteName":"D5","duration":1059,"voice":"1","type":"quarter","dot":true,"staff":"1"},{"noteName":"C5","duration":353,"voice":"1","type":"eighth","staff":"1"}]},"staff2":{"voice5":[{"noteName":"D3","duration":353,"voice":"5","type":"eighth","staff":"2"},{"noteName":"A3","duration":353,"voice":"5","type":"eighth","staff":"2"},{"noteName":"C4","duration":353,"voice":"5","type":"eighth","staff":"2"},{"noteName":"F4","duration":353,"voice":"5","type":"eighth","staff":"2"},{"noteName":"G3","duration":1412,"voice":"5","type":"half","staff":"2"}]}},{"staff1":{"voice1":[{"noteName":"C5","duration":353,"voice":"1","type":"eighth","staff":"1"},{"noteName":"F4","duration":353,"voice":"1","type":"eighth","staff":"1"},{"noteName":"G4","duration":353,"voice":"1","type":"eighth","staff":"1"},{"noteName":"D5","duration":353,"voice":"1","type":"eighth","staff":"1"},{"noteName":"C5","duration":706,"voice":"1","type":"quarter","staff":"1"},{"noteName":"D5","duration":353,"voice":"1","type":"eighth","staff":"1"},{"noteName":"G5","duration":353,"voice":"1","type":"eighth","staff":"1"}]},"staff2":{"voice5":[{"noteName":"C3","duration":2824,"voice":"5","type":"whole","staff":"2"}]}},{"staff1":{"voice1":[{"noteName":"E5","duration":353,"voice":"1","type":"eighth","staff":"1"},{"noteName":"C5","duration":706,"voice":"1","type":"quarter","staff":"1"},{"noteName":"D5","duration":353,"voice":"1","type":"eighth","staff":"1"},{"noteName":"E5","duration":706,"voice":"1","type":"quarter","staff":"1"},{"noteName":"G4","duration":706,"voice":"1","type":"quarter","staff":"1"}]},"staff2":{"voice5":[{"noteName":"C3","duration":353,"voice":"5","type":"eighth","staff":"2"},{"noteName":"G3","duration":353,"voice":"5","type":"eighth","staff":"2"},{"noteName":"C4","duration":353,"voice":"5","type":"eighth","staff":"2"},{"noteName":"D4","duration":353,"voice":"5","type":"eighth","staff":"2"},{"noteName":"E4","duration":706,"voice":"5","type":"quarter","staff":"2"},{"noteName":"G2","duration":706,"voice":"5","type":"quarter","staff":"2"},{"noteName":"F3","duration":706,"voice":"5","chord":true,"type":"quarter","staff":"2"}]}},{"staff1":{"voice1":[{"noteName":"","duration":1412,"voice":"1","rest":true,"type":"half","staff":"1"},{"noteName":"","duration":706,"voice":"1","rest":true,"type":"quarter","staff":"1"},{"noteName":"C6","duration":706,"voice":"1","type":"quarter","staff":"1"}],"voice2":[{"noteName":"","duration":706,"voice":"2","rest":true,"type":"quarter","staff":"1"},{"noteName":"E5","duration":353,"voice":"2","type":"eighth","staff":"1"},{"noteName":"G5","duration":353,"voice":"2","type":"eighth","staff":"1"},{"noteName":"A5","duration":706,"voice":"2","type":"quarter","staff":"1"},{"noteName":"","duration":706,"voice":"2","rest":true,"type":"quarter","staff":"1"}],"voice3":[{"noteName":"","duration":1412,"voice":"3","rest":true,"type":"half","staff":"1"},{"noteName":"","duration":706,"voice":"3","rest":true,"type":"quarter","staff":"1"},{"noteName":"","duration":353,"voice":"3","rest":true,"type":"eighth","staff":"1"},{"noteName":"","duration":176.5,"voice":"3","rest":true,"type":"16th","staff":"1"},{"noteName":"D5","duration":176.5,"voice":"3","tie":"start","type":"16th","staff":"1"}]},"staff2":{"voice5":[{"noteName":"C3","duration":353,"voice":"5","type":"eighth","staff":"2"},{"noteName":"G3","duration":353,"voice":"5","type":"eighth","staff":"2"},{"noteName":"E4","duration":706,"voice":"5","type":"quarter","staff":"2"},{"noteName":"F2","duration":353,"voice":"5","type":"eighth","staff":"2"},{"noteName":"C3","duration":353,"voice":"5","type":"eighth","staff":"2"},{"noteName":"A3","duration":706,"voice":"5","type":"quarter","staff":"2"}]}},{"staff1":{"voice1":[{"noteName":"G5","duration":1412,"voice":"1","type":"half","staff":"1"},{"noteName":"","duration":1412,"voice":"1","rest":true,"type":"half","staff":"1"}],"voice2":[{"noteName":"","duration":44.125,"voice":"2","rest":true,"type":"64th","staff":"1"},{"noteName":"B5","duration":132.375,"voice":"2","tie":"start","type":"32nd","dot":true,"staff":"1"},{"noteName":"B5","duration":529.5,"voice":"2","tie":"","type":"eighth","dot":true,"staff":"1"},{"noteName":"B5","duration":176.5,"voice":"2","tie":"stop","type":"16th","staff":"1"},{"noteName":"","duration":176.5,"voice":"2","rest":true,"type":"16th","staff":"1"},{"noteName":"G5","duration":353,"voice":"2","type":"eighth","staff":"1"},{"noteName":"E5","duration":1059,"voice":"2","type":"quarter","dot":true,"staff":"1"},{"noteName":"C5","duration":353,"voice":"2","type":"eighth","staff":"1"}],"voice3":[{"noteName":"D5","duration":1412,"voice":"3","tie":"stop","type":"half","staff":"1"},{"noteName":"","duration":1412,"voice":"3","rest":true,"type":"half","staff":"1"}]},"staff2":{"voice5":[{"noteName":"E2","duration":353,"voice":"5","type":"eighth","staff":"2"},{"noteName":"B2","duration":353,"voice":"5","type":"eighth","staff":"2"},{"noteName":"G3","duration":706,"voice":"5","type":"quarter","staff":"2"},{"noteName":"A2","duration":353,"voice":"5","type":"eighth","staff":"2"},{"noteName":"E3","duration":353,"voice":"5","type":"eighth","staff":"2"},{"noteName":"C4","duration":706,"voice":"5","type":"quarter","staff":"2"}]}},{"staff1":{"voice1":[{"noteName":"C5","duration":1059,"voice":"1","type":"quarter","dot":true,"staff":"1"},{"noteName":"A5","duration":353,"voice":"1","tie":"start","type":"eighth","staff":"1"},{"noteName":"A5","duration":353,"voice":"1","tie":"stop","type":"eighth","staff":"1"},{"noteName":"G5","duration":353,"voice":"1","type":"eighth","staff":"1"},{"noteName":"E5","duration":353,"voice":"1","type":"eighth","staff":"1"},{"noteName":"D5","duration":353,"voice":"1","type":"eighth","staff":"1"}]},"staff2":{"voice5":[{"noteName":"D2","duration":353,"voice":"5","type":"eighth","staff":"2"},{"noteName":"A2","duration":353,"voice":"5","type":"eighth","staff":"2"},{"noteName":"F3","duration":706,"voice":"5","type":"quarter","staff":"2"},{"noteName":"G2","duration":353,"voice":"5","type":"eighth","staff":"2"},{"noteName":"D3","duration":353,"voice":"5","type":"eighth","staff":"2"},{"noteName":"B3","duration":706,"voice":"5","type":"quarter","staff":"2"}]}},{"staff1":{"voice1":[{"noteName":"E5","duration":706,"voice":"1","type":"quarter","staff":"1"},{"noteName":"D4","duration":353,"voice":"1","type":"eighth","staff":"1"},{"noteName":"E4","duration":353,"voice":"1","type":"eighth","staff":"1"},{"noteName":"A4","duration":706,"voice":"1","type":"quarter","staff":"1"},{"noteName":"G4","duration":706,"voice":"1","type":"quarter","staff":"1"}]},"staff2":{"voice5":[{"noteName":"C3","duration":353,"voice":"5","type":"eighth","staff":"2"},{"noteName":"G3","duration":1059,"voice":"5","type":"quarter","dot":true,"staff":"2"},{"noteName":"C3","duration":353,"voice":"5","type":"eighth","staff":"2"},{"noteName":"A#3","duration":353,"voice":"5","alter":"-1","chord":true,"type":"eighth","staff":"2"},{"noteName":"G3","duration":353,"voice":"5","type":"eighth","staff":"2"},{"noteName":"C4","duration":353,"voice":"5","type":"eighth","staff":"2"},{"noteName":"G3","duration":353,"voice":"5","type":"eighth","staff":"2"}]}},{"staff1":{"voice1":[{"noteName":"","duration":1412,"voice":"1","rest":true,"type":"half","staff":"1"},{"noteName":"","duration":706,"voice":"1","rest":true,"type":"quarter","staff":"1"},{"noteName":"C6","duration":706,"voice":"1","type":"quarter","staff":"1"}],"voice2":[{"noteName":"","duration":706,"voice":"2","rest":true,"type":"quarter","staff":"1"},{"noteName":"E5","duration":353,"voice":"2","type":"eighth","staff":"1"},{"noteName":"G5","duration":353,"voice":"2","type":"eighth","staff":"1"},{"noteName":"A5","duration":706,"voice":"2","type":"quarter","staff":"1"},{"noteName":"","duration":706,"voice":"2","rest":true,"type":"quarter","staff":"1"}],"voice3":[{"noteName":"","duration":1412,"voice":"3","rest":true,"type":"half","staff":"1"},{"noteName":"","duration":706,"voice":"3","rest":true,"type":"quarter","staff":"1"},{"noteName":"","duration":353,"voice":"3","rest":true,"type":"eighth","staff":"1"},{"noteName":"","duration":176.5,"voice":"3","rest":true,"type":"16th","staff":"1"},{"noteName":"D5","duration":176.5,"voice":"3","tie":"start","type":"16th","staff":"1"}]},"staff2":{"voice5":[{"noteName":"F2","duration":353,"voice":"5","type":"eighth","staff":"2"},{"noteName":"C3","duration":353,"voice":"5","type":"eighth","staff":"2"},{"noteName":"A3","duration":706,"voice":"5","type":"quarter","staff":"2"},{"noteName":"G2","duration":353,"voice":"5","type":"eighth","staff":"2"},{"noteName":"D3","duration":353,"voice":"5","type":"eighth","staff":"2"},{"noteName":"B3","duration":706,"voice":"5","type":"quarter","staff":"2"}]}},{"staff1":{"voice1":[{"noteName":"G5","duration":1412,"voice":"1","type":"half","staff":"1"},{"noteName":"","duration":1412,"voice":"1","rest":true,"type":"half","staff":"1"}],"voice2":[{"noteName":"","duration":44.125,"voice":"2","rest":true,"type":"64th","staff":"1"},{"noteName":"B5","duration":132.375,"voice":"2","tie":"start","type":"32nd","dot":true,"staff":"1"},{"noteName":"B5","duration":529.5,"voice":"2","tie":"","type":"eighth","dot":true,"staff":"1"},{"noteName":"B5","duration":176.5,"voice":"2","tie":"stop","type":"16th","staff":"1"},{"noteName":"","duration":176.5,"voice":"2","rest":true,"type":"16th","staff":"1"},{"noteName":"E5","duration":353,"voice":"2","type":"eighth","staff":"1"},{"noteName":"E5","duration":1059,"voice":"2","type":"quarter","dot":true,"staff":"1"},{"noteName":"C6","duration":1059,"voice":"2","chord":true,"type":"quarter","dot":true,"staff":"1"},{"noteName":"E5","duration":353,"voice":"2","type":"eighth","staff":"1"}],"voice3":[{"noteName":"D5","duration":1412,"voice":"3","tie":"stop","type":"half","staff":"1"},{"noteName":"","duration":1412,"voice":"3","rest":true,"type":"half","staff":"1"}]},"staff2":{"voice5":[{"noteName":"E2","duration":353,"voice":"5","type":"eighth","staff":"2"},{"noteName":"B2","duration":353,"voice":"5","type":"eighth","staff":"2"},{"noteName":"G3","duration":706,"voice":"5","type":"quarter","staff":"2"},{"noteName":"A2","duration":353,"voice":"5","type":"eighth","staff":"2"},{"noteName":"E3","duration":353,"voice":"5","type":"eighth","staff":"2"},{"noteName":"C4","duration":706,"voice":"5","type":"quarter","staff":"2"}]}},{"staff1":{"voice1":[{"noteName":"D5","duration":1059,"voice":"1","type":"quarter","dot":true,"staff":"1"},{"noteName":"A5","duration":353,"voice":"1","type":"eighth","staff":"1"},{"noteName":"C5","duration":353,"voice":"1","type":"eighth","staff":"1"},{"noteName":"A5","duration":353,"voice":"1","chord":true,"type":"eighth","staff":"1"},{"noteName":"B4","duration":353,"voice":"1","type":"eighth","staff":"1"},{"noteName":"G5","duration":353,"voice":"1","chord":true,"type":"eighth","staff":"1"},{"noteName":"G4","duration":353,"voice":"1","type":"eighth","staff":"1"},{"noteName":"E5","duration":353,"voice":"1","chord":true,"type":"eighth","staff":"1"},{"noteName":"F4","duration":353,"voice":"1","type":"eighth","staff":"1"},{"noteName":"D5","duration":353,"voice":"1","chord":true,"type":"eighth","staff":"1"}]},"staff2":{"voice5":[{"noteName":"D3","duration":353,"voice":"5","type":"eighth","staff":"2"},{"noteName":"A3","duration":353,"voice":"5","type":"eighth","staff":"2"},{"noteName":"C4","duration":706,"voice":"5","type":"quarter","staff":"2"},{"noteName":"G2","duration":353,"voice":"5","type":"eighth","staff":"2"},{"noteName":"D3","duration":353,"voice":"5","type":"eighth","staff":"2"},{"noteName":"G3","duration":353,"voice":"5","type":"eighth","staff":"2"},{"noteName":"D3","duration":353,"voice":"5","type":"eighth","staff":"2"}]}},{"staff1":{"voice1":[{"noteName":"E4","duration":1412,"voice":"1","type":"half","staff":"1"},{"noteName":"C5","duration":1412,"voice":"1","chord":true,"type":"half","staff":"1"},{"noteName":"","duration":353,"voice":"1","rest":true,"type":"eighth","staff":"1"},{"noteName":"C5","duration":176.5,"voice":"1","type":"16th","staff":"1"},{"noteName":"D5","duration":176.5,"voice":"1","type":"16th","staff":"1"},{"noteName":"G5","duration":176.5,"voice":"1","type":"16th","staff":"1"},{"noteName":"A5","duration":176.5,"voice":"1","type":"16th","staff":"1"},{"noteName":"C6","duration":176.5,"voice":"1","type":"16th","staff":"1"},{"noteName":"F6","duration":176.5,"voice":"1","type":"16th","staff":"1"}]},"staff2":{"voice5":[{"noteName":"C3","duration":353,"voice":"5","type":"eighth","staff":"2"},{"noteName":"G3","duration":353,"voice":"5","type":"eighth","staff":"2"},{"noteName":"C4","duration":353,"voice":"5","type":"eighth","staff":"2"},{"noteName":"D4","duration":353,"voice":"5","type":"eighth","staff":"2"},{"noteName":"E4","duration":1412,"voice":"5","type":"half","staff":"2"}]}},{"staff1":{"voice1":[{"noteName":"E5","duration":706,"voice":"1","tie":"start","type":"quarter","staff":"1"},{"noteName":"E5","duration":176.5,"voice":"1","tie":"stop","type":"16th","staff":"1"},{"noteName":"D5","duration":176.5,"voice":"1","type":"16th","staff":"1"},{"noteName":"E5","duration":176.5,"voice":"1","type":"16th","staff":"1"},{"noteName":"G5","duration":176.5,"voice":"1","type":"16th","staff":"1"},{"noteName":"E5","duration":706,"voice":"1","tie":"start","type":"quarter","staff":"1"},{"noteName":"E5","duration":176.5,"voice":"1","tie":"stop","type":"16th","staff":"1"},{"noteName":"D5","duration":176.5,"voice":"1","type":"16th","staff":"1"},{"noteName":"E5","duration":176.5,"voice":"1","type":"16th","staff":"1"},{"noteName":"A5","duration":176.5,"voice":"1","type":"16th","staff":"1"}]},"staff2":{"voice5":[{"noteName":"F3","duration":353,"voice":"5","type":"eighth","staff":"2"},{"noteName":"C4","duration":353,"voice":"5","type":"eighth","staff":"2"},{"noteName":"A4","duration":706,"voice":"5","type":"quarter","staff":"2"},{"noteName":"G3","duration":353,"voice":"5","type":"eighth","staff":"2"},{"noteName":"D4","duration":353,"voice":"5","type":"eighth","staff":"2"},{"noteName":"A4","duration":706,"voice":"5","type":"quarter","staff":"2"}]}},{"staff1":{"voice1":[{"noteName":"E5","duration":706,"voice":"1","type":"quarter","staff":"1"},{"noteName":"","duration":176.5,"voice":"1","rest":true,"type":"16th","staff":"1"},{"noteName":"B4","duration":176.5,"voice":"1","type":"16th","staff":"1"},{"noteName":"C5","duration":176.5,"voice":"1","type":"16th","staff":"1"},{"noteName":"G5","duration":176.5,"voice":"1","type":"16th","staff":"1"},{"noteName":"E5","duration":706,"voice":"1","type":"quarter","staff":"1"},{"noteName":"D5","duration":353,"voice":"1","type":"eighth","staff":"1"},{"noteName":"C5","duration":176.5,"voice":"1","type":"16th","staff":"1"},{"noteName":"D5","duration":176.5,"voice":"1","type":"16th","staff":"1"}]},"staff2":{"voice5":[{"noteName":"A3","duration":353,"voice":"5","type":"eighth","staff":"2"},{"noteName":"E4","duration":353,"voice":"5","type":"eighth","staff":"2"},{"noteName":"A4","duration":706,"voice":"5","type":"quarter","staff":"2"},{"noteName":"","duration":353,"voice":"5","rest":true,"type":"eighth","staff":"2"},{"noteName":"E4","duration":1059,"voice":"5","type":"quarter","dot":true,"staff":"2"}]}},{"staff1":{"voice1":[{"noteName":"E5","duration":706,"voice":"1","tie":"start","type":"quarter","staff":"1"},{"noteName":"E5","duration":176.5,"voice":"1","tie":"stop","type":"16th","staff":"1"},{"noteName":"A4","duration":176.5,"voice":"1","type":"16th","staff":"1"},{"noteName":"E5","duration":176.5,"voice":"1","type":"16th","staff":"1"},{"noteName":"A4","duration":176.5,"voice":"1","type":"16th","staff":"1"},{"noteName":"G4","duration":706,"voice":"1","type":"quarter","staff":"1"},{"noteName":"D5","duration":706,"voice":"1","chord":true,"type":"quarter","staff":"1"},{"noteName":"A4","duration":706,"voice":"1","type":"quarter","staff":"1"},{"noteName":"C5","duration":706,"voice":"1","chord":true,"type":"quarter","staff":"1"}]},"staff2":{"voice5":[{"noteName":"F3","duration":353,"voice":"5","type":"eighth","staff":"2"},{"noteName":"C4","duration":353,"voice":"5","type":"eighth","staff":"2"},{"noteName":"E4","duration":706,"voice":"5","type":"quarter","staff":"2"},{"noteName":"E3","duration":353,"voice":"5","type":"eighth","staff":"2"},{"noteName":"C4","duration":353,"voice":"5","type":"eighth","staff":"2"},{"noteName":"A2","duration":353,"voice":"5","type":"eighth","staff":"2"},{"noteName":"E3","duration":353,"voice":"5","type":"eighth","staff":"2"}]}},{"staff1":{"voice1":[{"noteName":"F4","duration":706,"voice":"1","type":"quarter","staff":"1"},{"noteName":"A4","duration":706,"voice":"1","chord":true,"type":"quarter","staff":"1"},{"noteName":"C5","duration":706,"voice":"1","chord":true,"type":"quarter","staff":"1"},{"noteName":"F4","duration":706,"voice":"1","type":"quarter","staff":"1"},{"noteName":"A4","duration":706,"voice":"1","chord":true,"type":"quarter","staff":"1"},{"noteName":"C5","duration":706,"voice":"1","chord":true,"type":"quarter","staff":"1"},{"noteName":"D4","duration":706,"voice":"1","type":"quarter","staff":"1"},{"noteName":"G4","duration":706,"voice":"1","chord":true,"type":"quarter","staff":"1"},{"noteName":"B4","duration":706,"voice":"1","chord":true,"type":"quarter","staff":"1"},{"noteName":"D4","duration":706,"voice":"1","type":"quarter","staff":"1"}]},"staff2":{"voice5":[{"noteName":"D3","duration":353,"voice":"5","type":"eighth","staff":"2"},{"noteName":"A3","duration":353,"voice":"5","type":"eighth","staff":"2"},{"noteName":"C4","duration":353,"voice":"5","type":"eighth","staff":"2"},{"noteName":"F4","duration":353,"voice":"5","type":"eighth","staff":"2"},{"noteName":"G2","duration":353,"voice":"5","type":"eighth","staff":"2"},{"noteName":"D3","duration":353,"voice":"5","type":"eighth","staff":"2"},{"noteName":"G2","duration":706,"voice":"5","type":"quarter","staff":"2"}]}},{"staff1":{"voice1":[{"noteName":"C5","duration":1059,"voice":"1","type":"quarter","dot":true,"staff":"1"},{"noteName":"D5","duration":176.5,"voice":"1","type":"16th","staff":"1"},{"noteName":"E5","duration":176.5,"voice":"1","type":"16th","staff":"1"},{"noteName":"F5","duration":353,"voice":"1","type":"eighth","staff":"1"},{"noteName":"E5","duration":353,"voice":"1","type":"eighth","staff":"1"},{"noteName":"G5","duration":353,"voice":"1","type":"eighth","staff":"1"},{"noteName":"D5","duration":353,"voice":"1","type":"eighth","staff":"1"}]},"staff2":{"voice5":[{"noteName":"C3","duration":353,"voice":"5","type":"eighth","staff":"2"},{"noteName":"G3","duration":353,"voice":"5","type":"eighth","staff":"2"},{"noteName":"C4","duration":353,"voice":"5","type":"eighth","staff":"2"},{"noteName":"D4","duration":353,"voice":"5","type":"eighth","staff":"2"},{"noteName":"G2","duration":353,"voice":"5","type":"eighth","staff":"2"},{"noteName":"F3","duration":353,"voice":"5","chord":true,"type":"eighth","staff":"2"},{"noteName":"D3","duration":353,"voice":"5","type":"eighth","staff":"2"},{"noteName":"G2","duration":706,"voice":"5","type":"quarter","staff":"2"}]}},{"staff1":{"voice1":[{"noteName":"","duration":706,"voice":"1","rest":true,"type":"quarter","staff":"1"},{"noteName":"G5","duration":353,"voice":"1","type":"eighth","staff":"1"},{"noteName":"E5","duration":353,"voice":"1","type":"eighth","staff":"1"},{"noteName":"C5","duration":706,"voice":"1","type":"quarter","staff":"1"},{"noteName":"A5","duration":706,"voice":"1","chord":true,"type":"quarter","staff":"1"},{"noteName":"E5","duration":706,"voice":"1","type":"quarter","staff":"1"},{"noteName":"C6","duration":706,"voice":"1","chord":true,"type":"quarter","staff":"1"}]},"staff2":{"voice5":[{"noteName":"C3","duration":353,"voice":"5","type":"eighth","staff":"2"},{"noteName":"G3","duration":353,"voice":"5","type":"eighth","staff":"2"},{"noteName":"C4","duration":706,"voice":"5","type":"quarter","staff":"2"},{"noteName":"E4","duration":706,"voice":"5","chord":true,"type":"quarter","staff":"2"},{"noteName":"F2","duration":353,"voice":"5","type":"eighth","staff":"2"},{"noteName":"C3","duration":353,"voice":"5","type":"eighth","staff":"2"},{"noteName":"A3","duration":706,"voice":"5","type":"quarter","staff":"2"},{"noteName":"C4","duration":706,"voice":"5","chord":true,"type":"quarter","staff":"2"}]}},{"staff1":{"voice1":[{"noteName":"B5","duration":1412,"voice":"1","type":"half","staff":"1"},{"noteName":"","duration":353,"voice":"1","rest":true,"type":"eighth","staff":"1"},{"noteName":"C5","duration":353,"voice":"1","type":"eighth","staff":"1"},{"noteName":"B4","duration":353,"voice":"1","type":"eighth","staff":"1"},{"noteName":"A4","duration":353,"voice":"1","type":"eighth","staff":"1"}]},"staff2":{"voice5":[{"noteName":"E2","duration":353,"voice":"5","type":"eighth","staff":"2"},{"noteName":"B2","duration":353,"voice":"5","type":"eighth","staff":"2"},{"noteName":"E3","duration":706,"voice":"5","type":"quarter","staff":"2"},{"noteName":"G3","duration":706,"voice":"5","chord":true,"type":"quarter","staff":"2"},{"noteName":"A2","duration":353,"voice":"5","type":"eighth","staff":"2"},{"noteName":"E3","duration":353,"voice":"5","type":"eighth","staff":"2"},{"noteName":"A3","duration":353,"voice":"5","type":"eighth","staff":"2"},{"noteName":"C4","duration":353,"voice":"5","chord":true,"type":"eighth","staff":"2"},{"noteName":"E3","duration":353,"voice":"5","type":"eighth","staff":"2"}]}},{"staff1":{"voice1":[{"noteName":"E4","duration":353,"voice":"1","type":"eighth","staff":"1"},{"noteName":"C5","duration":353,"voice":"1","chord":true,"type":"eighth","staff":"1"},{"noteName":"C5","duration":1059,"voice":"1","type":"quarter","dot":true,"staff":"1"},{"noteName":"A5","duration":706,"voice":"1","type":"quarter","staff":"1"},{"noteName":"B4","duration":353,"voice":"1","type":"eighth","staff":"1"},{"noteName":"G5","duration":353,"voice":"1","chord":true,"type":"eighth","staff":"1"},{"noteName":"G4","duration":353,"voice":"1","type":"eighth","staff":"1"},{"noteName":"E5","duration":353,"voice":"1","chord":true,"type":"eighth","staff":"1"}]},"staff2":{"voice5":[{"noteName":"","duration":353,"voice":"5","rest":true,"type":"eighth","staff":"2"},{"noteName":"D2","duration":353,"voice":"5","type":"eighth","staff":"2"},{"noteName":"A2","duration":353,"voice":"5","type":"eighth","staff":"2"},{"noteName":"F3","duration":353,"voice":"5","tie":"start","type":"eighth","staff":"2"},{"noteName":"A3","duration":353,"voice":"5","chord":true,"tie":"start","type":"eighth","staff":"2"},{"noteName":"F3","duration":353,"voice":"5","tie":"stop","type":"eighth","staff":"2"},{"noteName":"A3","duration":353,"voice":"5","chord":true,"tie":"stop","type":"eighth","staff":"2"},{"noteName":"G2","duration":353,"voice":"5","type":"eighth","staff":"2"},{"noteName":"D3","duration":353,"voice":"5","type":"eighth","staff":"2"},{"noteName":"G3","duration":353,"voice":"5","tie":"start","type":"eighth","staff":"2"},{"noteName":"B3","duration":353,"voice":"5","chord":true,"tie":"start","type":"eighth","staff":"2"}]}},{"staff1":{"voice1":[{"noteName":"F4","duration":353,"voice":"1","type":"eighth","staff":"1"},{"noteName":"D5","duration":353,"voice":"1","chord":true,"type":"eighth","staff":"1"},{"noteName":"D5","duration":353,"voice":"1","type":"eighth","staff":"1"},{"noteName":"E5","duration":529.5,"voice":"1","type":"eighth","dot":true,"staff":"1"},{"noteName":"D5","duration":176.5,"voice":"1","type":"16th","staff":"1"},{"noteName":"D5","duration":176.5,"voice":"1","type":"16th","staff":"1"},{"noteName":"E5","duration":176.5,"voice":"1","type":"16th","staff":"1"},{"noteName":"A5","duration":353,"voice":"1","type":"eighth","staff":"1"},{"noteName":"G5","duration":353,"voice":"1","type":"eighth","staff":"1"},{"noteName":"E5","duration":353,"voice":"1","type":"eighth","staff":"1"}]},"staff2":{"voice5":[{"noteName":"G3","duration":353,"voice":"5","tie":"stop","type":"eighth","staff":"2"},{"noteName":"B3","duration":353,"voice":"5","chord":true,"tie":"stop","type":"eighth","staff":"2"},{"noteName":"C3","duration":353,"voice":"5","type":"eighth","staff":"2"},{"noteName":"G3","duration":353,"voice":"5","type":"eighth","staff":"2"},{"noteName":"D4","duration":353,"voice":"5","type":"eighth","staff":"2"},{"noteName":"G3","duration":353,"voice":"5","type":"eighth","staff":"2"},{"noteName":"C3","duration":353,"voice":"5","type":"eighth","staff":"2"},{"noteName":"A#3","duration":353,"voice":"5","alter":"-1","chord":true,"type":"eighth","staff":"2"},{"noteName":"G3","duration":353,"voice":"5","type":"eighth","staff":"2"},{"noteName":"C4","duration":353,"voice":"5","type":"eighth","staff":"2"}]}},{"staff1":{"voice1":[{"noteName":"D5","duration":706,"voice":"1","type":"quarter","staff":"1"},{"noteName":"","duration":353,"voice":"1","rest":true,"type":"eighth","staff":"1"},{"noteName":"E5","duration":353,"voice":"1","type":"eighth","staff":"1"},{"noteName":"G5","duration":353,"voice":"1","type":"eighth","staff":"1"},{"noteName":"A5","duration":1059,"voice":"1","type":"quarter","dot":true,"staff":"1"}]},"staff2":{"voice5":[{"noteName":"G3","duration":353,"voice":"5","type":"eighth","staff":"2"},{"noteName":"F2","duration":353,"voice":"5","type":"eighth","staff":"2"},{"noteName":"C3","duration":353,"voice":"5","type":"eighth","staff":"2"},{"noteName":"A3","duration":353,"voice":"5","tie":"start","type":"eighth","staff":"2"},{"noteName":"C4","duration":353,"voice":"5","chord":true,"tie":"start","type":"eighth","staff":"2"},{"noteName":"A3","duration":353,"voice":"5","tie":"stop","type":"eighth","staff":"2"},{"noteName":"C4","duration":353,"voice":"5","chord":true,"tie":"stop","type":"eighth","staff":"2"},{"noteName":"G2","duration":353,"voice":"5","type":"eighth","staff":"2"},{"noteName":"D3","duration":353,"voice":"5","type":"eighth","staff":"2"},{"noteName":"B3","duration":353,"voice":"5","tie":"start","type":"eighth","staff":"2"},{"noteName":"D4","duration":353,"voice":"5","chord":true,"tie":"start","type":"eighth","staff":"2"}]}},{"staff1":{"voice1":[{"noteName":"","duration":353,"voice":"1","rest":true,"type":"eighth","staff":"1"},{"noteName":"B5","duration":1059,"voice":"1","type":"quarter","dot":true,"staff":"1"},{"noteName":"","duration":1412,"voice":"1","rest":true,"type":"half","staff":"1"}],"voice2":[{"noteName":"C6","duration":117.66666666666666,"voice":"2","tie":"start","type":"16th","staff":"1"},{"noteName":"D5","duration":117.66666666666666,"voice":"2","tie":"start","type":"16th","staff":"1"},{"noteName":"C6","duration":117.66666666666666,"voice":"2","chord":true,"tie":"","type":"16th","staff":"1"},{"noteName":"D5","duration":235.33333333333331,"voice":"2","tie":"","type":"eighth","staff":"1"},{"noteName":"G5","duration":235.33333333333331,"voice":"2","chord":true,"tie":"start","type":"eighth","staff":"1"},{"noteName":"C6","duration":235.33333333333331,"voice":"2","chord":true,"tie":"stop","type":"eighth","staff":"1"},{"noteName":"D5","duration":235.33333333333331,"voice":"2","tie":"","type":"eighth","staff":"1"},{"noteName":"G5","duration":235.33333333333331,"voice":"2","chord":true,"tie":"","type":"eighth","staff":"1"},{"noteName":"D5","duration":706,"voice":"2","tie":"stop","type":"quarter","staff":"1"},{"noteName":"G5","duration":706,"voice":"2","chord":true,"tie":"stop","type":"quarter","staff":"1"},{"noteName":"E5","duration":353,"voice":"2","type":"eighth","staff":"1"},{"noteName":"E5","duration":1059,"voice":"2","type":"quarter","dot":true,"staff":"1"},{"noteName":"C6","duration":1059,"voice":"2","chord":true,"type":"quarter","dot":true,"staff":"1"}]},"staff2":{"voice5":[{"noteName":"B3","duration":353,"voice":"5","tie":"stop","type":"eighth","staff":"2"},{"noteName":"D4","duration":353,"voice":"5","chord":true,"tie":"stop","type":"eighth","staff":"2"},{"noteName":"E2","duration":353,"voice":"5","type":"eighth","staff":"2"},{"noteName":"B2","duration":353,"voice":"5","type":"eighth","staff":"2"},{"noteName":"G3","duration":353,"voice":"5","tie":"start","type":"eighth","staff":"2"},{"noteName":"G3","duration":353,"voice":"5","tie":"stop","type":"eighth","staff":"2"},{"noteName":"A2","duration":353,"voice":"5","type":"eighth","staff":"2"},{"noteName":"E3","duration":353,"voice":"5","type":"eighth","staff":"2"},{"noteName":"C4","duration":353,"voice":"5","tie":"start","type":"eighth","staff":"2"}]}},{"staff1":{"voice1":[{"noteName":"E5","duration":353,"voice":"1","type":"eighth","staff":"1"},{"noteName":"F4","duration":1059,"voice":"1","type":"quarter","dot":true,"staff":"1"},{"noteName":"D5","duration":1059,"voice":"1","chord":true,"type":"quarter","dot":true,"staff":"1"},{"noteName":"A5","duration":353,"voice":"1","type":"eighth","staff":"1"},{"noteName":"C5","duration":353,"voice":"1","type":"eighth","staff":"1"},{"noteName":"A5","duration":353,"voice":"1","chord":true,"type":"eighth","staff":"1"},{"noteName":"B4","duration":353,"voice":"1","type":"eighth","staff":"1"},{"noteName":"G5","duration":353,"voice":"1","chord":true,"type":"eighth","staff":"1"},{"noteName":"G4","duration":353,"voice":"1","type":"eighth","staff":"1"},{"noteName":"E5","duration":353,"voice":"1","chord":true,"type":"eighth","staff":"1"}]},"staff2":{"voice5":[{"noteName":"C4","duration":353,"voice":"5","tie":"stop","type":"eighth","staff":"2"},{"noteName":"D3","duration":353,"voice":"5","type":"eighth","staff":"2"},{"noteName":"A3","duration":353,"voice":"5","type":"eighth","staff":"2"},{"noteName":"C4","duration":353,"voice":"5","tie":"start","type":"eighth","staff":"2"},{"noteName":"C4","duration":353,"voice":"5","tie":"stop","type":"eighth","staff":"2"},{"noteName":"G2","duration":353,"voice":"5","type":"eighth","staff":"2"},{"noteName":"D3","duration":353,"voice":"5","type":"eighth","staff":"2"},{"noteName":"G3","duration":353,"voice":"5","type":"eighth","staff":"2"}]}},{"staff1":{"voice1":[{"noteName":"D5","duration":706,"voice":"1","type":"quarter","staff":"1"},{"noteName":"","duration":706,"voice":"1","rest":true,"type":"quarter","staff":"1"},{"noteName":"","duration":1412,"voice":"1","rest":true,"type":"half","staff":"1"}],"voice2":[{"noteName":"F4","duration":353,"voice":"2","type":"eighth","staff":"1"},{"noteName":"F4","duration":353,"voice":"2","type":"eighth","staff":"1"},{"noteName":"E4","duration":1412,"voice":"2","type":"half","staff":"1"},{"noteName":"C5","duration":1412,"voice":"2","chord":true,"type":"half","staff":"1"},{"noteName":"C5","duration":176.5,"voice":"2","type":"16th","staff":"1"},{"noteName":"D5","duration":176.5,"voice":"2","type":"16th","staff":"1"},{"noteName":"G5","duration":176.5,"voice":"2","type":"16th","staff":"1"},{"noteName":"A5","duration":176.5,"voice":"2","type":"16th","staff":"1"}]},"staff2":{"voice5":[{"noteName":"D3","duration":353,"voice":"5","type":"eighth","staff":"2"},{"noteName":"C3","duration":353,"voice":"5","type":"eighth","staff":"2"},{"noteName":"G3","duration":353,"voice":"5","type":"eighth","staff":"2"},{"noteName":"C4","duration":353,"voice":"5","type":"eighth","staff":"2"},{"noteName":"D4","duration":353,"voice":"5","type":"eighth","staff":"2"},{"noteName":"E4","duration":1059,"voice":"5","tie":"start","type":"quarter","dot":true,"staff":"2"}]}},{"staff1":{"voice1":[{"noteName":"C6","duration":176.5,"voice":"1","type":"16th","staff":"1"},{"noteName":"D6","duration":529.5,"voice":"1","type":"eighth","dot":true,"staff":"1"},{"noteName":"","duration":353,"voice":"1","rest":true,"type":"eighth","staff":"1"},{"noteName":"E5","duration":353,"voice":"1","type":"eighth","staff":"1"},{"noteName":"G5","duration":353,"voice":"1","type":"eighth","staff":"1"},{"noteName":"A5","duration":1059,"voice":"1","type":"quarter","dot":true,"staff":"1"}]},"staff2":{"voice5":[{"noteName":"E4","duration":353,"voice":"5","tie":"stop","type":"eighth","staff":"2"},{"noteName":"F2","duration":353,"voice":"5","type":"eighth","staff":"2"},{"noteName":"C3","duration":353,"voice":"5","type":"eighth","staff":"2"},{"noteName":"F3","duration":353,"voice":"5","type":"eighth","staff":"2"},{"noteName":"A3","duration":353,"voice":"5","type":"eighth","staff":"2"},{"noteName":"G2","duration":353,"voice":"5","type":"eighth","staff":"2"},{"noteName":"D3","duration":353,"voice":"5","type":"eighth","staff":"2"},{"noteName":"B3","duration":353,"voice":"5","tie":"start","type":"eighth","staff":"2"}]}},{"staff1":{"voice1":[{"noteName":"C6","duration":353,"voice":"1","type":"eighth","staff":"1"},{"noteName":"B5","duration":1059,"voice":"1","type":"quarter","dot":true,"staff":"1"},{"noteName":"E5","duration":353,"voice":"1","type":"eighth","staff":"1"},{"noteName":"C6","duration":176.5,"voice":"1","type":"16th","staff":"1"},{"noteName":"D6","duration":176.5,"voice":"1","type":"16th","staff":"1"},{"noteName":"C6","duration":706,"voice":"1","type":"quarter","staff":"1"}]},"staff2":{"voice5":[{"noteName":"B3","duration":353,"voice":"5","tie":"stop","type":"eighth","staff":"2"},{"noteName":"E2","duration":353,"voice":"5","type":"eighth","staff":"2"},{"noteName":"B2","duration":353,"voice":"5","type":"eighth","staff":"2"},{"noteName":"G3","duration":353,"voice":"5","type":"eighth","staff":"2"},{"noteName":"B3","duration":353,"voice":"5","type":"eighth","staff":"2"},{"noteName":"A2","duration":353,"voice":"5","type":"eighth","staff":"2"},{"noteName":"E3","duration":353,"voice":"5","type":"eighth","staff":"2"},{"noteName":"A3","duration":353,"voice":"5","tie":"start","type":"eighth","staff":"2"},{"noteName":"C4","duration":353,"voice":"5","chord":true,"tie":"start","type":"eighth","staff":"2"}]}},{"staff1":{"voice1":[{"noteName":"E5","duration":353,"voice":"1","type":"eighth","staff":"1"},{"noteName":"D5","duration":1059,"voice":"1","type":"quarter","dot":true,"staff":"1"},{"noteName":"A5","duration":353,"voice":"1","type":"eighth","staff":"1"},{"noteName":"A5","duration":353,"voice":"1","type":"eighth","staff":"1"},{"noteName":"G5","duration":353,"voice":"1","type":"eighth","staff":"1"},{"noteName":"E5","duration":353,"voice":"1","tie":"start","type":"eighth","staff":"1"}]},"staff2":{"voice5":[{"noteName":"A3","duration":353,"voice":"5","tie":"stop","type":"eighth","staff":"2"},{"noteName":"C4","duration":353,"voice":"5","chord":true,"tie":"stop","type":"eighth","staff":"2"},{"noteName":"D3","duration":353,"voice":"5","type":"eighth","staff":"2"},{"noteName":"A3","duration":353,"voice":"5","type":"eighth","staff":"2"},{"noteName":"C4","duration":353,"voice":"5","tie":"start","type":"eighth","staff":"2"},{"noteName":"C4","duration":353,"voice":"5","tie":"stop","type":"eighth","staff":"2"},{"noteName":"G2","duration":353,"voice":"5","type":"eighth","staff":"2"},{"noteName":"F3","duration":353,"voice":"5","chord":true,"type":"eighth","staff":"2"},{"noteName":"D3","duration":353,"voice":"5","type":"eighth","staff":"2"},{"noteName":"G3","duration":353,"voice":"5","type":"eighth","staff":"2"}]}},{"staff1":{"voice1":[{"noteName":"E5","duration":353,"voice":"1","tie":"stop","type":"eighth","staff":"1"},{"noteName":"D5","duration":353,"voice":"1","type":"eighth","staff":"1"},{"noteName":"C5","duration":353,"voice":"1","type":"eighth","staff":"1"},{"noteName":"C5","duration":353,"voice":"1","tie":"start","type":"eighth","staff":"1"},{"noteName":"C5","duration":353,"voice":"1","tie":"stop","type":"eighth","staff":"1"},{"noteName":"","duration":353,"voice":"1","rest":true,"type":"eighth","staff":"1"},{"noteName":"","duration":706,"voice":"1","rest":true,"type":"quarter","staff":"1"}]},"staff2":{"voice5":[{"noteName":"D3","duration":353,"voice":"5","type":"eighth","staff":"2"},{"noteName":"C3","duration":353,"voice":"5","type":"eighth","staff":"2"},{"noteName":"G3","duration":353,"voice":"5","type":"eighth","staff":"2"},{"noteName":"C4","duration":353,"voice":"5","type":"eighth","staff":"2"},{"noteName":"D4","duration":353,"voice":"5","type":"eighth","staff":"2"},{"noteName":"E4","duration":1059,"voice":"5","tie":"start","type":"quarter","dot":true,"staff":"2"}]}},{"staff1":{"voice1":[{"noteName":"","duration":706,"voice":"1","rest":true,"type":"quarter","staff":"1"},{"noteName":"","duration":353,"voice":"1","rest":true,"type":"eighth","staff":"1"},{"noteName":"E5","duration":353,"voice":"1","tie":"start","type":"eighth","staff":"1"},{"noteName":"E5","duration":353,"voice":"1","tie":"stop","type":"eighth","staff":"1"},{"noteName":"D5","duration":1059,"voice":"1","type":"quarter","dot":true,"staff":"1"}]},"staff2":{"voice5":[{"noteName":"E4","duration":353,"voice":"5","tie":"stop","type":"eighth","staff":"2"},{"noteName":"F3","duration":353,"voice":"5","type":"eighth","staff":"2"},{"noteName":"C4","duration":353,"voice":"5","type":"eighth","staff":"2"},{"noteName":"A4","duration":353,"voice":"5","tie":"start","type":"eighth","staff":"2"},{"noteName":"A4","duration":353,"voice":"5","tie":"stop","type":"eighth","staff":"2"},{"noteName":"G3","duration":353,"voice":"5","type":"eighth","staff":"2"},{"noteName":"D4","duration":353,"voice":"5","type":"eighth","staff":"2"},{"noteName":"A4","duration":353,"voice":"5","tie":"start","type":"eighth","staff":"2"}]}},{"staff1":{"voice1":[{"noteName":"B4","duration":706,"voice":"1","type":"quarter","staff":"1"},{"noteName":"C5","duration":1412,"voice":"1","type":"half","staff":"1"},{"noteName":"","duration":353,"voice":"1","rest":true,"type":"eighth","staff":"1"},{"noteName":"C6","duration":176.5,"voice":"1","type":"16th","staff":"1"},{"noteName":"B5","duration":176.5,"voice":"1","type":"16th","staff":"1"}]},"staff2":{"voice5":[{"noteName":"A4","duration":353,"voice":"5","tie":"stop","type":"eighth","staff":"2"},{"noteName":"A3","duration":353,"voice":"5","type":"eighth","staff":"2"},{"noteName":"E4","duration":353,"voice":"5","type":"eighth","staff":"2"},{"noteName":"A4","duration":353,"voice":"5","type":"eighth","staff":"2"},{"noteName":"B4","duration":353,"voice":"5","type":"eighth","staff":"2"},{"noteName":"C5","duration":1059,"voice":"5","tie":"start","type":"quarter","dot":true,"staff":"2"}]}},{"staff1":{"voice1":[{"noteName":"A5","duration":176.5,"voice":"1","type":"16th","staff":"1"},{"noteName":"E5","duration":529.5,"voice":"1","type":"eighth","dot":true,"staff":"1"},{"noteName":"","duration":353,"voice":"1","rest":true,"type":"eighth","staff":"1"},{"noteName":"E5","duration":353,"voice":"1","tie":"start","type":"eighth","staff":"1"},{"noteName":"E5","duration":353,"voice":"1","tie":"stop","type":"eighth","staff":"1"},{"noteName":"D5","duration":1059,"voice":"1","type":"quarter","dot":true,"staff":"1"}]},"staff2":{"voice5":[{"noteName":"C5","duration":353,"voice":"5","tie":"stop","type":"eighth","staff":"2"},{"noteName":"F3","duration":353,"voice":"5","type":"eighth","staff":"2"},{"noteName":"C4","duration":353,"voice":"5","type":"eighth","staff":"2"},{"noteName":"A4","duration":353,"voice":"5","tie":"start","type":"eighth","staff":"2"},{"noteName":"A4","duration":353,"voice":"5","tie":"stop","type":"eighth","staff":"2"},{"noteName":"G3","duration":353,"voice":"5","type":"eighth","staff":"2"},{"noteName":"D4","duration":353,"voice":"5","type":"eighth","staff":"2"},{"noteName":"A4","duration":353,"voice":"5","tie":"start","type":"eighth","staff":"2"}]}},{"staff1":{"voice1":[{"noteName":"G5","duration":706,"voice":"1","type":"quarter","staff":"1"},{"noteName":"E5","duration":1412,"voice":"1","type":"half","staff":"1"},{"noteName":"","duration":706,"voice":"1","rest":true,"type":"quarter","staff":"1"}]},"staff2":{"voice5":[{"noteName":"A4","duration":353,"voice":"5","tie":"stop","type":"eighth","staff":"2"},{"noteName":"C3","duration":353,"voice":"5","type":"eighth","staff":"2"},{"noteName":"G3","duration":353,"voice":"5","type":"eighth","staff":"2"},{"noteName":"D4","duration":353,"voice":"5","type":"eighth","staff":"2"},{"noteName":"E4","duration":353,"voice":"5","type":"eighth","staff":"2"},{"noteName":"G4","duration":1059,"voice":"5","tie":"start","type":"quarter","dot":true,"staff":"2"}]}},{"staff1":{"voice1":[{"noteName":"","duration":706,"voice":"1","rest":true,"type":"quarter","staff":"1"},{"noteName":"","duration":353,"voice":"1","rest":true,"type":"eighth","staff":"1"},{"noteName":"A5","duration":353,"voice":"1","tie":"start","type":"eighth","staff":"1"},{"noteName":"A5","duration":353,"voice":"1","tie":"stop","type":"eighth","staff":"1"},{"noteName":"G5","duration":706,"voice":"1","type":"quarter","staff":"1"},{"noteName":"E5","duration":353,"voice":"1","type":"eighth","staff":"1"}]},"staff2":{"voice5":[{"noteName":"G4","duration":353,"voice":"5","tie":"stop","type":"eighth","staff":"2"},{"noteName":"F3","duration":353,"voice":"5","type":"eighth","staff":"2"},{"noteName":"C4","duration":353,"voice":"5","type":"eighth","staff":"2"},{"noteName":"A4","duration":353,"voice":"5","tie":"start","type":"eighth","staff":"2"},{"noteName":"A4","duration":353,"voice":"5","tie":"stop","type":"eighth","staff":"2"},{"noteName":"G3","duration":353,"voice":"5","type":"eighth","staff":"2"},{"noteName":"D4","duration":353,"voice":"5","type":"eighth","staff":"2"},{"noteName":"A4","duration":353,"voice":"5","tie":"start","type":"eighth","staff":"2"}]}},{"staff1":{"voice1":[{"noteName":"D5","duration":353,"voice":"1","type":"eighth","staff":"1"},{"noteName":"E5","duration":1059,"voice":"1","type":"quarter","dot":true,"staff":"1"},{"noteName":"D5","duration":235.33333333333331,"voice":"1","type":"eighth","staff":"1"},{"noteName":"F#4","duration":470.66666666666663,"voice":"1","alter":"1","tie":"start","type":"quarter","staff":"1"},{"noteName":"F#4","duration":706,"voice":"1","alter":"1","tie":"","type":"quarter","staff":"1"}],"voice2":[{"noteName":"","duration":1412,"voice":"2","rest":true,"type":"half","staff":"1"},{"noteName":"","duration":353,"voice":"2","rest":true,"type":"eighth","staff":"1"},{"noteName":"C5","duration":1059,"voice":"2","tie":"start","type":"quarter","dot":true,"staff":"1"}],"voice3":[{"noteName":"","duration":1412,"voice":"3","rest":true,"type":"half","staff":"1"},{"noteName":"A4","duration":1412,"voice":"3","tie":"start","type":"half","staff":"1"}]},"staff2":{"voice5":[{"noteName":"A4","duration":353,"voice":"5","tie":"stop","type":"eighth","staff":"2"},{"noteName":"A2","duration":353,"voice":"5","type":"eighth","staff":"2"},{"noteName":"E3","duration":353,"voice":"5","type":"eighth","staff":"2"},{"noteName":"C4","duration":353,"voice":"5","tie":"start","type":"eighth","staff":"2"},{"noteName":"C4","duration":353,"voice":"5","tie":"stop","type":"eighth","staff":"2"},{"noteName":"D3","duration":1059,"voice":"5","tie":"start","type":"quarter","dot":true,"staff":"2"},{"noteName":"A3","duration":1059,"voice":"5","chord":true,"tie":"start","type":"quarter","dot":true,"staff":"2"},{"noteName":"C4","duration":1059,"voice":"5","chord":true,"tie":"start","type":"quarter","dot":true,"staff":"2"}]}},{"staff1":{"voice1":[{"noteName":"F#4","duration":353,"voice":"1","alter":"1","tie":"stop","type":"eighth","staff":"1"},{"noteName":"E5","duration":706,"voice":"1","type":"quarter","staff":"1"},{"noteName":"D5","duration":353,"voice":"1","type":"eighth","staff":"1"},{"noteName":"C5","duration":353,"voice":"1","type":"eighth","staff":"1"},{"noteName":"D5","duration":1059,"voice":"1","tie":"start","type":"quarter","dot":true,"staff":"1"}],"voice2":[{"noteName":"C5","duration":706,"voice":"2","tie":"stop","type":"quarter","staff":"1"},{"noteName":"","duration":706,"voice":"2","rest":true,"type":"quarter","staff":"1"},{"noteName":"","duration":1412,"voice":"2","rest":true,"type":"half","staff":"1"}],"voice3":[{"noteName":"A4","duration":706,"voice":"3","tie":"stop","type":"quarter","staff":"1"},{"noteName":"","duration":706,"voice":"3","rest":true,"type":"quarter","staff":"1"},{"noteName":"","duration":1412,"voice":"3","rest":true,"type":"half","staff":"1"}]},"staff2":{"voice5":[{"noteName":"D3","duration":353,"voice":"5","tie":"stop","type":"eighth","staff":"2"},{"noteName":"A3","duration":353,"voice":"5","chord":true,"tie":"stop","type":"eighth","staff":"2"},{"noteName":"C4","duration":353,"voice":"5","chord":true,"tie":"stop","type":"eighth","staff":"2"},{"noteName":"D3","duration":353,"voice":"5","type":"eighth","staff":"2"},{"noteName":"A3","duration":353,"voice":"5","type":"eighth","staff":"2"},{"noteName":"C4","duration":353,"voice":"5","tie":"start","type":"eighth","staff":"2"},{"noteName":"C4","duration":353,"voice":"5","tie":"stop","type":"eighth","staff":"2"},{"noteName":"E3","duration":1059,"voice":"5","tie":"start","type":"quarter","dot":true,"staff":"2"},{"noteName":"B3","duration":1059,"voice":"5","chord":true,"tie":"start","type":"quarter","dot":true,"staff":"2"}]}},{"staff1":{"voice1":[{"noteName":"D5","duration":353,"voice":"1","tie":"stop","type":"eighth","staff":"1"},{"noteName":"C5","duration":353,"voice":"1","type":"eighth","staff":"1"},{"noteName":"A4","duration":353,"voice":"1","type":"eighth","staff":"1"},{"noteName":"C4","duration":176.5,"voice":"1","type":"16th","staff":"1"},{"noteName":"E4","duration":176.5,"voice":"1","type":"16th","staff":"1"},{"noteName":"G4","duration":176.5,"voice":"1","type":"16th","staff":"1"},{"noteName":"A4","duration":176.5,"voice":"1","type":"16th","staff":"1"},{"noteName":"E5","duration":176.5,"voice":"1","type":"16th","staff":"1"},{"noteName":"D5","duration":176.5,"voice":"1","type":"16th","staff":"1"},{"noteName":"G5","duration":176.5,"voice":"1","type":"16th","staff":"1"},{"noteName":"E5","duration":176.5,"voice":"1","type":"16th","staff":"1"},{"noteName":"A5","duration":353,"voice":"1","type":"eighth","staff":"1"}]},"staff2":{"voice5":[{"noteName":"E3","duration":353,"voice":"5","tie":"stop","type":"eighth","staff":"2"},{"noteName":"B3","duration":353,"voice":"5","chord":true,"tie":"stop","type":"eighth","staff":"2"},{"noteName":"F2","duration":353,"voice":"5","type":"eighth","staff":"2"},{"noteName":"C3","duration":1412,"voice":"5","type":"half","staff":"2"},{"noteName":"","duration":706,"voice":"5","rest":true,"type":"quarter","staff":"2"}]}},{"staff1":{"voice1":[{"noteName":"","duration":706,"voice":"1","rest":true,"type":"quarter","staff":"1"},{"noteName":"","duration":353,"voice":"1","rest":true,"type":"eighth","staff":"1"},{"noteName":"G6","duration":353,"voice":"1","tie":"start","type":"eighth","staff":"1"},{"noteName":"G6","duration":1412,"voice":"1","tie":"","type":"half","staff":"1"}],"voice2":[{"noteName":"G5","duration":353,"voice":"2","type":"eighth","staff":"1"},{"noteName":"D6","duration":353,"voice":"2","type":"eighth","staff":"1"},{"noteName":"C6","duration":117.66666666666666,"voice":"2","type":"16th","staff":"1"},{"noteName":"C6","duration":117.66666666666666,"voice":"2","tie":"start","type":"16th","staff":"1"},{"noteName":"C6","duration":470.66666666666663,"voice":"2","tie":"","type":"quarter","staff":"1"},{"noteName":"D6","duration":470.66666666666663,"voice":"2","chord":true,"tie":"start","type":"quarter","staff":"1"},{"noteName":"C6","duration":1412,"voice":"2","tie":"stop","type":"half","staff":"1"},{"noteName":"D6","duration":1412,"voice":"2","chord":true,"tie":"stop","type":"half","staff":"1"}]},"staff2":{"voice5":[{"noteName":"","duration":706,"voice":"5","rest":true,"type":"quarter","staff":"2"},{"noteName":"","duration":353,"voice":"5","rest":true,"type":"eighth","staff":"2"},{"noteName":"F4","duration":353,"voice":"5","tie":"start","type":"eighth","staff":"2"},{"noteName":"F4","duration":1412,"voice":"5","tie":"","type":"half","staff":"2"}]}},{"staff1":{"voice1":[{"noteName":"G6","duration":706,"voice":"1","tie":"stop","type":"quarter","staff":"1"},{"noteName":"","duration":706,"voice":"1","rest":true,"type":"quarter","staff":"1"},{"noteName":"","duration":1412,"voice":"1","rest":true,"type":"half","staff":"1"}]},"staff2":{"voice5":[{"noteName":"F4","duration":706,"voice":"5","tie":"stop","type":"quarter","staff":"2"},{"noteName":"","duration":706,"voice":"5","rest":true,"type":"quarter","staff":"2"},{"noteName":"","duration":1412,"voice":"5","rest":true,"type":"half","staff":"2"}]}}],"divisions":48}