{"musicName":"海角七号","partName":"Piano, Piano","partAbbr":"Pno.","perMinute":"63","beatUnit":"quarter","timeUnit":952,"NOTE_DURATION":{"256th":15,"128th":30,"64th":60,"32nd":119,"16th":238,"eighth":476,"quarter":952,"half":1904,"whole":3808,"breve":7616},"measures":[{"staff1":{"voice1":[{"noteName":"","duration":476,"voice":"1","rest":true,"type":"eighth","staff":"1"},{"noteName":"","duration":238,"voice":"1","rest":true,"type":"16th","staff":"1"},{"noteName":"","duration":119,"voice":"1","rest":true,"type":"32nd","staff":"1"},{"noteName":"","duration":29.75,"voice":"1","rest":true,"type":"128th","staff":"1"},{"noteName":"D6","duration":89.25,"voice":"1","tie":"start","type":"64th","dot":true,"staff":"1"},{"noteName":"D6","duration":1904,"voice":"1","tie":"","type":"half","staff":"1"},{"noteName":"D6","duration":476,"voice":"1","tie":"stop","type":"eighth","staff":"1"},{"noteName":"","duration":476,"voice":"1","rest":true,"type":"eighth","staff":"1"}],"voice2":[{"noteName":"","duration":476,"voice":"2","rest":true,"type":"eighth","staff":"1"},{"noteName":"","duration":238,"voice":"2","rest":true,"type":"16th","staff":"1"},{"noteName":"D5","duration":238,"voice":"2","tie":"start","type":"16th","staff":"1"},{"noteName":"D5","duration":1904,"voice":"2","tie":"","type":"half","staff":"1"},{"noteName":"D5","duration":476,"voice":"2","tie":"stop","type":"eighth","staff":"1"},{"noteName":"","duration":476,"voice":"2","rest":true,"type":"eighth","staff":"1"}]},"staff2":{"voice5":[{"noteName":"A#3","duration":476,"voice":"5","alter":"-1","type":"eighth","staff":"2"},{"noteName":"D5","duration":476,"voice":"5","type":"eighth","staff":"2"},{"noteName":"A#4","duration":476,"voice":"5","alter":"-1","type":"eighth","staff":"2"},{"noteName":"D5","duration":476,"voice":"5","type":"eighth","staff":"2"},{"noteName":"A4","duration":476,"voice":"5","type":"eighth","staff":"2"},{"noteName":"D5","duration":476,"voice":"5","type":"eighth","staff":"2"},{"noteName":"G4","duration":476,"voice":"5","type":"eighth","staff":"2"},{"noteName":"D5","duration":476,"voice":"5","type":"eighth","staff":"2"}]}},{"staff1":{"voice1":[{"noteName":"","duration":476,"voice":"1","rest":true,"type":"eighth","staff":"1"},{"noteName":"","duration":238,"voice":"1","rest":true,"type":"16th","staff":"1"},{"noteName":"","duration":119,"voice":"1","rest":true,"type":"32nd","staff":"1"},{"noteName":"","duration":29.75,"voice":"1","rest":true,"type":"128th","staff":"1"},{"noteName":"D#6","duration":89.25,"voice":"1","alter":"-1","tie":"start","type":"64th","dot":true,"staff":"1"},{"noteName":"D#6","duration":1904,"voice":"1","alter":"-1","tie":"","type":"half","staff":"1"},{"noteName":"D#6","duration":476,"voice":"1","alter":"-1","tie":"stop","type":"eighth","staff":"1"},{"noteName":"","duration":476,"voice":"1","rest":true,"type":"eighth","staff":"1"}],"voice2":[{"noteName":"","duration":476,"voice":"2","rest":true,"type":"eighth","staff":"1"},{"noteName":"","duration":238,"voice":"2","rest":true,"type":"16th","staff":"1"},{"noteName":"D#5","duration":238,"voice":"2","alter":"-1","tie":"start","type":"16th","staff":"1"},{"noteName":"D#5","duration":1904,"voice":"2","alter":"-1","tie":"","type":"half","staff":"1"},{"noteName":"D#5","duration":476,"voice":"2","alter":"-1","tie":"stop","type":"eighth","staff":"1"},{"noteName":"","duration":476,"voice":"2","rest":true,"type":"eighth","staff":"1"}]},"staff2":{"voice5":[{"noteName":"A#3","duration":476,"voice":"5","alter":"-1","type":"eighth","staff":"2"},{"noteName":"D5","duration":476,"voice":"5","type":"eighth","staff":"2"},{"noteName":"A#4","duration":476,"voice":"5","alter":"-1","type":"eighth","staff":"2"},{"noteName":"D5","duration":476,"voice":"5","type":"eighth","staff":"2"},{"noteName":"A4","duration":476,"voice":"5","type":"eighth","staff":"2"},{"noteName":"D5","duration":476,"voice":"5","type":"eighth","staff":"2"},{"noteName":"G4","duration":476,"voice":"5","type":"eighth","staff":"2"},{"noteName":"D5","duration":476,"voice":"5","type":"eighth","staff":"2"}]}},{"staff1":{"voice1":[{"noteName":"","duration":952,"voice":"1","rest":true,"type":"quarter","staff":"1"},{"noteName":"C5","duration":476,"voice":"1","type":"eighth","staff":"1"},{"noteName":"D4","duration":476,"voice":"1","type":"eighth","staff":"1"},{"noteName":"A#4","duration":476,"voice":"1","alter":"-1","type":"eighth","staff":"1"},{"noteName":"A4","duration":476,"voice":"1","type":"eighth","staff":"1"},{"noteName":"G4","duration":476,"voice":"1","type":"eighth","staff":"1"},{"noteName":"D4","duration":476,"voice":"1","type":"eighth","staff":"1"}]},"staff2":{"voice5":[{"noteName":"G2","duration":476,"voice":"5","type":"eighth","staff":"2"},{"noteName":"D3","duration":476,"voice":"5","type":"eighth","staff":"2"},{"noteName":"A#3","duration":476,"voice":"5","alter":"-1","type":"eighth","staff":"2"},{"noteName":"D3","duration":476,"voice":"5","type":"eighth","staff":"2"},{"noteName":"A3","duration":476,"voice":"5","type":"eighth","staff":"2"},{"noteName":"D3","duration":476,"voice":"5","type":"eighth","staff":"2"},{"noteName":"G3","duration":476,"voice":"5","type":"eighth","staff":"2"},{"noteName":"D3","duration":476,"voice":"5","type":"eighth","staff":"2"}]}},{"staff1":{"voice1":[{"noteName":"","duration":952,"voice":"1","rest":true,"type":"quarter","staff":"1"},{"noteName":"A#4","duration":952,"voice":"1","alter":"-1","type":"quarter","staff":"1"},{"noteName":"D5","duration":952,"voice":"1","chord":true,"type":"quarter","staff":"1"},{"noteName":"A#5","duration":952,"voice":"1","alter":"-1","chord":true,"type":"quarter","staff":"1"},{"noteName":"A4","duration":952,"voice":"1","type":"quarter","staff":"1"},{"noteName":"C5","duration":952,"voice":"1","chord":true,"type":"quarter","staff":"1"},{"noteName":"A5","duration":952,"voice":"1","chord":true,"type":"quarter","staff":"1"},{"noteName":"G4","duration":952,"voice":"1","type":"quarter","staff":"1"},{"noteName":"A#4","duration":952,"voice":"1","alter":"-1","chord":true,"type":"quarter","staff":"1"},{"noteName":"G5","duration":952,"voice":"1","chord":true,"type":"quarter","staff":"1"}]},"staff2":{"voice5":[{"noteName":"G2","duration":476,"voice":"5","type":"eighth","staff":"2"},{"noteName":"D3","duration":476,"voice":"5","type":"eighth","staff":"2"},{"noteName":"A#3","duration":476,"voice":"5","alter":"-1","type":"eighth","staff":"2"},{"noteName":"D3","duration":476,"voice":"5","type":"eighth","staff":"2"},{"noteName":"A3","duration":476,"voice":"5","type":"eighth","staff":"2"},{"noteName":"D3","duration":476,"voice":"5","type":"eighth","staff":"2"},{"noteName":"G3","duration":476,"voice":"5","type":"eighth","staff":"2"},{"noteName":"D3","duration":476,"voice":"5","type":"eighth","staff":"2"}]}},{"staff1":{"voice1":[{"noteName":"A#5","duration":476,"voice":"1","alter":"-1","type":"eighth","staff":"1"},{"noteName":"D5","duration":476,"voice":"1","type":"eighth","staff":"1"},{"noteName":"C6","duration":476,"voice":"1","type":"eighth","staff":"1"},{"noteName":"D#5","duration":476,"voice":"1","alter":"-1","type":"eighth","staff":"1"},{"noteName":"D#6","duration":476,"voice":"1","alter":"-1","type":"eighth","staff":"1"},{"noteName":"F5","duration":476,"voice":"1","type":"eighth","staff":"1"},{"noteName":"F6","duration":476,"voice":"1","type":"eighth","staff":"1"},{"noteName":"A#5","duration":476,"voice":"1","alter":"-1","type":"eighth","staff":"1"}]},"staff2":{"voice5":[{"noteName":"D#2","duration":476,"voice":"5","alter":"-1","type":"eighth","staff":"2"},{"noteName":"A#2","duration":476,"voice":"5","alter":"-1","type":"eighth","staff":"2"},{"noteName":"F3","duration":952,"voice":"5","type":"quarter","staff":"2"},{"noteName":"A#3","duration":1904,"voice":"5","alter":"-1","type":"half","staff":"2"}]}},{"staff1":{"voice1":[{"noteName":"","duration":952,"voice":"1","rest":true,"type":"quarter","staff":"1"},{"noteName":"A#4","duration":476,"voice":"1","alter":"-1","type":"eighth","staff":"1"},{"noteName":"D5","duration":476,"voice":"1","type":"eighth","staff":"1"},{"noteName":"A4","duration":476,"voice":"1","type":"eighth","staff":"1"},{"noteName":"D5","duration":476,"voice":"1","type":"eighth","staff":"1"},{"noteName":"A#4","duration":476,"voice":"1","alter":"-1","type":"eighth","staff":"1"},{"noteName":"A#5","duration":476,"voice":"1","alter":"-1","chord":true,"type":"eighth","staff":"1"},{"noteName":"C5","duration":476,"voice":"1","type":"eighth","staff":"1"},{"noteName":"C6","duration":476,"voice":"1","chord":true,"type":"eighth","staff":"1"}]},"staff2":{"voice5":[{"noteName":"D#2","duration":476,"voice":"5","alter":"-1","type":"eighth","staff":"2"},{"noteName":"A#2","duration":476,"voice":"5","alter":"-1","type":"eighth","staff":"2"},{"noteName":"F3","duration":476,"voice":"5","type":"eighth","staff":"2"},{"noteName":"G3","duration":476,"voice":"5","type":"eighth","staff":"2"},{"noteName":"F3","duration":952,"voice":"5","type":"quarter","staff":"2"},{"noteName":"","duration":952,"voice":"5","rest":true,"type":"quarter","staff":"2"}]}},{"staff1":{"voice1":[{"noteName":"D5","duration":952,"voice":"1","type":"quarter","staff":"1"},{"noteName":"D6","duration":952,"voice":"1","chord":true,"type":"quarter","staff":"1"},{"noteName":"D5","duration":476,"voice":"1","type":"eighth","staff":"1"},{"noteName":"D6","duration":476,"voice":"1","chord":true,"type":"eighth","staff":"1"},{"noteName":"G5","duration":476,"voice":"1","type":"eighth","staff":"1"},{"noteName":"G6","duration":476,"voice":"1","chord":true,"type":"eighth","staff":"1"},{"noteName":"G5","duration":476,"voice":"1","type":"eighth","staff":"1"},{"noteName":"G6","duration":476,"voice":"1","chord":true,"type":"eighth","staff":"1"},{"noteName":"F5","duration":476,"voice":"1","type":"eighth","staff":"1"},{"noteName":"F6","duration":476,"voice":"1","chord":true,"type":"eighth","staff":"1"},{"noteName":"F5","duration":476,"voice":"1","type":"eighth","staff":"1"},{"noteName":"F6","duration":476,"voice":"1","chord":true,"type":"eighth","staff":"1"},{"noteName":"C5","duration":476,"voice":"1","type":"eighth","staff":"1"},{"noteName":"C6","duration":476,"voice":"1","chord":true,"type":"eighth","staff":"1"}]},"staff2":{"voice5":[{"noteName":"A#2","duration":476,"voice":"5","alter":"-1","type":"eighth","staff":"2"},{"noteName":"F3","duration":476,"voice":"5","type":"eighth","staff":"2"},{"noteName":"A#3","duration":952,"voice":"5","alter":"-1","type":"quarter","staff":"2"},{"noteName":"A2","duration":476,"voice":"5","type":"eighth","staff":"2"},{"noteName":"F3","duration":476,"voice":"5","type":"eighth","staff":"2"},{"noteName":"C4","duration":952,"voice":"5","type":"quarter","staff":"2"}]}},{"staff1":{"voice1":[{"noteName":"C5","duration":476,"voice":"1","type":"eighth","staff":"1"},{"noteName":"C6","duration":476,"voice":"1","chord":true,"type":"eighth","staff":"1"},{"noteName":"F5","duration":476,"voice":"1","type":"eighth","staff":"1"},{"noteName":"F6","duration":476,"voice":"1","chord":true,"type":"eighth","staff":"1"},{"noteName":"F5","duration":1904,"voice":"1","type":"half","staff":"1"},{"noteName":"F6","duration":1904,"voice":"1","chord":true,"type":"half","staff":"1"},{"noteName":"A#4","duration":476,"voice":"1","alter":"-1","type":"eighth","staff":"1"},{"noteName":"A#5","duration":476,"voice":"1","alter":"-1","chord":true,"type":"eighth","staff":"1"},{"noteName":"C5","duration":476,"voice":"1","type":"eighth","staff":"1"},{"noteName":"C6","duration":476,"voice":"1","chord":true,"type":"eighth","staff":"1"}]},"staff2":{"voice5":[{"noteName":"G2","duration":476,"voice":"5","type":"eighth","staff":"2"},{"noteName":"D3","duration":476,"voice":"5","type":"eighth","staff":"2"},{"noteName":"A3","duration":476,"voice":"5","type":"eighth","staff":"2"},{"noteName":"D3","duration":476,"voice":"5","type":"eighth","staff":"2"},{"noteName":"A#3","duration":476,"voice":"5","alter":"-1","type":"eighth","staff":"2"},{"noteName":"D3","duration":476,"voice":"5","type":"eighth","staff":"2"},{"noteName":"A3","duration":952,"voice":"5","type":"quarter","staff":"2"}]}},{"staff1":{"voice1":[{"noteName":"D5","duration":952,"voice":"1","type":"quarter","staff":"1"},{"noteName":"D6","duration":952,"voice":"1","chord":true,"type":"quarter","staff":"1"},{"noteName":"D5","duration":476,"voice":"1","type":"eighth","staff":"1"},{"noteName":"D6","duration":476,"voice":"1","chord":true,"type":"eighth","staff":"1"},{"noteName":"G5","duration":476,"voice":"1","type":"eighth","staff":"1"},{"noteName":"G6","duration":476,"voice":"1","chord":true,"type":"eighth","staff":"1"},{"noteName":"G5","duration":476,"voice":"1","type":"eighth","staff":"1"},{"noteName":"G6","duration":476,"voice":"1","chord":true,"type":"eighth","staff":"1"},{"noteName":"F5","duration":476,"voice":"1","type":"eighth","staff":"1"},{"noteName":"F6","duration":476,"voice":"1","chord":true,"type":"eighth","staff":"1"},{"noteName":"F5","duration":476,"voice":"1","type":"eighth","staff":"1"},{"noteName":"F6","duration":476,"voice":"1","chord":true,"type":"eighth","staff":"1"},{"noteName":"C5","duration":476,"voice":"1","type":"eighth","staff":"1"},{"noteName":"C6","duration":476,"voice":"1","chord":true,"type":"eighth","staff":"1"}]},"staff2":{"voice5":[{"noteName":"A#2","duration":476,"voice":"5","alter":"-1","type":"eighth","staff":"2"},{"noteName":"F3","duration":476,"voice":"5","type":"eighth","staff":"2"},{"noteName":"A#3","duration":952,"voice":"5","alter":"-1","type":"quarter","staff":"2"},{"noteName":"A2","duration":476,"voice":"5","type":"eighth","staff":"2"},{"noteName":"F3","duration":476,"voice":"5","type":"eighth","staff":"2"},{"noteName":"C4","duration":952,"voice":"5","type":"quarter","staff":"2"}]}},{"staff1":{"voice1":[{"noteName":"C5","duration":476,"voice":"1","type":"eighth","staff":"1"},{"noteName":"C6","duration":476,"voice":"1","chord":true,"type":"eighth","staff":"1"},{"noteName":"F5","duration":476,"voice":"1","type":"eighth","staff":"1"},{"noteName":"F6","duration":476,"voice":"1","chord":true,"type":"eighth","staff":"1"},{"noteName":"D5","duration":1904,"voice":"1","type":"half","staff":"1"},{"noteName":"D6","duration":1904,"voice":"1","chord":true,"type":"half","staff":"1"},{"noteName":"G4","duration":476,"voice":"1","type":"eighth","staff":"1"},{"noteName":"G5","duration":476,"voice":"1","chord":true,"type":"eighth","staff":"1"},{"noteName":"A#4","duration":476,"voice":"1","alter":"-1","type":"eighth","staff":"1"},{"noteName":"A#5","duration":476,"voice":"1","alter":"-1","chord":true,"type":"eighth","staff":"1"}]},"staff2":{"voice5":[{"noteName":"G2","duration":476,"voice":"5","type":"eighth","staff":"2"},{"noteName":"D3","duration":476,"voice":"5","type":"eighth","staff":"2"},{"noteName":"A3","duration":476,"voice":"5","type":"eighth","staff":"2"},{"noteName":"D3","duration":476,"voice":"5","type":"eighth","staff":"2"},{"noteName":"A#3","duration":476,"voice":"5","alter":"-1","type":"eighth","staff":"2"},{"noteName":"D3","duration":476,"voice":"5","type":"eighth","staff":"2"},{"noteName":"G2","duration":952,"voice":"5","type":"quarter","staff":"2"},{"noteName":"G3","duration":952,"voice":"5","chord":true,"type":"quarter","staff":"2"}]}},{"staff1":{"voice1":[{"noteName":"C5","duration":952,"voice":"1","type":"quarter","staff":"1"},{"noteName":"C6","duration":952,"voice":"1","chord":true,"type":"quarter","staff":"1"},{"noteName":"C5","duration":476,"voice":"1","type":"eighth","staff":"1"},{"noteName":"C6","duration":476,"voice":"1","chord":true,"type":"eighth","staff":"1"},{"noteName":"D5","duration":476,"voice":"1","type":"eighth","staff":"1"},{"noteName":"D6","duration":476,"voice":"1","chord":true,"type":"eighth","staff":"1"},{"noteName":"D5","duration":476,"voice":"1","type":"eighth","staff":"1"},{"noteName":"D6","duration":476,"voice":"1","chord":true,"type":"eighth","staff":"1"},{"noteName":"C5","duration":476,"voice":"1","type":"eighth","staff":"1"},{"noteName":"C6","duration":476,"voice":"1","chord":true,"type":"eighth","staff":"1"},{"noteName":"C5","duration":476,"voice":"1","type":"eighth","staff":"1"},{"noteName":"C6","duration":476,"voice":"1","chord":true,"type":"eighth","staff":"1"},{"noteName":"G4","duration":476,"voice":"1","type":"eighth","staff":"1"},{"noteName":"G5","duration":476,"voice":"1","chord":true,"type":"eighth","staff":"1"}]},"staff2":{"voice5":[{"noteName":"C2","duration":476,"voice":"5","type":"eighth","staff":"2"},{"noteName":"G2","duration":476,"voice":"5","type":"eighth","staff":"2"},{"noteName":"D#3","duration":952,"voice":"5","alter":"-1","type":"quarter","staff":"2"},{"noteName":"D2","duration":476,"voice":"5","type":"eighth","staff":"2"},{"noteName":"A#2","duration":476,"voice":"5","alter":"-1","type":"eighth","staff":"2"},{"noteName":"F3","duration":952,"voice":"5","type":"quarter","staff":"2"}]}},{"staff1":{"voice1":[{"noteName":"G4","duration":476,"voice":"1","type":"eighth","staff":"1"},{"noteName":"G5","duration":476,"voice":"1","chord":true,"type":"eighth","staff":"1"},{"noteName":"A#4","duration":476,"voice":"1","alter":"-1","type":"eighth","staff":"1"},{"noteName":"A#5","duration":476,"voice":"1","alter":"-1","chord":true,"type":"eighth","staff":"1"},{"noteName":"A#4","duration":952,"voice":"1","alter":"-1","type":"quarter","staff":"1"},{"noteName":"A#5","duration":952,"voice":"1","alter":"-1","chord":true,"type":"quarter","staff":"1"},{"noteName":"C4","duration":952,"voice":"1","type":"quarter","staff":"1"},{"noteName":"A4","duration":952,"voice":"1","chord":true,"type":"quarter","staff":"1"},{"noteName":"G4","duration":476,"voice":"1","type":"eighth","staff":"1"},{"noteName":"G5","duration":476,"voice":"1","chord":true,"type":"eighth","staff":"1"},{"noteName":"A#4","duration":476,"voice":"1","alter":"-1","type":"eighth","staff":"1"},{"noteName":"A#5","duration":476,"voice":"1","alter":"-1","chord":true,"type":"eighth","staff":"1"}]},"staff2":{"voice5":[{"noteName":"G2","duration":476,"voice":"5","type":"eighth","staff":"2"},{"noteName":"D3","duration":476,"voice":"5","type":"eighth","staff":"2"},{"noteName":"A#3","duration":476,"voice":"5","alter":"-1","type":"eighth","staff":"2"},{"noteName":"D3","duration":476,"voice":"5","type":"eighth","staff":"2"},{"noteName":"F2","duration":476,"voice":"5","type":"eighth","staff":"2"},{"noteName":"D3","duration":476,"voice":"5","type":"eighth","staff":"2"},{"noteName":"A3","duration":952,"voice":"5","type":"quarter","staff":"2"}]}},{"staff1":{"voice1":[{"noteName":"C5","duration":952,"voice":"1","type":"quarter","staff":"1"},{"noteName":"C6","duration":952,"voice":"1","chord":true,"type":"quarter","staff":"1"},{"noteName":"C5","duration":476,"voice":"1","type":"eighth","staff":"1"},{"noteName":"C6","duration":476,"voice":"1","chord":true,"type":"eighth","staff":"1"},{"noteName":"D5","duration":476,"voice":"1","type":"eighth","staff":"1"},{"noteName":"D6","duration":476,"voice":"1","chord":true,"type":"eighth","staff":"1"},{"noteName":"D5","duration":476,"voice":"1","type":"eighth","staff":"1"},{"noteName":"D6","duration":476,"voice":"1","chord":true,"type":"eighth","staff":"1"},{"noteName":"C5","duration":476,"voice":"1","type":"eighth","staff":"1"},{"noteName":"C6","duration":476,"voice":"1","chord":true,"type":"eighth","staff":"1"},{"noteName":"C5","duration":476,"voice":"1","type":"eighth","staff":"1"},{"noteName":"C6","duration":476,"voice":"1","chord":true,"type":"eighth","staff":"1"},{"noteName":"G4","duration":476,"voice":"1","type":"eighth","staff":"1"},{"noteName":"G5","duration":476,"voice":"1","chord":true,"type":"eighth","staff":"1"}]},"staff2":{"voice5":[{"noteName":"D#2","duration":476,"voice":"5","alter":"-1","type":"eighth","staff":"2"},{"noteName":"A#2","duration":476,"voice":"5","alter":"-1","type":"eighth","staff":"2"},{"noteName":"G3","duration":952,"voice":"5","type":"quarter","staff":"2"},{"noteName":"F2","duration":476,"voice":"5","type":"eighth","staff":"2"},{"noteName":"C3","duration":476,"voice":"5","type":"eighth","staff":"2"},{"noteName":"A3","duration":952,"voice":"5","type":"quarter","staff":"2"}]}},{"staff1":{"voice1":[{"noteName":"G4","duration":476,"voice":"1","type":"eighth","staff":"1"},{"noteName":"G5","duration":476,"voice":"1","chord":true,"type":"eighth","staff":"1"},{"noteName":"A#4","duration":476,"voice":"1","alter":"-1","type":"eighth","staff":"1"},{"noteName":"A#5","duration":476,"voice":"1","alter":"-1","chord":true,"type":"eighth","staff":"1"},{"noteName":"A#4","duration":2856,"voice":"1","alter":"-1","type":"half","dot":true,"staff":"1"},{"noteName":"A#5","duration":2856,"voice":"1","alter":"-1","chord":true,"type":"half","dot":true,"staff":"1"}]},"staff2":{"voice5":[{"noteName":"A#2","duration":476,"voice":"5","alter":"-1","type":"eighth","staff":"2"},{"noteName":"F3","duration":476,"voice":"5","type":"eighth","staff":"2"},{"noteName":"D4","duration":476,"voice":"5","type":"eighth","staff":"2"},{"noteName":"F3","duration":476,"voice":"5","type":"eighth","staff":"2"},{"noteName":"C4","duration":476,"voice":"5","type":"eighth","staff":"2"},{"noteName":"F3","duration":476,"voice":"5","type":"eighth","staff":"2"},{"noteName":"A#3","duration":476,"voice":"5","alter":"-1","type":"eighth","staff":"2"},{"noteName":"F3","duration":476,"voice":"5","type":"eighth","staff":"2"}]}},{"staff1":{"voice1":[{"noteName":"","duration":1904,"voice":"1","rest":true,"type":"half","staff":"1"},{"noteName":"","duration":952,"voice":"1","rest":true,"type":"quarter","staff":"1"},{"noteName":"D5","duration":476,"voice":"1","type":"eighth","staff":"1"},{"noteName":"F5","duration":476,"voice":"1","type":"eighth","staff":"1"}]},"staff2":{"voice5":[{"noteName":"A#2","duration":476,"voice":"5","alter":"-1","type":"eighth","staff":"2"},{"noteName":"F3","duration":476,"voice":"5","type":"eighth","staff":"2"},{"noteName":"D4","duration":476,"voice":"5","type":"eighth","staff":"2"},{"noteName":"F3","duration":476,"voice":"5","type":"eighth","staff":"2"},{"noteName":"C4","duration":476,"voice":"5","type":"eighth","staff":"2"},{"noteName":"A#3","duration":476,"voice":"5","alter":"-1","type":"eighth","staff":"2"},{"noteName":"F3","duration":476,"voice":"5","type":"eighth","staff":"2"},{"noteName":"A#2","duration":476,"voice":"5","alter":"-1","type":"eighth","staff":"2"}]}},{"staff1":{"voice1":[{"noteName":"A#4","duration":952,"voice":"1","alter":"-1","type":"quarter","staff":"1"},{"noteName":"G5","duration":952,"voice":"1","chord":true,"type":"quarter","staff":"1"},{"noteName":"A#4","duration":476,"voice":"1","alter":"-1","type":"eighth","staff":"1"},{"noteName":"G5","duration":476,"voice":"1","chord":true,"type":"eighth","staff":"1"},{"noteName":"A#4","duration":476,"voice":"1","alter":"-1","type":"eighth","staff":"1"},{"noteName":"G5","duration":476,"voice":"1","chord":true,"type":"eighth","staff":"1"},{"noteName":"A#4","duration":476,"voice":"1","alter":"-1","type":"eighth","staff":"1"},{"noteName":"G5","duration":476,"voice":"1","chord":true,"type":"eighth","staff":"1"},{"noteName":"A4","duration":476,"voice":"1","type":"eighth","staff":"1"},{"noteName":"F5","duration":476,"voice":"1","chord":true,"type":"eighth","staff":"1"},{"noteName":"A4","duration":476,"voice":"1","type":"eighth","staff":"1"},{"noteName":"F5","duration":476,"voice":"1","chord":true,"type":"eighth","staff":"1"},{"noteName":"C5","duration":476,"voice":"1","type":"eighth","staff":"1"},{"noteName":"A5","duration":476,"voice":"1","chord":true,"type":"eighth","staff":"1"}]},"staff2":{"voice5":[{"noteName":"D#2","duration":476,"voice":"5","alter":"-1","type":"eighth","staff":"2"},{"noteName":"A#2","duration":476,"voice":"5","alter":"-1","type":"eighth","staff":"2"},{"noteName":"G3","duration":952,"voice":"5","type":"quarter","staff":"2"},{"noteName":"F2","duration":476,"voice":"5","type":"eighth","staff":"2"},{"noteName":"C3","duration":476,"voice":"5","type":"eighth","staff":"2"},{"noteName":"A3","duration":952,"voice":"5","type":"quarter","staff":"2"}]}},{"staff1":{"voice1":[{"noteName":"C5","duration":476,"voice":"1","type":"eighth","staff":"1"},{"noteName":"A5","duration":476,"voice":"1","chord":true,"type":"eighth","staff":"1"},{"noteName":"A#4","duration":476,"voice":"1","alter":"-1","type":"eighth","staff":"1"},{"noteName":"G5","duration":476,"voice":"1","chord":true,"type":"eighth","staff":"1"},{"noteName":"A#4","duration":1904,"voice":"1","alter":"-1","type":"half","staff":"1"},{"noteName":"G5","duration":1904,"voice":"1","chord":true,"type":"half","staff":"1"},{"noteName":"A#4","duration":476,"voice":"1","alter":"-1","type":"eighth","staff":"1"},{"noteName":"G5","duration":476,"voice":"1","chord":true,"type":"eighth","staff":"1"},{"noteName":"C5","duration":476,"voice":"1","type":"eighth","staff":"1"},{"noteName":"A5","duration":476,"voice":"1","chord":true,"type":"eighth","staff":"1"}]},"staff2":{"voice5":[{"noteName":"G2","duration":476,"voice":"5","type":"eighth","staff":"2"},{"noteName":"D3","duration":476,"voice":"5","type":"eighth","staff":"2"},{"noteName":"A3","duration":476,"voice":"5","type":"eighth","staff":"2"},{"noteName":"A#3","duration":476,"voice":"5","alter":"-1","type":"eighth","staff":"2"},{"noteName":"D4","duration":476,"voice":"5","type":"eighth","staff":"2"},{"noteName":"A3","duration":476,"voice":"5","type":"eighth","staff":"2"},{"noteName":"F2","duration":952,"voice":"5","type":"quarter","staff":"2"},{"noteName":"F3","duration":952,"voice":"5","chord":true,"type":"quarter","staff":"2"}]}},{"staff1":{"voice1":[{"noteName":"D5","duration":952,"voice":"1","type":"quarter","staff":"1"},{"noteName":"A#5","duration":952,"voice":"1","alter":"-1","chord":true,"type":"quarter","staff":"1"},{"noteName":"D5","duration":476,"voice":"1","type":"eighth","staff":"1"},{"noteName":"A#5","duration":476,"voice":"1","alter":"-1","chord":true,"type":"eighth","staff":"1"},{"noteName":"D5","duration":476,"voice":"1","type":"eighth","staff":"1"},{"noteName":"A#5","duration":476,"voice":"1","alter":"-1","chord":true,"type":"eighth","staff":"1"},{"noteName":"D5","duration":476,"voice":"1","type":"eighth","staff":"1"},{"noteName":"A#5","duration":476,"voice":"1","alter":"-1","chord":true,"type":"eighth","staff":"1"},{"noteName":"C5","duration":476,"voice":"1","type":"eighth","staff":"1"},{"noteName":"A5","duration":476,"voice":"1","chord":true,"type":"eighth","staff":"1"},{"noteName":"C5","duration":476,"voice":"1","type":"eighth","staff":"1"},{"noteName":"A5","duration":476,"voice":"1","chord":true,"type":"eighth","staff":"1"},{"noteName":"A#4","duration":476,"voice":"1","alter":"-1","type":"eighth","staff":"1"},{"noteName":"G5","duration":476,"voice":"1","chord":true,"type":"eighth","staff":"1"}]},"staff2":{"voice5":[{"noteName":"D#2","duration":476,"voice":"5","alter":"-1","type":"eighth","staff":"2"},{"noteName":"A#2","duration":476,"voice":"5","alter":"-1","type":"eighth","staff":"2"},{"noteName":"G3","duration":952,"voice":"5","type":"quarter","staff":"2"},{"noteName":"F2","duration":476,"voice":"5","type":"eighth","staff":"2"},{"noteName":"C3","duration":476,"voice":"5","type":"eighth","staff":"2"},{"noteName":"A3","duration":952,"voice":"5","type":"quarter","staff":"2"}]}},{"staff1":{"voice1":[{"noteName":"A#4","duration":476,"voice":"1","alter":"-1","type":"eighth","staff":"1"},{"noteName":"G5","duration":476,"voice":"1","chord":true,"type":"eighth","staff":"1"},{"noteName":"A4","duration":476,"voice":"1","type":"eighth","staff":"1"},{"noteName":"F5","duration":476,"voice":"1","chord":true,"type":"eighth","staff":"1"},{"noteName":"A4","duration":1904,"voice":"1","type":"half","staff":"1"},{"noteName":"F5","duration":1904,"voice":"1","chord":true,"type":"half","staff":"1"},{"noteName":"F4","duration":476,"voice":"1","type":"eighth","staff":"1"},{"noteName":"D5","duration":476,"voice":"1","chord":true,"type":"eighth","staff":"1"},{"noteName":"A4","duration":476,"voice":"1","type":"eighth","staff":"1"},{"noteName":"F5","duration":476,"voice":"1","chord":true,"type":"eighth","staff":"1"}]},"staff2":{"voice5":[{"noteName":"A#2","duration":476,"voice":"5","alter":"-1","type":"eighth","staff":"2"},{"noteName":"F3","duration":476,"voice":"5","type":"eighth","staff":"2"},{"noteName":"C4","duration":476,"voice":"5","type":"eighth","staff":"2"},{"noteName":"F3","duration":476,"voice":"5","type":"eighth","staff":"2"},{"noteName":"D4","duration":476,"voice":"5","type":"eighth","staff":"2"},{"noteName":"F3","duration":1428,"voice":"5","type":"quarter","dot":true,"staff":"2"}]}},{"staff1":{"voice1":[{"noteName":"A#4","duration":952,"voice":"1","alter":"-1","type":"quarter","staff":"1"},{"noteName":"G5","duration":952,"voice":"1","chord":true,"type":"quarter","staff":"1"},{"noteName":"A#4","duration":476,"voice":"1","alter":"-1","type":"eighth","staff":"1"},{"noteName":"G5","duration":476,"voice":"1","chord":true,"type":"eighth","staff":"1"},{"noteName":"A#4","duration":476,"voice":"1","alter":"-1","type":"eighth","staff":"1"},{"noteName":"G5","duration":476,"voice":"1","chord":true,"type":"eighth","staff":"1"},{"noteName":"A#4","duration":476,"voice":"1","alter":"-1","type":"eighth","staff":"1"},{"noteName":"G5","duration":476,"voice":"1","chord":true,"type":"eighth","staff":"1"},{"noteName":"A4","duration":476,"voice":"1","type":"eighth","staff":"1"},{"noteName":"F5","duration":476,"voice":"1","chord":true,"type":"eighth","staff":"1"},{"noteName":"A4","duration":476,"voice":"1","type":"eighth","staff":"1"},{"noteName":"F5","duration":476,"voice":"1","chord":true,"type":"eighth","staff":"1"},{"noteName":"C5","duration":476,"voice":"1","type":"eighth","staff":"1"},{"noteName":"A5","duration":476,"voice":"1","chord":true,"type":"eighth","staff":"1"}]},"staff2":{"voice5":[{"noteName":"D#2","duration":476,"voice":"5","alter":"-1","type":"eighth","staff":"2"},{"noteName":"A#2","duration":476,"voice":"5","alter":"-1","type":"eighth","staff":"2"},{"noteName":"G3","duration":952,"voice":"5","type":"quarter","staff":"2"},{"noteName":"F2","duration":476,"voice":"5","type":"eighth","staff":"2"},{"noteName":"C3","duration":476,"voice":"5","type":"eighth","staff":"2"},{"noteName":"A3","duration":952,"voice":"5","type":"quarter","staff":"2"}]}},{"staff1":{"voice1":[{"noteName":"C5","duration":476,"voice":"1","type":"eighth","staff":"1"},{"noteName":"A5","duration":476,"voice":"1","chord":true,"type":"eighth","staff":"1"},{"noteName":"D5","duration":476,"voice":"1","type":"eighth","staff":"1"},{"noteName":"A#5","duration":476,"voice":"1","alter":"-1","chord":true,"type":"eighth","staff":"1"},{"noteName":"A#4","duration":1904,"voice":"1","alter":"-1","type":"half","staff":"1"},{"noteName":"G5","duration":1904,"voice":"1","chord":true,"type":"half","staff":"1"},{"noteName":"G4","duration":476,"voice":"1","type":"eighth","staff":"1"},{"noteName":"G5","duration":476,"voice":"1","chord":true,"type":"eighth","staff":"1"},{"noteName":"A4","duration":476,"voice":"1","type":"eighth","staff":"1"},{"noteName":"A5","duration":476,"voice":"1","chord":true,"type":"eighth","staff":"1"}]},"staff2":{"voice5":[{"noteName":"G2","duration":476,"voice":"5","type":"eighth","staff":"2"},{"noteName":"D3","duration":476,"voice":"5","type":"eighth","staff":"2"},{"noteName":"A3","duration":476,"voice":"5","type":"eighth","staff":"2"},{"noteName":"D3","duration":476,"voice":"5","type":"eighth","staff":"2"},{"noteName":"A#3","duration":476,"voice":"5","alter":"-1","type":"eighth","staff":"2"},{"noteName":"D3","duration":476,"voice":"5","type":"eighth","staff":"2"},{"noteName":"F2","duration":952,"voice":"5","type":"quarter","staff":"2"},{"noteName":"F3","duration":952,"voice":"5","chord":true,"type":"quarter","staff":"2"}]}},{"staff1":{"voice1":[{"noteName":"A#4","duration":952,"voice":"1","alter":"-1","type":"quarter","staff":"1"},{"noteName":"A#5","duration":952,"voice":"1","alter":"-1","chord":true,"type":"quarter","staff":"1"},{"noteName":"G5","duration":476,"voice":"1","type":"eighth","staff":"1"},{"noteName":"D6","duration":476,"voice":"1","type":"eighth","staff":"1"},{"noteName":"C6","duration":476,"voice":"1","type":"eighth","staff":"1"},{"noteName":"A5","duration":476,"voice":"1","type":"eighth","staff":"1"},{"noteName":"F5","duration":476,"voice":"1","type":"eighth","staff":"1"},{"noteName":"D5","duration":476,"voice":"1","type":"eighth","staff":"1"}]},"staff2":{"voice5":[{"noteName":"D#2","duration":476,"voice":"5","alter":"-1","type":"eighth","staff":"2"},{"noteName":"A#2","duration":476,"voice":"5","alter":"-1","type":"eighth","staff":"2"},{"noteName":"G3","duration":952,"voice":"5","type":"quarter","staff":"2"},{"noteName":"F2","duration":476,"voice":"5","type":"eighth","staff":"2"},{"noteName":"C3","duration":476,"voice":"5","type":"eighth","staff":"2"},{"noteName":"A3","duration":952,"voice":"5","type":"quarter","staff":"2"}]}},{"staff1":{"voice1":[{"noteName":"C5","duration":476,"voice":"1","type":"eighth","staff":"1"},{"noteName":"A5","duration":476,"voice":"1","chord":true,"type":"eighth","staff":"1"},{"noteName":"A#4","duration":476,"voice":"1","alter":"-1","type":"eighth","staff":"1"},{"noteName":"G5","duration":476,"voice":"1","chord":true,"type":"eighth","staff":"1"},{"noteName":"A#4","duration":2856,"voice":"1","alter":"-1","type":"half","dot":true,"staff":"1"},{"noteName":"G5","duration":2856,"voice":"1","chord":true,"type":"half","dot":true,"staff":"1"}]},"staff2":{"voice5":[{"noteName":"G2","duration":476,"voice":"5","type":"eighth","staff":"2"},{"noteName":"D3","duration":476,"voice":"5","type":"eighth","staff":"2"},{"noteName":"A3","duration":476,"voice":"5","type":"eighth","staff":"2"},{"noteName":"D3","duration":476,"voice":"5","type":"eighth","staff":"2"},{"noteName":"A#3","duration":476,"voice":"5","alter":"-1","type":"eighth","staff":"2"},{"noteName":"D3","duration":476,"voice":"5","type":"eighth","staff":"2"},{"noteName":"A3","duration":476,"voice":"5","type":"eighth","staff":"2"},{"noteName":"D3","duration":476,"voice":"5","type":"eighth","staff":"2"}]}},{"staff1":{"voice1":[{"noteName":"","duration":952,"voice":"1","rest":true,"type":"quarter","staff":"1"},{"noteName":"G4","duration":476,"voice":"1","type":"eighth","staff":"1"},{"noteName":"A#4","duration":476,"voice":"1","alter":"-1","type":"eighth","staff":"1"},{"noteName":"F5","duration":476,"voice":"1","type":"eighth","staff":"1"},{"noteName":"G4","duration":476,"voice":"1","type":"eighth","staff":"1"},{"noteName":"A#4","duration":952,"voice":"1","alter":"-1","type":"quarter","staff":"1"}],"voice2":[{"noteName":"","duration":1904,"voice":"2","rest":true,"type":"half","staff":"1"},{"noteName":"","duration":952,"voice":"2","rest":true,"type":"quarter","staff":"1"},{"noteName":"","duration":476,"voice":"2","rest":true,"type":"eighth","staff":"1"},{"noteName":"D#5","duration":476,"voice":"2","alter":"-1","type":"eighth","staff":"1"}],"voice3":[{"noteName":"","duration":1904,"voice":"3","rest":true,"type":"half","staff":"1"},{"noteName":"","duration":952,"voice":"3","rest":true,"type":"quarter","staff":"1"},{"noteName":"","duration":476,"voice":"3","rest":true,"type":"eighth","staff":"1"},{"noteName":"","duration":238,"voice":"3","rest":true,"type":"16th","staff":"1"},{"noteName":"G4","duration":238,"voice":"3","tie":"start","type":"16th","staff":"1"}]},"staff2":{"voice5":[{"noteName":"G2","duration":1904,"voice":"5","type":"half","staff":"2"},{"noteName":"","duration":1904,"voice":"5","rest":true,"type":"half","staff":"2"}]}},{"staff1":{"voice1":[{"noteName":"","duration":119,"voice":"1","rest":true,"type":"32nd","staff":"1"},{"noteName":"D5","duration":357,"voice":"1","type":"16th","dot":true,"staff":"1"},{"noteName":"D6","duration":476,"voice":"1","type":"eighth","staff":"1"},{"noteName":"C5","duration":476,"voice":"1","type":"eighth","staff":"1"},{"noteName":"C6","duration":476,"voice":"1","type":"eighth","staff":"1"},{"noteName":"A#4","duration":476,"voice":"1","alter":"-1","type":"eighth","staff":"1"},{"noteName":"A#5","duration":476,"voice":"1","alter":"-1","type":"eighth","staff":"1"},{"noteName":"A4","duration":476,"voice":"1","type":"eighth","staff":"1"},{"noteName":"A5","duration":476,"voice":"1","type":"eighth","staff":"1"}],"voice2":[{"noteName":"A#4","duration":952,"voice":"2","alter":"-1","type":"quarter","staff":"1"},{"noteName":"","duration":952,"voice":"2","rest":true,"type":"quarter","staff":"1"},{"noteName":"","duration":1904,"voice":"2","rest":true,"type":"half","staff":"1"}],"voice3":[{"noteName":"G4","duration":476,"voice":"3","tie":"stop","type":"eighth","staff":"1"},{"noteName":"","duration":476,"voice":"3","rest":true,"type":"eighth","staff":"1"},{"noteName":"","duration":952,"voice":"3","rest":true,"type":"quarter","staff":"1"},{"noteName":"","duration":1904,"voice":"3","rest":true,"type":"half","staff":"1"}]},"staff2":{"voice5":[{"noteName":"C2","duration":476,"voice":"5","type":"eighth","staff":"2"},{"noteName":"G2","duration":476,"voice":"5","type":"eighth","staff":"2"},{"noteName":"D3","duration":476,"voice":"5","type":"eighth","staff":"2"},{"noteName":"D#3","duration":476,"voice":"5","alter":"-1","type":"eighth","staff":"2"},{"noteName":"A#3","duration":952,"voice":"5","alter":"-1","type":"quarter","staff":"2"},{"noteName":"","duration":952,"voice":"5","rest":true,"type":"quarter","staff":"2"}]}},{"staff1":{"voice1":[{"noteName":"","duration":238,"voice":"1","rest":true,"type":"16th","staff":"1"},{"noteName":"A#4","duration":714,"voice":"1","alter":"-1","type":"eighth","dot":true,"staff":"1"},{"noteName":"D4","duration":952,"voice":"1","type":"quarter","staff":"1"},{"noteName":"A4","duration":952,"voice":"1","chord":true,"type":"quarter","staff":"1"},{"noteName":"C5","duration":952,"voice":"1","chord":true,"type":"quarter","staff":"1"},{"noteName":"F4","duration":952,"voice":"1","type":"quarter","staff":"1"},{"noteName":"A4","duration":952,"voice":"1","chord":true,"type":"quarter","staff":"1"},{"noteName":"G4","duration":952,"voice":"1","type":"quarter","staff":"1"},{"noteName":"A#4","duration":952,"voice":"1","alter":"-1","chord":true,"type":"quarter","staff":"1"}],"voice2":[{"noteName":"","duration":119,"voice":"2","rest":true,"type":"32nd","staff":"1"},{"noteName":"G4","duration":357,"voice":"2","tie":"start","type":"16th","dot":true,"staff":"1"},{"noteName":"G4","duration":476,"voice":"2","tie":"stop","type":"eighth","staff":"1"},{"noteName":"","duration":952,"voice":"2","rest":true,"type":"quarter","staff":"1"},{"noteName":"","duration":1904,"voice":"2","rest":true,"type":"half","staff":"1"}],"voice3":[{"noteName":"D4","duration":952,"voice":"3","type":"quarter","staff":"1"},{"noteName":"","duration":952,"voice":"3","rest":true,"type":"quarter","staff":"1"},{"noteName":"","duration":952,"voice":"3","rest":true,"type":"quarter","staff":"1"},{"noteName":"D4","duration":714,"voice":"3","type":"eighth","dot":true,"staff":"1"},{"noteName":"D4","duration":238,"voice":"3","tie":"start","type":"16th","staff":"1"}]},"staff2":{"voice5":[{"noteName":"G2","duration":476,"voice":"5","type":"eighth","staff":"2"},{"noteName":"D3","duration":476,"voice":"5","type":"eighth","staff":"2"},{"noteName":"A3","duration":476,"voice":"5","type":"eighth","staff":"2"},{"noteName":"A#3","duration":476,"voice":"5","alter":"-1","type":"eighth","staff":"2"},{"noteName":"D4","duration":952,"voice":"5","type":"quarter","staff":"2"},{"noteName":"","duration":952,"voice":"5","rest":true,"type":"quarter","staff":"2"}]}},{"staff1":{"voice1":[{"noteName":"","duration":119,"voice":"1","rest":true,"type":"32nd","staff":"1"},{"noteName":"A#4","duration":357,"voice":"1","alter":"-1","type":"16th","dot":true,"staff":"1"},{"noteName":"A#5","duration":476,"voice":"1","alter":"-1","type":"eighth","staff":"1"},{"noteName":"A4","duration":476,"voice":"1","type":"eighth","staff":"1"},{"noteName":"A5","duration":476,"voice":"1","type":"eighth","staff":"1"},{"noteName":"G4","duration":476,"voice":"1","type":"eighth","staff":"1"},{"noteName":"G5","duration":476,"voice":"1","type":"eighth","staff":"1"},{"noteName":"F4","duration":476,"voice":"1","type":"eighth","staff":"1"},{"noteName":"F5","duration":476,"voice":"1","type":"eighth","staff":"1"}],"voice2":[{"noteName":"F4","duration":952,"voice":"2","type":"quarter","staff":"1"},{"noteName":"","duration":952,"voice":"2","rest":true,"type":"quarter","staff":"1"},{"noteName":"","duration":1904,"voice":"2","rest":true,"type":"half","staff":"1"}],"voice3":[{"noteName":"D4","duration":476,"voice":"3","tie":"stop","type":"eighth","staff":"1"},{"noteName":"","duration":476,"voice":"3","rest":true,"type":"eighth","staff":"1"},{"noteName":"","duration":952,"voice":"3","rest":true,"type":"quarter","staff":"1"},{"noteName":"","duration":1904,"voice":"3","rest":true,"type":"half","staff":"1"}]},"staff2":{"voice5":[{"noteName":"D2","duration":476,"voice":"5","type":"eighth","staff":"2"},{"noteName":"A2","duration":476,"voice":"5","type":"eighth","staff":"2"},{"noteName":"D3","duration":476,"voice":"5","type":"eighth","staff":"2"},{"noteName":"A2","duration":476,"voice":"5","type":"eighth","staff":"2"},{"noteName":"F3","duration":952,"voice":"5","type":"quarter","staff":"2"},{"noteName":"","duration":952,"voice":"5","rest":true,"type":"quarter","staff":"2"}]}},{"staff1":{"voice1":[{"noteName":"","duration":238,"voice":"1","rest":true,"type":"16th","staff":"1"},{"noteName":"A#4","duration":714,"voice":"1","alter":"-1","type":"eighth","dot":true,"staff":"1"},{"noteName":"F4","duration":952,"voice":"1","type":"quarter","staff":"1"},{"noteName":"A4","duration":952,"voice":"1","chord":true,"type":"quarter","staff":"1"},{"noteName":"D4","duration":952,"voice":"1","type":"quarter","staff":"1"},{"noteName":"F4","duration":952,"voice":"1","chord":true,"type":"quarter","staff":"1"},{"noteName":"D#4","duration":952,"voice":"1","alter":"-1","type":"quarter","staff":"1"},{"noteName":"G4","duration":952,"voice":"1","chord":true,"type":"quarter","staff":"1"}],"voice2":[{"noteName":"","duration":119,"voice":"2","rest":true,"type":"32nd","staff":"1"},{"noteName":"F4","duration":357,"voice":"2","tie":"start","type":"16th","dot":true,"staff":"1"},{"noteName":"F4","duration":476,"voice":"2","tie":"stop","type":"eighth","staff":"1"},{"noteName":"","duration":952,"voice":"2","rest":true,"type":"quarter","staff":"1"},{"noteName":"","duration":1904,"voice":"2","rest":true,"type":"half","staff":"1"}],"voice3":[{"noteName":"D4","duration":952,"voice":"3","type":"quarter","staff":"1"},{"noteName":"","duration":952,"voice":"3","rest":true,"type":"quarter","staff":"1"},{"noteName":"","duration":1904,"voice":"3","rest":true,"type":"half","staff":"1"}]},"staff2":{"voice5":[{"noteName":"D#2","duration":476,"voice":"5","alter":"-1","type":"eighth","staff":"2"},{"noteName":"A#2","duration":476,"voice":"5","alter":"-1","type":"eighth","staff":"2"},{"noteName":"D#3","duration":476,"voice":"5","alter":"-1","type":"eighth","staff":"2"},{"noteName":"A#2","duration":476,"voice":"5","alter":"-1","type":"eighth","staff":"2"},{"noteName":"G3","duration":476,"voice":"5","type":"eighth","staff":"2"},{"noteName":"A#2","duration":476,"voice":"5","alter":"-1","type":"eighth","staff":"2"},{"noteName":"D#2","duration":952,"voice":"5","alter":"-1","type":"quarter","staff":"2"}]}},{"staff1":{"voice1":[{"noteName":"A#3","duration":952,"voice":"1","alter":"-1","type":"quarter","staff":"1"},{"noteName":"D4","duration":952,"voice":"1","chord":true,"type":"quarter","staff":"1"},{"noteName":"D4","duration":952,"voice":"1","type":"quarter","staff":"1"},{"noteName":"D5","duration":952,"voice":"1","chord":true,"type":"quarter","staff":"1"},{"noteName":"F4","duration":952,"voice":"1","type":"quarter","staff":"1"},{"noteName":"F5","duration":952,"voice":"1","chord":true,"type":"quarter","staff":"1"},{"noteName":"A#4","duration":952,"voice":"1","alter":"-1","type":"quarter","staff":"1"},{"noteName":"A#5","duration":952,"voice":"1","alter":"-1","chord":true,"type":"quarter","staff":"1"}]},"staff2":{"voice5":[{"noteName":"A#1","duration":476,"voice":"5","alter":"-1","type":"eighth","staff":"2"},{"noteName":"A#2","duration":476,"voice":"5","alter":"-1","chord":true,"type":"eighth","staff":"2"},{"noteName":"F2","duration":476,"voice":"5","type":"eighth","staff":"2"},{"noteName":"A#2","duration":476,"voice":"5","alter":"-1","type":"eighth","staff":"2"},{"noteName":"D3","duration":476,"voice":"5","type":"eighth","staff":"2"},{"noteName":"F3","duration":476,"voice":"5","type":"eighth","staff":"2"},{"noteName":"A#3","duration":476,"voice":"5","alter":"-1","type":"eighth","staff":"2"},{"noteName":"F3","duration":476,"voice":"5","type":"eighth","staff":"2"},{"noteName":"D3","duration":476,"voice":"5","type":"eighth","staff":"2"}]}},{"staff1":{"voice1":[{"noteName":"C5","duration":952,"voice":"1","type":"quarter","staff":"1"},{"noteName":"C6","duration":952,"voice":"1","chord":true,"type":"quarter","staff":"1"},{"noteName":"F5","duration":1904,"voice":"1","type":"half","staff":"1"},{"noteName":"F6","duration":1904,"voice":"1","chord":true,"type":"half","staff":"1"},{"noteName":"","duration":952,"voice":"1","rest":true,"type":"quarter","staff":"1"}]},"staff2":{"voice5":[{"noteName":"F2","duration":476,"voice":"5","type":"eighth","staff":"2"},{"noteName":"C3","duration":476,"voice":"5","type":"eighth","staff":"2"},{"noteName":"F3","duration":476,"voice":"5","type":"eighth","staff":"2"},{"noteName":"G3","duration":476,"voice":"5","type":"eighth","staff":"2"},{"noteName":"A3","duration":476,"voice":"5","type":"eighth","staff":"2"},{"noteName":"F3","duration":476,"voice":"5","type":"eighth","staff":"2"},{"noteName":"C3","duration":476,"voice":"5","type":"eighth","staff":"2"},{"noteName":"F2","duration":476,"voice":"5","type":"eighth","staff":"2"}]}},{"staff1":{"voice1":[{"noteName":"","duration":952,"voice":"1","rest":true,"type":"quarter","staff":"1"},{"noteName":"F4","duration":952,"voice":"1","type":"quarter","staff":"1"},{"noteName":"F5","duration":952,"voice":"1","chord":true,"type":"quarter","staff":"1"},{"noteName":"A#4","duration":952,"voice":"1","alter":"-1","type":"quarter","staff":"1"},{"noteName":"A#5","duration":952,"voice":"1","alter":"-1","chord":true,"type":"quarter","staff":"1"},{"noteName":"C5","duration":952,"voice":"1","type":"quarter","staff":"1"},{"noteName":"C6","duration":952,"voice":"1","chord":true,"type":"quarter","staff":"1"}]},"staff2":{"voice5":[{"noteName":"D2","duration":476,"voice":"5","type":"eighth","staff":"2"},{"noteName":"A#2","duration":476,"voice":"5","alter":"-1","type":"eighth","staff":"2"},{"noteName":"D3","duration":476,"voice":"5","type":"eighth","staff":"2"},{"noteName":"A#2","duration":476,"voice":"5","alter":"-1","type":"eighth","staff":"2"},{"noteName":"F3","duration":476,"voice":"5","type":"eighth","staff":"2"},{"noteName":"A#2","duration":476,"voice":"5","alter":"-1","type":"eighth","staff":"2"},{"noteName":"D3","duration":476,"voice":"5","type":"eighth","staff":"2"},{"noteName":"A#2","duration":476,"voice":"5","alter":"-1","type":"eighth","staff":"2"}]}},{"staff1":{"voice1":[{"noteName":"D5","duration":952,"voice":"1","type":"quarter","staff":"1"},{"noteName":"D6","duration":952,"voice":"1","chord":true,"type":"quarter","staff":"1"},{"noteName":"G5","duration":2856,"voice":"1","type":"half","dot":true,"staff":"1"},{"noteName":"G6","duration":2856,"voice":"1","chord":true,"type":"half","dot":true,"staff":"1"}]},"staff2":{"voice5":[{"noteName":"G2","duration":476,"voice":"5","type":"eighth","staff":"2"},{"noteName":"D3","duration":476,"voice":"5","type":"eighth","staff":"2"},{"noteName":"G3","duration":476,"voice":"5","type":"eighth","staff":"2"},{"noteName":"A3","duration":476,"voice":"5","type":"eighth","staff":"2"},{"noteName":"A#3","duration":476,"voice":"5","alter":"-1","type":"eighth","staff":"2"},{"noteName":"G3","duration":476,"voice":"5","type":"eighth","staff":"2"},{"noteName":"D3","duration":476,"voice":"5","type":"eighth","staff":"2"},{"noteName":"A#2","duration":476,"voice":"5","alter":"-1","type":"eighth","staff":"2"}]}},{"staff1":{"voice1":[{"noteName":"C6","duration":476,"voice":"1","type":"eighth","staff":"1"},{"noteName":"A#6","duration":476,"voice":"1","alter":"-1","type":"eighth","staff":"1"},{"noteName":"D6","duration":476,"voice":"1","type":"eighth","staff":"1"},{"noteName":"A6","duration":476,"voice":"1","type":"eighth","staff":"1"},{"noteName":"F4","duration":952,"voice":"1","type":"quarter","staff":"1"},{"noteName":"D5","duration":476,"voice":"1","type":"eighth","staff":"1"},{"noteName":"F5","duration":476,"voice":"1","type":"eighth","staff":"1"}]},"staff2":{"voice5":[{"noteName":"G2","duration":476,"voice":"5","type":"eighth","staff":"2"},{"noteName":"D3","duration":476,"voice":"5","type":"eighth","staff":"2"},{"noteName":"A3","duration":476,"voice":"5","type":"eighth","staff":"2"},{"noteName":"A#3","duration":476,"voice":"5","alter":"-1","type":"eighth","staff":"2"},{"noteName":"C4","duration":1904,"voice":"5","type":"half","staff":"2"}]}},{"staff1":{"voice1":[{"noteName":"A#4","duration":952,"voice":"1","alter":"-1","type":"quarter","staff":"1"},{"noteName":"G5","duration":952,"voice":"1","chord":true,"type":"quarter","staff":"1"},{"noteName":"A#4","duration":476,"voice":"1","alter":"-1","type":"eighth","staff":"1"},{"noteName":"G5","duration":476,"voice":"1","chord":true,"type":"eighth","staff":"1"},{"noteName":"A#4","duration":476,"voice":"1","alter":"-1","type":"eighth","staff":"1"},{"noteName":"G5","duration":476,"voice":"1","chord":true,"type":"eighth","staff":"1"},{"noteName":"A#4","duration":476,"voice":"1","alter":"-1","type":"eighth","staff":"1"},{"noteName":"G5","duration":476,"voice":"1","chord":true,"type":"eighth","staff":"1"},{"noteName":"A4","duration":476,"voice":"1","type":"eighth","staff":"1"},{"noteName":"F5","duration":476,"voice":"1","chord":true,"type":"eighth","staff":"1"},{"noteName":"A4","duration":476,"voice":"1","type":"eighth","staff":"1"},{"noteName":"F5","duration":476,"voice":"1","chord":true,"type":"eighth","staff":"1"},{"noteName":"C5","duration":476,"voice":"1","type":"eighth","staff":"1"},{"noteName":"A5","duration":476,"voice":"1","chord":true,"type":"eighth","staff":"1"}]},"staff2":{"voice5":[{"noteName":"D#2","duration":476,"voice":"5","alter":"-1","type":"eighth","staff":"2"},{"noteName":"A#2","duration":476,"voice":"5","alter":"-1","type":"eighth","staff":"2"},{"noteName":"G3","duration":952,"voice":"5","type":"quarter","staff":"2"},{"noteName":"F2","duration":476,"voice":"5","type":"eighth","staff":"2"},{"noteName":"C3","duration":476,"voice":"5","type":"eighth","staff":"2"},{"noteName":"A3","duration":952,"voice":"5","type":"quarter","staff":"2"}]}},{"staff1":{"voice1":[{"noteName":"C5","duration":476,"voice":"1","type":"eighth","staff":"1"},{"noteName":"A5","duration":476,"voice":"1","chord":true,"type":"eighth","staff":"1"},{"noteName":"A#4","duration":476,"voice":"1","alter":"-1","type":"eighth","staff":"1"},{"noteName":"G5","duration":476,"voice":"1","chord":true,"type":"eighth","staff":"1"},{"noteName":"A#4","duration":1904,"voice":"1","alter":"-1","type":"half","staff":"1"},{"noteName":"G5","duration":1904,"voice":"1","chord":true,"type":"half","staff":"1"},{"noteName":"A#4","duration":476,"voice":"1","alter":"-1","type":"eighth","staff":"1"},{"noteName":"G5","duration":476,"voice":"1","chord":true,"type":"eighth","staff":"1"},{"noteName":"C5","duration":476,"voice":"1","type":"eighth","staff":"1"},{"noteName":"A5","duration":476,"voice":"1","chord":true,"type":"eighth","staff":"1"}]},"staff2":{"voice5":[{"noteName":"G2","duration":476,"voice":"5","type":"eighth","staff":"2"},{"noteName":"D3","duration":476,"voice":"5","type":"eighth","staff":"2"},{"noteName":"C4","duration":476,"voice":"5","type":"eighth","staff":"2"},{"noteName":"D3","duration":476,"voice":"5","type":"eighth","staff":"2"},{"noteName":"A#3","duration":476,"voice":"5","alter":"-1","type":"eighth","staff":"2"},{"noteName":"D3","duration":476,"voice":"5","type":"eighth","staff":"2"},{"noteName":"F2","duration":952,"voice":"5","type":"quarter","staff":"2"},{"noteName":"F3","duration":952,"voice":"5","chord":true,"type":"quarter","staff":"2"}]}},{"staff1":{"voice1":[{"noteName":"D5","duration":952,"voice":"1","type":"quarter","staff":"1"},{"noteName":"A#5","duration":952,"voice":"1","alter":"-1","chord":true,"type":"quarter","staff":"1"},{"noteName":"","duration":476,"voice":"1","rest":true,"type":"eighth","staff":"1"},{"noteName":"D5","duration":476,"voice":"1","type":"eighth","staff":"1"},{"noteName":"A#5","duration":476,"voice":"1","alter":"-1","chord":true,"type":"eighth","staff":"1"},{"noteName":"D5","duration":476,"voice":"1","type":"eighth","staff":"1"},{"noteName":"A#5","duration":476,"voice":"1","alter":"-1","chord":true,"type":"eighth","staff":"1"},{"noteName":"C5","duration":476,"voice":"1","type":"eighth","staff":"1"},{"noteName":"A5","duration":476,"voice":"1","chord":true,"type":"eighth","staff":"1"},{"noteName":"C5","duration":476,"voice":"1","type":"eighth","staff":"1"},{"noteName":"A5","duration":476,"voice":"1","chord":true,"type":"eighth","staff":"1"},{"noteName":"A#4","duration":476,"voice":"1","alter":"-1","type":"eighth","staff":"1"},{"noteName":"G5","duration":476,"voice":"1","chord":true,"type":"eighth","staff":"1"}]},"staff2":{"voice5":[{"noteName":"D#2","duration":476,"voice":"5","alter":"-1","type":"eighth","staff":"2"},{"noteName":"A#2","duration":476,"voice":"5","alter":"-1","type":"eighth","staff":"2"},{"noteName":"G3","duration":952,"voice":"5","type":"quarter","staff":"2"},{"noteName":"F2","duration":476,"voice":"5","type":"eighth","staff":"2"},{"noteName":"C3","duration":476,"voice":"5","type":"eighth","staff":"2"},{"noteName":"A3","duration":952,"voice":"5","type":"quarter","staff":"2"}]}},{"staff1":{"voice1":[{"noteName":"A#4","duration":476,"voice":"1","alter":"-1","type":"eighth","staff":"1"},{"noteName":"G5","duration":476,"voice":"1","chord":true,"type":"eighth","staff":"1"},{"noteName":"A4","duration":476,"voice":"1","type":"eighth","staff":"1"},{"noteName":"F5","duration":476,"voice":"1","chord":true,"type":"eighth","staff":"1"},{"noteName":"A4","duration":1904,"voice":"1","type":"half","staff":"1"},{"noteName":"F5","duration":1904,"voice":"1","chord":true,"type":"half","staff":"1"},{"noteName":"F4","duration":476,"voice":"1","type":"eighth","staff":"1"},{"noteName":"D5","duration":476,"voice":"1","chord":true,"type":"eighth","staff":"1"},{"noteName":"A4","duration":476,"voice":"1","type":"eighth","staff":"1"},{"noteName":"F5","duration":476,"voice":"1","chord":true,"type":"eighth","staff":"1"}]},"staff2":{"voice5":[{"noteName":"A#2","duration":476,"voice":"5","alter":"-1","type":"eighth","staff":"2"},{"noteName":"F3","duration":476,"voice":"5","type":"eighth","staff":"2"},{"noteName":"A#3","duration":476,"voice":"5","alter":"-1","type":"eighth","staff":"2"},{"noteName":"C4","duration":476,"voice":"5","type":"eighth","staff":"2"},{"noteName":"D4","duration":476,"voice":"5","type":"eighth","staff":"2"},{"noteName":"A#3","duration":476,"voice":"5","alter":"-1","type":"eighth","staff":"2"},{"noteName":"F2","duration":952,"voice":"5","type":"quarter","staff":"2"},{"noteName":"F3","duration":952,"voice":"5","chord":true,"type":"quarter","staff":"2"}]}},{"staff1":{"voice1":[{"noteName":"A#4","duration":952,"voice":"1","alter":"-1","type":"quarter","staff":"1"},{"noteName":"G5","duration":952,"voice":"1","chord":true,"type":"quarter","staff":"1"},{"noteName":"A#4","duration":476,"voice":"1","alter":"-1","type":"eighth","staff":"1"},{"noteName":"G5","duration":476,"voice":"1","chord":true,"type":"eighth","staff":"1"},{"noteName":"A#4","duration":476,"voice":"1","alter":"-1","type":"eighth","staff":"1"},{"noteName":"G5","duration":476,"voice":"1","chord":true,"type":"eighth","staff":"1"},{"noteName":"A#4","duration":476,"voice":"1","alter":"-1","type":"eighth","staff":"1"},{"noteName":"G5","duration":476,"voice":"1","chord":true,"type":"eighth","staff":"1"},{"noteName":"A4","duration":476,"voice":"1","type":"eighth","staff":"1"},{"noteName":"F5","duration":476,"voice":"1","chord":true,"type":"eighth","staff":"1"},{"noteName":"A4","duration":476,"voice":"1","type":"eighth","staff":"1"},{"noteName":"F5","duration":476,"voice":"1","chord":true,"type":"eighth","staff":"1"},{"noteName":"C5","duration":476,"voice":"1","type":"eighth","staff":"1"},{"noteName":"A5","duration":476,"voice":"1","chord":true,"type":"eighth","staff":"1"}]},"staff2":{"voice5":[{"noteName":"D#2","duration":476,"voice":"5","alter":"-1","type":"eighth","staff":"2"},{"noteName":"A#2","duration":476,"voice":"5","alter":"-1","type":"eighth","staff":"2"},{"noteName":"G3","duration":952,"voice":"5","type":"quarter","staff":"2"},{"noteName":"F2","duration":476,"voice":"5","type":"eighth","staff":"2"},{"noteName":"C3","duration":476,"voice":"5","type":"eighth","staff":"2"},{"noteName":"A3","duration":952,"voice":"5","type":"quarter","staff":"2"}]}},{"staff1":{"voice1":[{"noteName":"C5","duration":476,"voice":"1","type":"eighth","staff":"1"},{"noteName":"A5","duration":476,"voice":"1","chord":true,"type":"eighth","staff":"1"},{"noteName":"D5","duration":476,"voice":"1","type":"eighth","staff":"1"},{"noteName":"A#5","duration":476,"voice":"1","alter":"-1","chord":true,"type":"eighth","staff":"1"},{"noteName":"A#4","duration":1904,"voice":"1","alter":"-1","type":"half","staff":"1"},{"noteName":"G5","duration":1904,"voice":"1","chord":true,"type":"half","staff":"1"},{"noteName":"G4","duration":476,"voice":"1","type":"eighth","staff":"1"},{"noteName":"G5","duration":476,"voice":"1","chord":true,"type":"eighth","staff":"1"},{"noteName":"A4","duration":476,"voice":"1","type":"eighth","staff":"1"},{"noteName":"A5","duration":476,"voice":"1","chord":true,"type":"eighth","staff":"1"}]},"staff2":{"voice5":[{"noteName":"G2","duration":476,"voice":"5","type":"eighth","staff":"2"},{"noteName":"D3","duration":476,"voice":"5","type":"eighth","staff":"2"},{"noteName":"A3","duration":476,"voice":"5","type":"eighth","staff":"2"},{"noteName":"D3","duration":476,"voice":"5","type":"eighth","staff":"2"},{"noteName":"A#3","duration":476,"voice":"5","alter":"-1","type":"eighth","staff":"2"},{"noteName":"D3","duration":476,"voice":"5","type":"eighth","staff":"2"},{"noteName":"F2","duration":952,"voice":"5","type":"quarter","staff":"2"},{"noteName":"F3","duration":952,"voice":"5","chord":true,"type":"quarter","staff":"2"}]}},{"staff1":{"voice1":[{"noteName":"A#4","duration":952,"voice":"1","alter":"-1","type":"quarter","staff":"1"},{"noteName":"A#5","duration":952,"voice":"1","alter":"-1","chord":true,"type":"quarter","staff":"1"},{"noteName":"G5","duration":476,"voice":"1","type":"eighth","staff":"1"},{"noteName":"D6","duration":476,"voice":"1","type":"eighth","staff":"1"},{"noteName":"C6","duration":476,"voice":"1","type":"eighth","staff":"1"},{"noteName":"A5","duration":476,"voice":"1","type":"eighth","staff":"1"},{"noteName":"F5","duration":476,"voice":"1","type":"eighth","staff":"1"},{"noteName":"D5","duration":476,"voice":"1","type":"eighth","staff":"1"}]},"staff2":{"voice5":[{"noteName":"D#2","duration":476,"voice":"5","alter":"-1","type":"eighth","staff":"2"},{"noteName":"A#2","duration":476,"voice":"5","alter":"-1","type":"eighth","staff":"2"},{"noteName":"G3","duration":952,"voice":"5","type":"quarter","staff":"2"},{"noteName":"F2","duration":476,"voice":"5","type":"eighth","staff":"2"},{"noteName":"C3","duration":476,"voice":"5","type":"eighth","staff":"2"},{"noteName":"A3","duration":952,"voice":"5","type":"quarter","staff":"2"}]}},{"staff1":{"voice1":[{"noteName":"A5","duration":476,"voice":"1","type":"eighth","staff":"1"},{"noteName":"G5","duration":476,"voice":"1","type":"eighth","staff":"1"},{"noteName":"A#4","duration":2856,"voice":"1","alter":"-1","type":"half","dot":true,"staff":"1"},{"noteName":"G5","duration":2856,"voice":"1","chord":true,"type":"half","dot":true,"staff":"1"}]},"staff2":{"voice5":[{"noteName":"G2","duration":476,"voice":"5","type":"eighth","staff":"2"},{"noteName":"D3","duration":476,"voice":"5","type":"eighth","staff":"2"},{"noteName":"A#3","duration":476,"voice":"5","alter":"-1","type":"eighth","staff":"2"},{"noteName":"D3","duration":476,"voice":"5","type":"eighth","staff":"2"},{"noteName":"C4","duration":476,"voice":"5","type":"eighth","staff":"2"},{"noteName":"D3","duration":476,"voice":"5","type":"eighth","staff":"2"},{"noteName":"A3","duration":476,"voice":"5","type":"eighth","staff":"2"},{"noteName":"D3","duration":476,"voice":"5","type":"eighth","staff":"2"}]}},{"staff1":{"voice1":[{"noteName":"","duration":1904,"voice":"1","rest":true,"type":"half","staff":"1"},{"noteName":"D4","duration":952,"voice":"1","type":"quarter","staff":"1"},{"noteName":"D5","duration":952,"voice":"1","chord":true,"type":"quarter","staff":"1"},{"noteName":"F4","duration":952,"voice":"1","type":"quarter","staff":"1"},{"noteName":"F5","duration":952,"voice":"1","chord":true,"type":"quarter","staff":"1"}]},"staff2":{"voice5":[{"noteName":"G2","duration":476,"voice":"5","type":"eighth","staff":"2"},{"noteName":"D3","duration":476,"voice":"5","type":"eighth","staff":"2"},{"noteName":"A3","duration":476,"voice":"5","type":"eighth","staff":"2"},{"noteName":"D3","duration":476,"voice":"5","type":"eighth","staff":"2"},{"noteName":"A#3","duration":952,"voice":"5","alter":"-1","type":"quarter","staff":"2"},{"noteName":"G2","duration":952,"voice":"5","type":"quarter","staff":"2"},{"noteName":"G3","duration":952,"voice":"5","chord":true,"type":"quarter","staff":"2"}]}},{"staff1":{"voice1":[{"noteName":"A#4","duration":952,"voice":"1","alter":"-1","type":"quarter","staff":"1"},{"noteName":"G5","duration":952,"voice":"1","chord":true,"type":"quarter","staff":"1"},{"noteName":"A#4","duration":476,"voice":"1","alter":"-1","type":"eighth","staff":"1"},{"noteName":"G5","duration":476,"voice":"1","chord":true,"type":"eighth","staff":"1"},{"noteName":"A#4","duration":476,"voice":"1","alter":"-1","type":"eighth","staff":"1"},{"noteName":"G5","duration":476,"voice":"1","chord":true,"type":"eighth","staff":"1"},{"noteName":"A#4","duration":476,"voice":"1","alter":"-1","type":"eighth","staff":"1"},{"noteName":"G5","duration":476,"voice":"1","chord":true,"type":"eighth","staff":"1"},{"noteName":"A4","duration":476,"voice":"1","type":"eighth","staff":"1"},{"noteName":"F5","duration":476,"voice":"1","chord":true,"type":"eighth","staff":"1"},{"noteName":"A4","duration":476,"voice":"1","type":"eighth","staff":"1"},{"noteName":"F5","duration":476,"voice":"1","chord":true,"type":"eighth","staff":"1"},{"noteName":"C5","duration":476,"voice":"1","type":"eighth","staff":"1"},{"noteName":"A5","duration":476,"voice":"1","chord":true,"type":"eighth","staff":"1"}]},"staff2":{"voice5":[{"noteName":"D#2","duration":476,"voice":"5","alter":"-1","type":"eighth","staff":"2"},{"noteName":"A#2","duration":476,"voice":"5","alter":"-1","type":"eighth","staff":"2"},{"noteName":"G3","duration":952,"voice":"5","type":"quarter","staff":"2"},{"noteName":"F2","duration":476,"voice":"5","type":"eighth","staff":"2"},{"noteName":"C3","duration":476,"voice":"5","type":"eighth","staff":"2"},{"noteName":"A3","duration":952,"voice":"5","type":"quarter","staff":"2"}]}},{"staff1":{"voice1":[{"noteName":"C5","duration":476,"voice":"1","type":"eighth","staff":"1"},{"noteName":"A5","duration":476,"voice":"1","chord":true,"type":"eighth","staff":"1"},{"noteName":"A#4","duration":476,"voice":"1","alter":"-1","type":"eighth","staff":"1"},{"noteName":"G5","duration":476,"voice":"1","chord":true,"type":"eighth","staff":"1"},{"noteName":"A#4","duration":1904,"voice":"1","alter":"-1","type":"half","staff":"1"},{"noteName":"G5","duration":1904,"voice":"1","chord":true,"type":"half","staff":"1"},{"noteName":"A#4","duration":476,"voice":"1","alter":"-1","type":"eighth","staff":"1"},{"noteName":"G5","duration":476,"voice":"1","chord":true,"type":"eighth","staff":"1"},{"noteName":"C5","duration":476,"voice":"1","type":"eighth","staff":"1"},{"noteName":"A5","duration":476,"voice":"1","chord":true,"type":"eighth","staff":"1"}]},"staff2":{"voice5":[{"noteName":"G2","duration":476,"voice":"5","type":"eighth","staff":"2"},{"noteName":"D3","duration":476,"voice":"5","type":"eighth","staff":"2"},{"noteName":"A3","duration":476,"voice":"5","type":"eighth","staff":"2"},{"noteName":"A#3","duration":476,"voice":"5","alter":"-1","type":"eighth","staff":"2"},{"noteName":"D4","duration":476,"voice":"5","type":"eighth","staff":"2"},{"noteName":"A3","duration":476,"voice":"5","type":"eighth","staff":"2"},{"noteName":"F2","duration":952,"voice":"5","type":"quarter","staff":"2"},{"noteName":"F3","duration":952,"voice":"5","chord":true,"type":"quarter","staff":"2"}]}},{"staff1":{"voice1":[{"noteName":"D5","duration":952,"voice":"1","type":"quarter","staff":"1"},{"noteName":"A#5","duration":952,"voice":"1","alter":"-1","chord":true,"type":"quarter","staff":"1"},{"noteName":"D5","duration":476,"voice":"1","type":"eighth","staff":"1"},{"noteName":"A#5","duration":476,"voice":"1","alter":"-1","chord":true,"type":"eighth","staff":"1"},{"noteName":"D5","duration":476,"voice":"1","type":"eighth","staff":"1"},{"noteName":"A#5","duration":476,"voice":"1","alter":"-1","chord":true,"type":"eighth","staff":"1"},{"noteName":"D5","duration":476,"voice":"1","type":"eighth","staff":"1"},{"noteName":"A#5","duration":476,"voice":"1","alter":"-1","chord":true,"type":"eighth","staff":"1"},{"noteName":"C5","duration":476,"voice":"1","type":"eighth","staff":"1"},{"noteName":"A5","duration":476,"voice":"1","chord":true,"type":"eighth","staff":"1"},{"noteName":"C5","duration":476,"voice":"1","type":"eighth","staff":"1"},{"noteName":"A5","duration":476,"voice":"1","chord":true,"type":"eighth","staff":"1"},{"noteName":"A#4","duration":476,"voice":"1","alter":"-1","type":"eighth","staff":"1"},{"noteName":"G5","duration":476,"voice":"1","chord":true,"type":"eighth","staff":"1"}]},"staff2":{"voice5":[{"noteName":"D#2","duration":476,"voice":"5","alter":"-1","type":"eighth","staff":"2"},{"noteName":"A#2","duration":476,"voice":"5","alter":"-1","type":"eighth","staff":"2"},{"noteName":"G3","duration":952,"voice":"5","type":"quarter","staff":"2"},{"noteName":"F2","duration":476,"voice":"5","type":"eighth","staff":"2"},{"noteName":"C3","duration":476,"voice":"5","type":"eighth","staff":"2"},{"noteName":"A3","duration":952,"voice":"5","type":"quarter","staff":"2"}]}},{"staff1":{"voice1":[{"noteName":"A#4","duration":476,"voice":"1","alter":"-1","type":"eighth","staff":"1"},{"noteName":"G5","duration":476,"voice":"1","chord":true,"type":"eighth","staff":"1"},{"noteName":"A4","duration":476,"voice":"1","type":"eighth","staff":"1"},{"noteName":"F5","duration":476,"voice":"1","chord":true,"type":"eighth","staff":"1"},{"noteName":"A4","duration":1904,"voice":"1","type":"half","staff":"1"},{"noteName":"F5","duration":1904,"voice":"1","chord":true,"type":"half","staff":"1"},{"noteName":"F4","duration":476,"voice":"1","type":"eighth","staff":"1"},{"noteName":"D5","duration":476,"voice":"1","chord":true,"type":"eighth","staff":"1"},{"noteName":"A4","duration":476,"voice":"1","type":"eighth","staff":"1"},{"noteName":"F5","duration":476,"voice":"1","chord":true,"type":"eighth","staff":"1"}]},"staff2":{"voice5":[{"noteName":"A#2","duration":476,"voice":"5","alter":"-1","type":"eighth","staff":"2"},{"noteName":"F3","duration":476,"voice":"5","type":"eighth","staff":"2"},{"noteName":"A#3","duration":476,"voice":"5","alter":"-1","type":"eighth","staff":"2"},{"noteName":"C4","duration":476,"voice":"5","type":"eighth","staff":"2"},{"noteName":"D4","duration":476,"voice":"5","type":"eighth","staff":"2"},{"noteName":"A#3","duration":476,"voice":"5","alter":"-1","type":"eighth","staff":"2"},{"noteName":"F3","duration":952,"voice":"5","type":"quarter","staff":"2"}]}},{"staff1":{"voice1":[{"noteName":"A#4","duration":952,"voice":"1","alter":"-1","type":"quarter","staff":"1"},{"noteName":"G5","duration":952,"voice":"1","chord":true,"type":"quarter","staff":"1"},{"noteName":"A#4","duration":476,"voice":"1","alter":"-1","type":"eighth","staff":"1"},{"noteName":"G5","duration":476,"voice":"1","chord":true,"type":"eighth","staff":"1"},{"noteName":"A#4","duration":476,"voice":"1","alter":"-1","type":"eighth","staff":"1"},{"noteName":"G5","duration":476,"voice":"1","chord":true,"type":"eighth","staff":"1"},{"noteName":"A#4","duration":476,"voice":"1","alter":"-1","type":"eighth","staff":"1"},{"noteName":"G5","duration":476,"voice":"1","chord":true,"type":"eighth","staff":"1"},{"noteName":"A4","duration":476,"voice":"1","type":"eighth","staff":"1"},{"noteName":"F5","duration":476,"voice":"1","chord":true,"type":"eighth","staff":"1"},{"noteName":"A4","duration":476,"voice":"1","type":"eighth","staff":"1"},{"noteName":"F5","duration":476,"voice":"1","chord":true,"type":"eighth","staff":"1"},{"noteName":"C5","duration":476,"voice":"1","type":"eighth","staff":"1"},{"noteName":"A5","duration":476,"voice":"1","chord":true,"type":"eighth","staff":"1"}]},"staff2":{"voice5":[{"noteName":"D#2","duration":476,"voice":"5","alter":"-1","type":"eighth","staff":"2"},{"noteName":"A#2","duration":476,"voice":"5","alter":"-1","type":"eighth","staff":"2"},{"noteName":"G3","duration":952,"voice":"5","type":"quarter","staff":"2"},{"noteName":"F2","duration":476,"voice":"5","type":"eighth","staff":"2"},{"noteName":"C3","duration":476,"voice":"5","type":"eighth","staff":"2"},{"noteName":"A3","duration":952,"voice":"5","type":"quarter","staff":"2"}]}},{"staff1":{"voice1":[{"noteName":"C5","duration":476,"voice":"1","type":"eighth","staff":"1"},{"noteName":"A5","duration":476,"voice":"1","chord":true,"type":"eighth","staff":"1"},{"noteName":"D5","duration":476,"voice":"1","type":"eighth","staff":"1"},{"noteName":"A#5","duration":476,"voice":"1","alter":"-1","chord":true,"type":"eighth","staff":"1"},{"noteName":"A#4","duration":1904,"voice":"1","alter":"-1","type":"half","staff":"1"},{"noteName":"G5","duration":1904,"voice":"1","chord":true,"type":"half","staff":"1"},{"noteName":"A#4","duration":476,"voice":"1","alter":"-1","type":"eighth","staff":"1"},{"noteName":"G5","duration":476,"voice":"1","chord":true,"type":"eighth","staff":"1"},{"noteName":"C5","duration":476,"voice":"1","type":"eighth","staff":"1"},{"noteName":"A5","duration":476,"voice":"1","chord":true,"type":"eighth","staff":"1"}]},"staff2":{"voice5":[{"noteName":"G2","duration":476,"voice":"5","type":"eighth","staff":"2"},{"noteName":"D3","duration":476,"voice":"5","type":"eighth","staff":"2"},{"noteName":"C4","duration":476,"voice":"5","type":"eighth","staff":"2"},{"noteName":"D3","duration":476,"voice":"5","type":"eighth","staff":"2"},{"noteName":"A#3","duration":476,"voice":"5","alter":"-1","type":"eighth","staff":"2"},{"noteName":"D3","duration":476,"voice":"5","type":"eighth","staff":"2"},{"noteName":"F3","duration":952,"voice":"5","type":"quarter","staff":"2"}]}},{"staff1":{"voice1":[{"noteName":"D5","duration":952,"voice":"1","type":"quarter","staff":"1"},{"noteName":"A#5","duration":952,"voice":"1","alter":"-1","chord":true,"type":"quarter","staff":"1"},{"noteName":"G5","duration":476,"voice":"1","type":"eighth","staff":"1"},{"noteName":"D6","duration":476,"voice":"1","type":"eighth","staff":"1"},{"noteName":"C6","duration":476,"voice":"1","type":"eighth","staff":"1"},{"noteName":"A5","duration":476,"voice":"1","type":"eighth","staff":"1"},{"noteName":"F5","duration":476,"voice":"1","type":"eighth","staff":"1"},{"noteName":"D5","duration":476,"voice":"1","type":"eighth","staff":"1"}]},"staff2":{"voice5":[{"noteName":"D#2","duration":476,"voice":"5","alter":"-1","type":"eighth","staff":"2"},{"noteName":"A#2","duration":476,"voice":"5","alter":"-1","type":"eighth","staff":"2"},{"noteName":"G3","duration":952,"voice":"5","type":"quarter","staff":"2"},{"noteName":"F2","duration":476,"voice":"5","type":"eighth","staff":"2"},{"noteName":"C3","duration":476,"voice":"5","type":"eighth","staff":"2"},{"noteName":"A3","duration":952,"voice":"5","type":"quarter","staff":"2"}]}},{"staff1":{"voice1":[{"noteName":"C5","duration":476,"voice":"1","type":"eighth","staff":"1"},{"noteName":"A5","duration":476,"voice":"1","chord":true,"type":"eighth","staff":"1"},{"noteName":"A#4","duration":476,"voice":"1","alter":"-1","type":"eighth","staff":"1"},{"noteName":"G5","duration":476,"voice":"1","chord":true,"type":"eighth","staff":"1"},{"noteName":"A#4","duration":2856,"voice":"1","alter":"-1","type":"half","dot":true,"staff":"1"},{"noteName":"G5","duration":2856,"voice":"1","chord":true,"type":"half","dot":true,"staff":"1"}]},"staff2":{"voice5":[{"noteName":"G2","duration":476,"voice":"5","type":"eighth","staff":"2"},{"noteName":"D3","duration":476,"voice":"5","type":"eighth","staff":"2"},{"noteName":"A#3","duration":476,"voice":"5","alter":"-1","type":"eighth","staff":"2"},{"noteName":"D3","duration":476,"voice":"5","type":"eighth","staff":"2"},{"noteName":"C4","duration":476,"voice":"5","type":"eighth","staff":"2"},{"noteName":"D3","duration":476,"voice":"5","type":"eighth","staff":"2"},{"noteName":"D4","duration":476,"voice":"5","type":"eighth","staff":"2"},{"noteName":"D3","duration":476,"voice":"5","type":"eighth","staff":"2"}]}},{"staff1":{"voice1":[{"noteName":"","duration":952,"voice":"1","rest":true,"type":"quarter","staff":"1"},{"noteName":"A4","duration":952,"voice":"1","type":"quarter","staff":"1"},{"noteName":"A#4","duration":952,"voice":"1","alter":"-1","type":"quarter","staff":"1"},{"noteName":"D5","duration":952,"voice":"1","type":"quarter","staff":"1"}]},"staff2":{"voice5":[{"noteName":"G2","duration":476,"voice":"5","type":"eighth","staff":"2"},{"noteName":"D3","duration":476,"voice":"5","type":"eighth","staff":"2"},{"noteName":"G3","duration":476,"voice":"5","type":"eighth","staff":"2"},{"noteName":"A3","duration":476,"voice":"5","type":"eighth","staff":"2"},{"noteName":"A#3","duration":476,"voice":"5","alter":"-1","type":"eighth","staff":"2"},{"noteName":"G3","duration":476,"voice":"5","type":"eighth","staff":"2"},{"noteName":"D3","duration":952,"voice":"5","type":"quarter","staff":"2"}]}},{"staff1":{"voice1":[{"noteName":"D#4","duration":476,"voice":"1","alter":"-1","type":"eighth","staff":"1"},{"noteName":"D5","duration":476,"voice":"1","type":"eighth","staff":"1"},{"noteName":"D6","duration":476,"voice":"1","type":"eighth","staff":"1"},{"noteName":"D5","duration":476,"voice":"1","type":"eighth","staff":"1"},{"noteName":"A#4","duration":476,"voice":"1","alter":"-1","type":"eighth","staff":"1"},{"noteName":"D5","duration":476,"voice":"1","type":"eighth","staff":"1"},{"noteName":"A4","duration":476,"voice":"1","type":"eighth","staff":"1"},{"noteName":"D5","duration":476,"voice":"1","type":"eighth","staff":"1"}]},"staff2":{"voice5":[{"noteName":"D#2","duration":476,"voice":"5","alter":"-1","type":"eighth","staff":"2"},{"noteName":"A#2","duration":476,"voice":"5","alter":"-1","type":"eighth","staff":"2"},{"noteName":"F3","duration":476,"voice":"5","type":"eighth","staff":"2"},{"noteName":"A#2","duration":476,"voice":"5","alter":"-1","type":"eighth","staff":"2"},{"noteName":"G3","duration":476,"voice":"5","type":"eighth","staff":"2"},{"noteName":"A#2","duration":476,"voice":"5","alter":"-1","type":"eighth","staff":"2"},{"noteName":"F3","duration":476,"voice":"5","type":"eighth","staff":"2"},{"noteName":"A#2","duration":476,"voice":"5","alter":"-1","type":"eighth","staff":"2"}]}},{"staff1":{"voice1":[{"noteName":"D#4","duration":476,"voice":"1","alter":"-1","type":"eighth","staff":"1"},{"noteName":"D5","duration":476,"voice":"1","type":"eighth","staff":"1"},{"noteName":"D#6","duration":476,"voice":"1","alter":"-1","type":"eighth","staff":"1"},{"noteName":"D5","duration":476,"voice":"1","type":"eighth","staff":"1"},{"noteName":"A4","duration":476,"voice":"1","type":"eighth","staff":"1"},{"noteName":"D5","duration":476,"voice":"1","type":"eighth","staff":"1"},{"noteName":"G4","duration":476,"voice":"1","type":"eighth","staff":"1"},{"noteName":"D5","duration":476,"voice":"1","type":"eighth","staff":"1"}]},"staff2":{"voice5":[{"noteName":"D#2","duration":476,"voice":"5","alter":"-1","type":"eighth","staff":"2"},{"noteName":"A#2","duration":476,"voice":"5","alter":"-1","type":"eighth","staff":"2"},{"noteName":"F3","duration":476,"voice":"5","type":"eighth","staff":"2"},{"noteName":"A#2","duration":476,"voice":"5","alter":"-1","type":"eighth","staff":"2"},{"noteName":"G3","duration":476,"voice":"5","type":"eighth","staff":"2"},{"noteName":"A#2","duration":476,"voice":"5","alter":"-1","type":"eighth","staff":"2"},{"noteName":"F3","duration":476,"voice":"5","type":"eighth","staff":"2"},{"noteName":"A#2","duration":476,"voice":"5","alter":"-1","type":"eighth","staff":"2"}]}},{"staff1":{"voice1":[{"noteName":"","duration":317.3333333333333,"voice":"1","rest":true,"type":"eighth","staff":"1"},{"noteName":"D5","duration":317.3333333333333,"voice":"1","type":"eighth","staff":"1"},{"noteName":"D6","duration":317.3333333333333,"voice":"1","type":"eighth","staff":"1"},{"noteName":"C6","duration":317.3333333333333,"voice":"1","type":"eighth","staff":"1"},{"noteName":"A#5","duration":317.3333333333333,"voice":"1","alter":"-1","type":"eighth","staff":"1"},{"noteName":"D5","duration":317.3333333333333,"voice":"1","type":"eighth","staff":"1"},{"noteName":"","duration":1904,"voice":"1","rest":true,"type":"half","staff":"1"}]},"staff2":{"voice5":[{"noteName":"G2","duration":476,"voice":"5","type":"eighth","staff":"2"},{"noteName":"D3","duration":476,"voice":"5","type":"eighth","staff":"2"},{"noteName":"A3","duration":476,"voice":"5","type":"eighth","staff":"2"},{"noteName":"D3","duration":476,"voice":"5","type":"eighth","staff":"2"},{"noteName":"A#3","duration":476,"voice":"5","alter":"-1","type":"eighth","staff":"2"},{"noteName":"D3","duration":476,"voice":"5","type":"eighth","staff":"2"},{"noteName":"A3","duration":476,"voice":"5","type":"eighth","staff":"2"},{"noteName":"D3","duration":476,"voice":"5","type":"eighth","staff":"2"}]}},{"staff1":{"voice1":[{"noteName":"","duration":317.3333333333333,"voice":"1","rest":true,"type":"eighth","staff":"1"},{"noteName":"D5","duration":317.3333333333333,"voice":"1","type":"eighth","staff":"1"},{"noteName":"C6","duration":317.3333333333333,"voice":"1","type":"eighth","staff":"1"},{"noteName":"A#5","duration":317.3333333333333,"voice":"1","alter":"-1","type":"eighth","staff":"1"},{"noteName":"A5","duration":317.3333333333333,"voice":"1","type":"eighth","staff":"1"},{"noteName":"C5","duration":317.3333333333333,"voice":"1","type":"eighth","staff":"1"},{"noteName":"","duration":1904,"voice":"1","rest":true,"type":"half","staff":"1"}]},"staff2":{"voice5":[{"noteName":"G2","duration":476,"voice":"5","type":"eighth","staff":"2"},{"noteName":"D3","duration":476,"voice":"5","type":"eighth","staff":"2"},{"noteName":"A3","duration":476,"voice":"5","type":"eighth","staff":"2"},{"noteName":"D3","duration":476,"voice":"5","type":"eighth","staff":"2"},{"noteName":"A#3","duration":476,"voice":"5","alter":"-1","type":"eighth","staff":"2"},{"noteName":"D3","duration":476,"voice":"5","type":"eighth","staff":"2"},{"noteName":"A3","duration":476,"voice":"5","type":"eighth","staff":"2"},{"noteName":"D3","duration":476,"voice":"5","type":"eighth","staff":"2"}]}},{"staff1":{"voice1":[{"noteName":"G4","duration":1904,"voice":"1","type":"half","staff":"1"},{"noteName":"G5","duration":1904,"voice":"1","chord":true,"type":"half","staff":"1"},{"noteName":"","duration":1904,"voice":"1","rest":true,"type":"half","staff":"1"}]},"staff2":{"voice5":[{"noteName":"D#2","duration":476,"voice":"5","alter":"-1","type":"eighth","staff":"2"},{"noteName":"A#2","duration":476,"voice":"5","alter":"-1","type":"eighth","staff":"2"},{"noteName":"F3","duration":476,"voice":"5","type":"eighth","staff":"2"},{"noteName":"A#2","duration":476,"voice":"5","alter":"-1","type":"eighth","staff":"2"},{"noteName":"G3","duration":476,"voice":"5","type":"eighth","staff":"2"},{"noteName":"A#2","duration":476,"voice":"5","alter":"-1","type":"eighth","staff":"2"},{"noteName":"F3","duration":476,"voice":"5","type":"eighth","staff":"2"},{"noteName":"A#2","duration":476,"voice":"5","alter":"-1","type":"eighth","staff":"2"}]}},{"staff1":{"voice1":[{"noteName":"","duration":1904,"voice":"1","rest":true,"type":"half","staff":"1"},{"noteName":"A#4","duration":952,"voice":"1","alter":"-1","type":"quarter","staff":"1"},{"noteName":"C5","duration":952,"voice":"1","type":"quarter","staff":"1"}]},"staff2":{"voice5":[{"noteName":"D#2","duration":476,"voice":"5","alter":"-1","type":"eighth","staff":"2"},{"noteName":"A#2","duration":476,"voice":"5","alter":"-1","type":"eighth","staff":"2"},{"noteName":"D#3","duration":476,"voice":"5","alter":"-1","type":"eighth","staff":"2"},{"noteName":"F3","duration":476,"voice":"5","type":"eighth","staff":"2"},{"noteName":"A#2","duration":952,"voice":"5","alter":"-1","type":"quarter","staff":"2"},{"noteName":"A#3","duration":952,"voice":"5","alter":"-1","chord":true,"type":"quarter","staff":"2"},{"noteName":"C3","duration":952,"voice":"5","type":"quarter","staff":"2"},{"noteName":"C4","duration":952,"voice":"5","chord":true,"type":"quarter","staff":"2"}]}},{"staff1":{"voice1":[{"noteName":"D4","duration":1904,"voice":"1","type":"half","staff":"1"},{"noteName":"D5","duration":1904,"voice":"1","chord":true,"type":"half","staff":"1"},{"noteName":"G4","duration":952,"voice":"1","type":"quarter","staff":"1"},{"noteName":"G5","duration":952,"voice":"1","chord":true,"type":"quarter","staff":"1"},{"noteName":"F4","duration":952,"voice":"1","type":"quarter","staff":"1"},{"noteName":"F5","duration":952,"voice":"1","chord":true,"type":"quarter","staff":"1"}]},"staff2":{"voice5":[{"noteName":"A#2","duration":476,"voice":"5","alter":"-1","type":"eighth","staff":"2"},{"noteName":"F3","duration":476,"voice":"5","type":"eighth","staff":"2"},{"noteName":"C4","duration":476,"voice":"5","type":"eighth","staff":"2"},{"noteName":"A#3","duration":476,"voice":"5","alter":"-1","type":"eighth","staff":"2"},{"noteName":"A2","duration":476,"voice":"5","type":"eighth","staff":"2"},{"noteName":"F3","duration":476,"voice":"5","type":"eighth","staff":"2"},{"noteName":"C4","duration":952,"voice":"5","type":"quarter","staff":"2"}]}},{"staff1":{"voice1":[{"noteName":"D4","duration":2856,"voice":"1","type":"half","dot":true,"staff":"1"},{"noteName":"D5","duration":2856,"voice":"1","chord":true,"type":"half","dot":true,"staff":"1"},{"noteName":"D4","duration":952,"voice":"1","type":"quarter","staff":"1"},{"noteName":"D5","duration":952,"voice":"1","chord":true,"type":"quarter","staff":"1"}]},"staff2":{"voice5":[{"noteName":"G2","duration":476,"voice":"5","type":"eighth","staff":"2"},{"noteName":"D3","duration":476,"voice":"5","type":"eighth","staff":"2"},{"noteName":"A3","duration":476,"voice":"5","type":"eighth","staff":"2"},{"noteName":"C4","duration":476,"voice":"5","chord":true,"type":"eighth","staff":"2"},{"noteName":"D3","duration":476,"voice":"5","type":"eighth","staff":"2"},{"noteName":"A#3","duration":476,"voice":"5","alter":"-1","type":"eighth","staff":"2"},{"noteName":"D4","duration":476,"voice":"5","chord":true,"type":"eighth","staff":"2"},{"noteName":"D3","duration":476,"voice":"5","type":"eighth","staff":"2"},{"noteName":"A3","duration":952,"voice":"5","type":"quarter","staff":"2"}]}},{"staff1":{"voice1":[{"noteName":"D4","duration":1904,"voice":"1","type":"half","staff":"1"},{"noteName":"D5","duration":1904,"voice":"1","chord":true,"type":"half","staff":"1"},{"noteName":"G4","duration":952,"voice":"1","type":"quarter","staff":"1"},{"noteName":"G5","duration":952,"voice":"1","chord":true,"type":"quarter","staff":"1"},{"noteName":"F4","duration":952,"voice":"1","type":"quarter","staff":"1"},{"noteName":"F5","duration":952,"voice":"1","chord":true,"type":"quarter","staff":"1"}]},"staff2":{"voice5":[{"noteName":"A#2","duration":476,"voice":"5","alter":"-1","type":"eighth","staff":"2"},{"noteName":"F3","duration":476,"voice":"5","type":"eighth","staff":"2"},{"noteName":"C4","duration":476,"voice":"5","type":"eighth","staff":"2"},{"noteName":"A#3","duration":476,"voice":"5","alter":"-1","type":"eighth","staff":"2"},{"noteName":"A2","duration":476,"voice":"5","type":"eighth","staff":"2"},{"noteName":"F3","duration":476,"voice":"5","type":"eighth","staff":"2"},{"noteName":"C4","duration":952,"voice":"5","type":"quarter","staff":"2"}]}},{"staff1":{"voice1":[{"noteName":"A#3","duration":1904,"voice":"1","alter":"-1","type":"half","staff":"1"},{"noteName":"A#4","duration":1904,"voice":"1","alter":"-1","chord":true,"type":"half","staff":"1"},{"noteName":"A#4","duration":952,"voice":"1","alter":"-1","type":"quarter","staff":"1"},{"noteName":"C5","duration":952,"voice":"1","type":"quarter","staff":"1"}]},"staff2":{"voice5":[{"noteName":"G2","duration":476,"voice":"5","type":"eighth","staff":"2"},{"noteName":"D3","duration":476,"voice":"5","type":"eighth","staff":"2"},{"noteName":"G3","duration":476,"voice":"5","type":"eighth","staff":"2"},{"noteName":"A3","duration":476,"voice":"5","type":"eighth","staff":"2"},{"noteName":"A#3","duration":476,"voice":"5","alter":"-1","type":"eighth","staff":"2"},{"noteName":"G3","duration":476,"voice":"5","type":"eighth","staff":"2"},{"noteName":"D3","duration":476,"voice":"5","type":"eighth","staff":"2"},{"noteName":"G2","duration":476,"voice":"5","type":"eighth","staff":"2"}]}},{"staff1":{"voice1":[{"noteName":"D4","duration":1904,"voice":"1","type":"half","staff":"1"},{"noteName":"D5","duration":1904,"voice":"1","chord":true,"type":"half","staff":"1"},{"noteName":"A#4","duration":952,"voice":"1","alter":"-1","type":"quarter","staff":"1"},{"noteName":"A#5","duration":952,"voice":"1","alter":"-1","chord":true,"type":"quarter","staff":"1"},{"noteName":"A4","duration":952,"voice":"1","type":"quarter","staff":"1"},{"noteName":"A5","duration":952,"voice":"1","chord":true,"type":"quarter","staff":"1"}]},"staff2":{"voice5":[{"noteName":"C2","duration":476,"voice":"5","type":"eighth","staff":"2"},{"noteName":"G2","duration":476,"voice":"5","type":"eighth","staff":"2"},{"noteName":"D3","duration":476,"voice":"5","type":"eighth","staff":"2"},{"noteName":"D#3","duration":476,"voice":"5","alter":"-1","type":"eighth","staff":"2"},{"noteName":"F2","duration":476,"voice":"5","type":"eighth","staff":"2"},{"noteName":"C3","duration":476,"voice":"5","type":"eighth","staff":"2"},{"noteName":"F3","duration":952,"voice":"5","type":"quarter","staff":"2"}]}},{"staff1":{"voice1":[{"noteName":"A4","duration":952,"voice":"1","type":"quarter","staff":"1"},{"noteName":"A5","duration":952,"voice":"1","chord":true,"type":"quarter","staff":"1"},{"noteName":"G4","duration":952,"voice":"1","type":"quarter","staff":"1"},{"noteName":"G5","duration":952,"voice":"1","chord":true,"type":"quarter","staff":"1"},{"noteName":"D4","duration":952,"voice":"1","type":"quarter","staff":"1"},{"noteName":"D5","duration":952,"voice":"1","chord":true,"type":"quarter","staff":"1"},{"noteName":"F4","duration":952,"voice":"1","type":"quarter","staff":"1"},{"noteName":"F5","duration":952,"voice":"1","chord":true,"type":"quarter","staff":"1"}]},"staff2":{"voice5":[{"noteName":"G2","duration":476,"voice":"5","type":"eighth","staff":"2"},{"noteName":"D3","duration":476,"voice":"5","type":"eighth","staff":"2"},{"noteName":"A3","duration":476,"voice":"5","type":"eighth","staff":"2"},{"noteName":"A#3","duration":476,"voice":"5","alter":"-1","type":"eighth","staff":"2"},{"noteName":"F2","duration":476,"voice":"5","type":"eighth","staff":"2"},{"noteName":"D3","duration":476,"voice":"5","type":"eighth","staff":"2"},{"noteName":"A3","duration":952,"voice":"5","type":"quarter","staff":"2"}]}},{"staff1":{"voice1":[{"noteName":"G4","duration":1904,"voice":"1","type":"half","staff":"1"},{"noteName":"G5","duration":1904,"voice":"1","chord":true,"type":"half","staff":"1"},{"noteName":"F4","duration":1428,"voice":"1","type":"quarter","dot":true,"staff":"1"},{"noteName":"C5","duration":476,"voice":"1","type":"eighth","staff":"1"}]},"staff2":{"voice5":[{"noteName":"D#2","duration":476,"voice":"5","alter":"-1","type":"eighth","staff":"2"},{"noteName":"A#2","duration":476,"voice":"5","alter":"-1","type":"eighth","staff":"2"},{"noteName":"F3","duration":476,"voice":"5","type":"eighth","staff":"2"},{"noteName":"G3","duration":476,"voice":"5","type":"eighth","staff":"2"},{"noteName":"F3","duration":952,"voice":"5","type":"quarter","staff":"2"},{"noteName":"A3","duration":952,"voice":"5","chord":true,"type":"quarter","staff":"2"},{"noteName":"","duration":952,"voice":"5","rest":true,"type":"quarter","staff":"2"}]}},{"staff1":{"voice1":[{"noteName":"D5","duration":952,"voice":"1","type":"quarter","staff":"1"},{"noteName":"D6","duration":952,"voice":"1","type":"quarter","staff":"1"},{"noteName":"C6","duration":952,"voice":"1","type":"quarter","staff":"1"},{"noteName":"G5","duration":952,"voice":"1","type":"quarter","staff":"1"}]},"staff2":{"voice5":[{"noteName":"D#3","duration":476,"voice":"5","alter":"-1","type":"eighth","staff":"2"},{"noteName":"A#3","duration":476,"voice":"5","alter":"-1","type":"eighth","staff":"2"},{"noteName":"D#4","duration":476,"voice":"5","alter":"-1","type":"eighth","staff":"2"},{"noteName":"A#3","duration":476,"voice":"5","alter":"-1","type":"eighth","staff":"2"},{"noteName":"F4","duration":476,"voice":"5","type":"eighth","staff":"2"},{"noteName":"A#3","duration":476,"voice":"5","alter":"-1","type":"eighth","staff":"2"},{"noteName":"G4","duration":476,"voice":"5","type":"eighth","staff":"2"},{"noteName":"A#3","duration":476,"voice":"5","alter":"-1","type":"eighth","staff":"2"}]}},{"staff1":{"voice1":[{"noteName":"","duration":3808,"voice":"1","rest":true,"staff":"1"}]},"staff2":{"voice5":[{"noteName":"D#3","duration":476,"voice":"5","alter":"-1","type":"eighth","staff":"2"},{"noteName":"A#3","duration":476,"voice":"5","alter":"-1","type":"eighth","staff":"2"},{"noteName":"F4","duration":476,"voice":"5","type":"eighth","staff":"2"},{"noteName":"A#3","duration":476,"voice":"5","alter":"-1","type":"eighth","staff":"2"},{"noteName":"G4","duration":476,"voice":"5","type":"eighth","staff":"2"},{"noteName":"A#3","duration":476,"voice":"5","alter":"-1","type":"eighth","staff":"2"},{"noteName":"F4","duration":476,"voice":"5","type":"eighth","staff":"2"},{"noteName":"A#3","duration":476,"voice":"5","alter":"-1","type":"eighth","staff":"2"}]}},{"staff1":{"voice1":[{"noteName":"G4","duration":3808,"voice":"1","type":"whole","staff":"1"}]},"staff2":{"voice5":[{"noteName":"G2","duration":3808,"voice":"5","type":"whole","staff":"2"},{"noteName":"A#2","duration":3808,"voice":"5","alter":"-1","chord":true,"type":"whole","staff":"2"},{"noteName":"D#3","duration":3808,"voice":"5","alter":"-1","chord":true,"type":"whole","staff":"2"}]}}],"divisions":96}