{"musicName":"纸短情长","partName":"","partAbbr":"","perMinute":"98","beatUnit":"quarter","timeUnit":612,"NOTE_DURATION":{"256th":10,"128th":19,"64th":38,"32nd":77,"16th":153,"eighth":306,"quarter":612,"half":1224,"whole":2448,"breve":4896},"measures":[{"staff1":{"voice1":[{"noteName":"","duration":2448,"voice":"1","rest":true,"staff":"1"}]},"staff2":{"voice5":[{"noteName":"","duration":2448,"voice":"5","rest":true,"staff":"2"}]}},{"staff1":{"voice1":[{"noteName":"","duration":2448,"voice":"1","rest":true,"staff":"1"}]},"staff2":{"voice5":[{"noteName":"","duration":2448,"voice":"5","rest":true,"staff":"2"}]}},{"staff1":{"voice1":[{"noteName":"","duration":2448,"voice":"1","rest":true,"staff":"1"}]},"staff2":{"voice5":[{"noteName":"","duration":2448,"voice":"5","rest":true,"staff":"2"}]}},{"staff1":{"voice1":[{"noteName":"","duration":2448,"voice":"1","rest":true,"staff":"1"}]},"staff2":{"voice5":[{"noteName":"","duration":2448,"voice":"5","rest":true,"staff":"2"}]}},{"staff1":{"voice1":[{"noteName":"","duration":2448,"voice":"1","rest":true,"staff":"1"}]},"staff2":{"voice5":[{"noteName":"","duration":2448,"voice":"5","rest":true,"staff":"2"}]}},{"staff1":{"voice1":[{"noteName":"","duration":2448,"voice":"1","rest":true,"staff":"1"}]},"staff2":{"voice5":[{"noteName":"","duration":2448,"voice":"5","rest":true,"staff":"2"}]}},{"staff1":{"voice1":[{"noteName":"","duration":2448,"voice":"1","rest":true,"staff":"1"}]},"staff2":{"voice5":[{"noteName":"","duration":2448,"voice":"5","rest":true,"staff":"2"}]}},{"staff1":{"voice1":[{"noteName":"","duration":2448,"voice":"1","rest":true,"staff":"1"}]},"staff2":{"voice5":[{"noteName":"","duration":2448,"voice":"5","rest":true,"staff":"2"}]}},{"staff1":{"voice1":[{"noteName":"","duration":2448,"voice":"1","rest":true,"staff":"1"}]},"staff2":{"voice5":[{"noteName":"","duration":2448,"voice":"5","rest":true,"staff":"2"}]}},{"staff1":{"voice1":[{"noteName":"","duration":2448,"voice":"1","rest":true,"staff":"1"}]},"staff2":{"voice5":[{"noteName":"","duration":2448,"voice":"5","rest":true,"staff":"2"}]}},{"staff1":{"voice1":[{"noteName":"","duration":2448,"voice":"1","rest":true,"staff":"1"}]},"staff2":{"voice5":[{"noteName":"","duration":2448,"voice":"5","rest":true,"staff":"2"}]}},{"staff1":{"voice1":[{"noteName":"","duration":2448,"voice":"1","rest":true,"staff":"1"}]},"staff2":{"voice5":[{"noteName":"","duration":2448,"voice":"5","rest":true,"staff":"2"}]}},{"staff1":{"voice1":[{"noteName":"","duration":2448,"voice":"1","rest":true,"staff":"1"}]},"staff2":{"voice5":[{"noteName":"","duration":2448,"voice":"5","rest":true,"staff":"2"}]}},{"staff1":{"voice1":[{"noteName":"","duration":2448,"voice":"1","rest":true,"staff":"1"}]},"staff2":{"voice5":[{"noteName":"","duration":2448,"voice":"5","rest":true,"staff":"2"}]}},{"staff1":{"voice1":[{"noteName":"","duration":2448,"voice":"1","rest":true,"staff":"1"}]},"staff2":{"voice5":[{"noteName":"","duration":2448,"voice":"5","rest":true,"staff":"2"}]}},{"staff1":{"voice1":[{"noteName":"","duration":2448,"voice":"1","rest":true,"staff":"1"}]},"staff2":{"voice5":[{"noteName":"","duration":2448,"voice":"5","rest":true,"staff":"2"}]}},{"staff1":{"voice1":[{"noteName":"","duration":2448,"voice":"1","rest":true,"staff":"1"}]},"staff2":{"voice5":[{"noteName":"","duration":2448,"voice":"5","rest":true,"staff":"2"}]}},{"staff1":{"voice1":[{"noteName":"","duration":2448,"voice":"1","rest":true,"staff":"1"}]},"staff2":{"voice5":[{"noteName":"","duration":2448,"voice":"5","rest":true,"staff":"2"}]}},{"staff1":{"voice1":[{"noteName":"","duration":2448,"voice":"1","rest":true,"staff":"1"}]},"staff2":{"voice5":[{"noteName":"","duration":2448,"voice":"5","rest":true,"staff":"2"}]}},{"staff1":{"voice1":[{"noteName":"","duration":2448,"voice":"1","rest":true,"staff":"1"}]},"staff2":{"voice5":[{"noteName":"","duration":2448,"voice":"5","rest":true,"staff":"2"}]}},{"staff1":{"voice1":[{"noteName":"","duration":2448,"voice":"1","rest":true,"staff":"1"}]},"staff2":{"voice5":[{"noteName":"","duration":2448,"voice":"5","rest":true,"staff":"2"}]}},{"staff1":{"voice1":[{"noteName":"","duration":2448,"voice":"1","rest":true,"staff":"1"}]},"staff2":{"voice5":[{"noteName":"","duration":2448,"voice":"5","rest":true,"staff":"2"}]}},{"staff1":{"voice1":[{"noteName":"","duration":2448,"voice":"1","rest":true,"staff":"1"}]},"staff2":{"voice5":[{"noteName":"","duration":2448,"voice":"5","rest":true,"staff":"2"}]}},{"staff1":{"voice1":[{"noteName":"","duration":2448,"voice":"1","rest":true,"staff":"1"}]},"staff2":{"voice5":[{"noteName":"","duration":2448,"voice":"5","rest":true,"staff":"2"}]}},{"staff1":{"voice1":[{"noteName":"","duration":2448,"voice":"1","rest":true,"staff":"1"}]},"staff2":{"voice5":[{"noteName":"","duration":2448,"voice":"5","rest":true,"staff":"2"}]}},{"staff1":{"voice1":[{"noteName":"","duration":2448,"voice":"1","rest":true,"staff":"1"}]},"staff2":{"voice5":[{"noteName":"","duration":2448,"voice":"5","rest":true,"staff":"2"}]}},{"staff1":{"voice1":[{"noteName":"","duration":2448,"voice":"1","rest":true,"staff":"1"}]},"staff2":{"voice5":[{"noteName":"","duration":2448,"voice":"5","rest":true,"staff":"2"}]}},{"staff1":{"voice1":[{"noteName":"","duration":2448,"voice":"1","rest":true,"staff":"1"}]},"staff2":{"voice5":[{"noteName":"","duration":2448,"voice":"5","rest":true,"staff":"2"}]}},{"staff1":{"voice1":[{"noteName":"","duration":2448,"voice":"1","rest":true,"staff":"1"}]},"staff2":{"voice5":[{"noteName":"","duration":2448,"voice":"5","rest":true,"staff":"2"}]}},{"staff1":{"voice1":[{"noteName":"","duration":2448,"voice":"1","rest":true,"staff":"1"}]},"staff2":{"voice5":[{"noteName":"","duration":2448,"voice":"5","rest":true,"staff":"2"}]}},{"staff1":{"voice1":[{"noteName":"","duration":2448,"voice":"1","rest":true,"staff":"1"}]},"staff2":{"voice5":[{"noteName":"","duration":2448,"voice":"5","rest":true,"staff":"2"}]}},{"staff1":{"voice1":[{"noteName":"","duration":2448,"voice":"1","rest":true,"staff":"1"}]},"staff2":{"voice5":[{"noteName":"","duration":2448,"voice":"5","rest":true,"staff":"2"}]}},{"staff1":{"voice1":[{"noteName":"","duration":2448,"voice":"1","rest":true,"staff":"1"}]},"staff2":{"voice5":[{"noteName":"","duration":2448,"voice":"5","rest":true,"staff":"2"}]}},{"staff1":{"voice1":[{"noteName":"","duration":2448,"voice":"1","rest":true,"staff":"1"}]},"staff2":{"voice5":[{"noteName":"","duration":2448,"voice":"5","rest":true,"staff":"2"}]}},{"staff1":{"voice1":[{"noteName":"C2","duration":612,"voice":"1","type":"quarter","staff":"1"},{"noteName":"C3","duration":306,"voice":"1","type":"eighth","staff":"1"},{"noteName":"G2","duration":153,"voice":"1","type":"16th","staff":"1"},{"noteName":"A2","duration":153,"voice":"1","type":"16th","staff":"1"},{"noteName":"G3","duration":459,"voice":"1","type":"eighth","dot":true,"staff":"1"},{"noteName":"G3","duration":153,"voice":"1","tie":"start","type":"16th","staff":"1"},{"noteName":"G3","duration":153,"voice":"1","tie":"stop","type":"16th","staff":"1"},{"noteName":"","duration":153,"voice":"1","rest":true,"type":"16th","staff":"1"},{"noteName":"G3","duration":306,"voice":"1","type":"eighth","staff":"1"}]},"staff2":{"voice5":[{"noteName":"","duration":1224,"voice":"5","rest":true,"type":"half","staff":"2"},{"noteName":"E3","duration":459,"voice":"5","type":"eighth","dot":true,"staff":"2"},{"noteName":"D3","duration":153,"voice":"5","tie":"start","type":"16th","staff":"2"},{"noteName":"D3","duration":306,"voice":"5","tie":"stop","type":"eighth","staff":"2"},{"noteName":"C3","duration":306,"voice":"5","type":"eighth","staff":"2"}]}},{"staff1":{"voice1":[{"noteName":"","duration":306,"voice":"1","rest":true,"type":"eighth","staff":"1"},{"noteName":"A4","duration":306,"voice":"1","type":"eighth","staff":"1"},{"noteName":"C5","duration":306,"voice":"1","type":"eighth","staff":"1"},{"noteName":"A4","duration":306,"voice":"1","type":"eighth","staff":"1"},{"noteName":"E5","duration":306,"voice":"1","type":"eighth","staff":"1"},{"noteName":"A4","duration":306,"voice":"1","type":"eighth","staff":"1"},{"noteName":"C5","duration":306,"voice":"1","type":"eighth","staff":"1"},{"noteName":"A4","duration":306,"voice":"1","type":"eighth","staff":"1"}]},"staff2":{"voice5":[{"noteName":"","duration":2448,"voice":"5","rest":true,"staff":"2"}]}},{"staff1":{"voice1":[{"noteName":"","duration":306,"voice":"1","rest":true,"type":"eighth","staff":"1"},{"noteName":"E4","duration":306,"voice":"1","type":"eighth","staff":"1"},{"noteName":"G4","duration":306,"voice":"1","type":"eighth","staff":"1"},{"noteName":"E4","duration":306,"voice":"1","type":"eighth","staff":"1"},{"noteName":"B4","duration":306,"voice":"1","type":"eighth","staff":"1"},{"noteName":"E4","duration":306,"voice":"1","type":"eighth","staff":"1"},{"noteName":"G4","duration":306,"voice":"1","type":"eighth","staff":"1"},{"noteName":"E4","duration":306,"voice":"1","type":"eighth","staff":"1"}]},"staff2":{"voice5":[{"noteName":"","duration":2448,"voice":"5","rest":true,"staff":"2"}]}},{"staff1":{"voice1":[{"noteName":"","duration":306,"voice":"1","rest":true,"type":"eighth","staff":"1"},{"noteName":"E4","duration":306,"voice":"1","type":"eighth","staff":"1"},{"noteName":"A4","duration":306,"voice":"1","type":"eighth","staff":"1"},{"noteName":"E4","duration":306,"voice":"1","type":"eighth","staff":"1"},{"noteName":"C5","duration":306,"voice":"1","type":"eighth","staff":"1"},{"noteName":"E4","duration":306,"voice":"1","type":"eighth","staff":"1"},{"noteName":"A4","duration":306,"voice":"1","type":"eighth","staff":"1"},{"noteName":"E4","duration":306,"voice":"1","type":"eighth","staff":"1"}]},"staff2":{"voice5":[{"noteName":"","duration":2448,"voice":"5","rest":true,"staff":"2"}]}},{"staff1":{"voice1":[{"noteName":"","duration":306,"voice":"1","rest":true,"type":"eighth","staff":"1"},{"noteName":"E4","duration":306,"voice":"1","type":"eighth","staff":"1"},{"noteName":"G4","duration":306,"voice":"1","type":"eighth","staff":"1"},{"noteName":"E4","duration":306,"voice":"1","type":"eighth","staff":"1"},{"noteName":"B4","duration":306,"voice":"1","type":"eighth","staff":"1"},{"noteName":"E4","duration":306,"voice":"1","type":"eighth","staff":"1"},{"noteName":"G4","duration":306,"voice":"1","type":"eighth","staff":"1"},{"noteName":"E4","duration":306,"voice":"1","type":"eighth","staff":"1"}]},"staff2":{"voice5":[{"noteName":"","duration":2448,"voice":"5","rest":true,"staff":"2"}]}},{"staff1":{"voice1":[{"noteName":"","duration":306,"voice":"1","rest":true,"type":"eighth","staff":"1"},{"noteName":"C4","duration":306,"voice":"1","type":"eighth","staff":"1"},{"noteName":"F4","duration":306,"voice":"1","type":"eighth","staff":"1"},{"noteName":"C4","duration":306,"voice":"1","type":"eighth","staff":"1"},{"noteName":"A4","duration":306,"voice":"1","type":"eighth","staff":"1"},{"noteName":"C4","duration":306,"voice":"1","type":"eighth","staff":"1"},{"noteName":"F4","duration":306,"voice":"1","type":"eighth","staff":"1"},{"noteName":"C4","duration":306,"voice":"1","type":"eighth","staff":"1"}]},"staff2":{"voice5":[{"noteName":"","duration":2448,"voice":"5","rest":true,"staff":"2"}]}},{"staff1":{"voice1":[{"noteName":"","duration":306,"voice":"1","rest":true,"type":"eighth","staff":"1"},{"noteName":"G4","duration":306,"voice":"1","type":"eighth","staff":"1"},{"noteName":"B4","duration":306,"voice":"1","type":"eighth","staff":"1"},{"noteName":"G4","duration":306,"voice":"1","type":"eighth","staff":"1"},{"noteName":"D5","duration":306,"voice":"1","type":"eighth","staff":"1"},{"noteName":"G4","duration":306,"voice":"1","type":"eighth","staff":"1"},{"noteName":"B4","duration":306,"voice":"1","type":"eighth","staff":"1"},{"noteName":"G4","duration":306,"voice":"1","type":"eighth","staff":"1"}]},"staff2":{"voice5":[{"noteName":"","duration":2448,"voice":"5","rest":true,"staff":"2"}]}},{"staff1":{"voice1":[{"noteName":"","duration":306,"voice":"1","rest":true,"type":"eighth","staff":"1"},{"noteName":"E4","duration":306,"voice":"1","type":"eighth","staff":"1"},{"noteName":"G4","duration":306,"voice":"1","type":"eighth","staff":"1"},{"noteName":"E4","duration":306,"voice":"1","type":"eighth","staff":"1"},{"noteName":"B4","duration":306,"voice":"1","type":"eighth","staff":"1"},{"noteName":"E4","duration":306,"voice":"1","type":"eighth","staff":"1"},{"noteName":"G4","duration":306,"voice":"1","type":"eighth","staff":"1"},{"noteName":"E4","duration":306,"voice":"1","type":"eighth","staff":"1"}]},"staff2":{"voice5":[{"noteName":"","duration":2448,"voice":"5","rest":true,"staff":"2"}]}},{"staff1":{"voice1":[{"noteName":"","duration":612,"voice":"1","rest":true,"type":"quarter","staff":"1"},{"noteName":"C5","duration":459,"voice":"1","type":"eighth","dot":true,"staff":"1"},{"noteName":"","duration":76.5,"voice":"1","rest":true,"type":"32nd","staff":"1"},{"noteName":"","duration":38.25,"voice":"1","rest":true,"type":"64th","staff":"1"},{"noteName":"C5","duration":38.25,"voice":"1","tie":"start","type":"64th","staff":"1"},{"noteName":"C5","duration":38.25,"voice":"1","tie":"stop","type":"64th","staff":"1"},{"noteName":"","duration":38.25,"voice":"1","rest":true,"type":"64th","staff":"1"},{"noteName":"","duration":76.5,"voice":"1","rest":true,"type":"32nd","staff":"1"},{"noteName":"","duration":153,"voice":"1","rest":true,"type":"16th","staff":"1"},{"noteName":"C5","duration":918,"voice":"1","type":"quarter","dot":true,"staff":"1"}]},"staff2":{"voice5":[{"noteName":"","duration":612,"voice":"5","rest":true,"type":"quarter","staff":"2"},{"noteName":"D4","duration":459,"voice":"5","type":"eighth","dot":true,"staff":"2"},{"noteName":"","duration":76.5,"voice":"5","rest":true,"type":"32nd","staff":"2"},{"noteName":"","duration":38.25,"voice":"5","rest":true,"type":"64th","staff":"2"},{"noteName":"D4","duration":38.25,"voice":"5","tie":"start","type":"64th","staff":"2"},{"noteName":"G4","duration":38.25,"voice":"5","chord":true,"tie":"start","type":"64th","staff":"2"},{"noteName":"D4","duration":19.125,"voice":"5","tie":"stop","type":"128th","staff":"2"},{"noteName":"G4","duration":19.125,"voice":"5","chord":true,"tie":"stop","type":"128th","staff":"2"},{"noteName":"","duration":19.125,"voice":"5","rest":true,"type":"128th","staff":"2"},{"noteName":"","duration":38.25,"voice":"5","rest":true,"type":"64th","staff":"2"},{"noteName":"","duration":76.5,"voice":"5","rest":true,"type":"32nd","staff":"2"},{"noteName":"","duration":153,"voice":"5","rest":true,"type":"16th","staff":"2"},{"noteName":"D4","duration":918,"voice":"5","type":"quarter","dot":true,"staff":"2"},{"noteName":"G4","duration":918,"voice":"5","chord":true,"type":"quarter","dot":true,"staff":"2"}]}},{"staff1":{"voice1":[{"noteName":"","duration":2448,"voice":"1","rest":true,"staff":"1"}]},"staff2":{"voice5":[{"noteName":"","duration":2448,"voice":"5","rest":true,"staff":"2"}]}},{"staff1":{"voice1":[{"noteName":"","duration":1224,"voice":"1","rest":true,"type":"half","staff":"1"},{"noteName":"F#5","duration":612,"voice":"1","alter":"1","type":"quarter","staff":"1"},{"noteName":"B5","duration":612,"voice":"1","chord":true,"type":"quarter","staff":"1"},{"noteName":"","duration":612,"voice":"1","rest":true,"type":"quarter","staff":"1"}],"voice2":[{"noteName":"","duration":1224,"voice":"2","rest":true,"type":"half","staff":"1"},{"noteName":"","duration":19.125,"voice":"2","rest":true,"type":"128th","staff":"1"},{"noteName":"F#4","duration":57.375,"voice":"2","alter":"1","tie":"start","type":"64th","dot":true,"staff":"1"},{"noteName":"F#4","duration":229.5,"voice":"2","alter":"1","tie":"","type":"16th","dot":true,"staff":"1"},{"noteName":"F#4","duration":153,"voice":"2","alter":"1","tie":"stop","type":"16th","staff":"1"},{"noteName":"","duration":153,"voice":"2","rest":true,"type":"16th","staff":"1"},{"noteName":"F#4","duration":612,"voice":"2","alter":"1","type":"quarter","staff":"1"},{"noteName":"F#5","duration":612,"voice":"2","alter":"1","chord":true,"type":"quarter","staff":"1"}]},"staff2":{"voice5":[{"noteName":"","duration":1224,"voice":"5","rest":true,"type":"half","staff":"2"},{"noteName":"D4","duration":612,"voice":"5","type":"quarter","staff":"2"},{"noteName":"B4","duration":612,"voice":"5","chord":true,"type":"quarter","staff":"2"},{"noteName":"D5","duration":612,"voice":"5","chord":true,"type":"quarter","staff":"2"},{"noteName":"D4","duration":612,"voice":"5","type":"quarter","staff":"2"},{"noteName":"B4","duration":612,"voice":"5","chord":true,"type":"quarter","staff":"2"},{"noteName":"D5","duration":612,"voice":"5","chord":true,"type":"quarter","staff":"2"}]}},{"staff1":{"voice1":[{"noteName":"","duration":2448,"voice":"1","rest":true,"staff":"1"}]},"staff2":{"voice5":[{"noteName":"","duration":2448,"voice":"5","rest":true,"staff":"2"}]}},{"staff1":{"voice1":[{"noteName":"","duration":1224,"voice":"1","rest":true,"type":"half","staff":"1"},{"noteName":"G4","duration":612,"voice":"1","type":"quarter","staff":"1"},{"noteName":"A#4","duration":612,"voice":"1","alter":"-1","chord":true,"type":"quarter","staff":"1"},{"noteName":"G4","duration":612,"voice":"1","type":"quarter","staff":"1"}]},"staff2":{"voice5":[{"noteName":"","duration":1224,"voice":"5","rest":true,"type":"half","staff":"2"},{"noteName":"E3","duration":612,"voice":"5","type":"quarter","staff":"2"},{"noteName":"G3","duration":612,"voice":"5","chord":true,"type":"quarter","staff":"2"},{"noteName":"A#3","duration":612,"voice":"5","alter":"-1","chord":true,"type":"quarter","staff":"2"},{"noteName":"E4","duration":612,"voice":"5","chord":true,"type":"quarter","staff":"2"},{"noteName":"G3","duration":612,"voice":"5","type":"quarter","staff":"2"},{"noteName":"A#3","duration":612,"voice":"5","alter":"-1","chord":true,"type":"quarter","staff":"2"},{"noteName":"E4","duration":612,"voice":"5","chord":true,"type":"quarter","staff":"2"}]}},{"staff1":{"voice1":[{"noteName":"","duration":2448,"voice":"1","rest":true,"staff":"1"}]},"staff2":{"voice5":[{"noteName":"","duration":2448,"voice":"5","rest":true,"staff":"2"}]}},{"staff1":{"voice1":[{"noteName":"","duration":306,"voice":"1","rest":true,"type":"eighth","staff":"1"},{"noteName":"G4","duration":306,"voice":"1","type":"eighth","staff":"1"},{"noteName":"B4","duration":306,"voice":"1","type":"eighth","staff":"1"},{"noteName":"G4","duration":306,"voice":"1","type":"eighth","staff":"1"},{"noteName":"D5","duration":306,"voice":"1","type":"eighth","staff":"1"},{"noteName":"G4","duration":306,"voice":"1","type":"eighth","staff":"1"},{"noteName":"B4","duration":306,"voice":"1","type":"eighth","staff":"1"},{"noteName":"G4","duration":306,"voice":"1","type":"eighth","staff":"1"}]},"staff2":{"voice5":[{"noteName":"","duration":2448,"voice":"5","rest":true,"staff":"2"}]}},{"staff1":{"voice1":[{"noteName":"","duration":306,"voice":"1","rest":true,"type":"eighth","staff":"1"},{"noteName":"D4","duration":306,"voice":"1","type":"eighth","staff":"1"},{"noteName":"F#4","duration":306,"voice":"1","alter":"1","type":"eighth","staff":"1"},{"noteName":"D4","duration":306,"voice":"1","type":"eighth","staff":"1"},{"noteName":"A4","duration":306,"voice":"1","type":"eighth","staff":"1"},{"noteName":"D4","duration":306,"voice":"1","type":"eighth","staff":"1"},{"noteName":"F#4","duration":306,"voice":"1","alter":"1","type":"eighth","staff":"1"},{"noteName":"D4","duration":306,"voice":"1","type":"eighth","staff":"1"}]},"staff2":{"voice5":[{"noteName":"","duration":2448,"voice":"5","rest":true,"staff":"2"}]}},{"staff1":{"voice1":[{"noteName":"","duration":306,"voice":"1","rest":true,"type":"eighth","staff":"1"},{"noteName":"E4","duration":306,"voice":"1","type":"eighth","staff":"1"},{"noteName":"G4","duration":306,"voice":"1","type":"eighth","staff":"1"},{"noteName":"E4","duration":306,"voice":"1","type":"eighth","staff":"1"},{"noteName":"B4","duration":306,"voice":"1","type":"eighth","staff":"1"},{"noteName":"E4","duration":306,"voice":"1","type":"eighth","staff":"1"},{"noteName":"G4","duration":306,"voice":"1","type":"eighth","staff":"1"},{"noteName":"E4","duration":306,"voice":"1","type":"eighth","staff":"1"}]},"staff2":{"voice5":[{"noteName":"","duration":2448,"voice":"5","rest":true,"staff":"2"}]}},{"staff1":{"voice1":[{"noteName":"","duration":306,"voice":"1","rest":true,"type":"eighth","staff":"1"},{"noteName":"D4","duration":306,"voice":"1","type":"eighth","staff":"1"},{"noteName":"F#4","duration":306,"voice":"1","alter":"1","type":"eighth","staff":"1"},{"noteName":"D4","duration":306,"voice":"1","type":"eighth","staff":"1"},{"noteName":"A4","duration":306,"voice":"1","type":"eighth","staff":"1"},{"noteName":"D4","duration":306,"voice":"1","type":"eighth","staff":"1"},{"noteName":"F#4","duration":306,"voice":"1","alter":"1","type":"eighth","staff":"1"},{"noteName":"D4","duration":306,"voice":"1","type":"eighth","staff":"1"}]},"staff2":{"voice5":[{"noteName":"","duration":2448,"voice":"5","rest":true,"staff":"2"}]}},{"staff1":{"voice1":[{"noteName":"","duration":306,"voice":"1","rest":true,"type":"eighth","staff":"1"},{"noteName":"C4","duration":306,"voice":"1","type":"eighth","staff":"1"},{"noteName":"E4","duration":306,"voice":"1","type":"eighth","staff":"1"},{"noteName":"C4","duration":306,"voice":"1","type":"eighth","staff":"1"},{"noteName":"G4","duration":306,"voice":"1","type":"eighth","staff":"1"},{"noteName":"C4","duration":306,"voice":"1","type":"eighth","staff":"1"},{"noteName":"E4","duration":306,"voice":"1","type":"eighth","staff":"1"},{"noteName":"C4","duration":306,"voice":"1","type":"eighth","staff":"1"}]},"staff2":{"voice5":[{"noteName":"","duration":2448,"voice":"5","rest":true,"staff":"2"}]}},{"staff1":{"voice1":[{"noteName":"","duration":306,"voice":"1","rest":true,"type":"eighth","staff":"1"},{"noteName":"A4","duration":306,"voice":"1","type":"eighth","staff":"1"},{"noteName":"C5","duration":306,"voice":"1","type":"eighth","staff":"1"},{"noteName":"A4","duration":306,"voice":"1","type":"eighth","staff":"1"},{"noteName":"E5","duration":306,"voice":"1","type":"eighth","staff":"1"},{"noteName":"A4","duration":306,"voice":"1","type":"eighth","staff":"1"},{"noteName":"C5","duration":306,"voice":"1","type":"eighth","staff":"1"},{"noteName":"A4","duration":306,"voice":"1","type":"eighth","staff":"1"}]},"staff2":{"voice5":[{"noteName":"","duration":2448,"voice":"5","rest":true,"staff":"2"}]}},{"staff1":{"voice1":[{"noteName":"","duration":306,"voice":"1","rest":true,"type":"eighth","staff":"1"},{"noteName":"E4","duration":306,"voice":"1","type":"eighth","staff":"1"},{"noteName":"G4","duration":306,"voice":"1","type":"eighth","staff":"1"},{"noteName":"E4","duration":306,"voice":"1","type":"eighth","staff":"1"},{"noteName":"B4","duration":306,"voice":"1","type":"eighth","staff":"1"},{"noteName":"E4","duration":306,"voice":"1","type":"eighth","staff":"1"},{"noteName":"G4","duration":306,"voice":"1","type":"eighth","staff":"1"},{"noteName":"E4","duration":306,"voice":"1","type":"eighth","staff":"1"}]},"staff2":{"voice5":[{"noteName":"","duration":2448,"voice":"5","rest":true,"staff":"2"}]}},{"staff1":{"voice1":[{"noteName":"","duration":306,"voice":"1","rest":true,"type":"eighth","staff":"1"},{"noteName":"D4","duration":306,"voice":"1","type":"eighth","staff":"1"},{"noteName":"F#4","duration":306,"voice":"1","alter":"1","type":"eighth","staff":"1"},{"noteName":"D4","duration":306,"voice":"1","type":"eighth","staff":"1"},{"noteName":"A4","duration":306,"voice":"1","type":"eighth","staff":"1"},{"noteName":"D4","duration":306,"voice":"1","type":"eighth","staff":"1"},{"noteName":"F#4","duration":306,"voice":"1","alter":"1","type":"eighth","staff":"1"},{"noteName":"D4","duration":306,"voice":"1","type":"eighth","staff":"1"}]},"staff2":{"voice5":[{"noteName":"","duration":2448,"voice":"5","rest":true,"staff":"2"}]}},{"staff1":{"voice1":[{"noteName":"","duration":612,"voice":"1","rest":true,"type":"quarter","staff":"1"},{"noteName":"B4","duration":459,"voice":"1","type":"eighth","dot":true,"staff":"1"},{"noteName":"","duration":76.5,"voice":"1","rest":true,"type":"32nd","staff":"1"},{"noteName":"","duration":38.25,"voice":"1","rest":true,"type":"64th","staff":"1"},{"noteName":"B4","duration":38.25,"voice":"1","tie":"start","type":"64th","staff":"1"},{"noteName":"B4","duration":38.25,"voice":"1","tie":"stop","type":"64th","staff":"1"},{"noteName":"","duration":38.25,"voice":"1","rest":true,"type":"64th","staff":"1"},{"noteName":"","duration":76.5,"voice":"1","rest":true,"type":"32nd","staff":"1"},{"noteName":"","duration":153,"voice":"1","rest":true,"type":"16th","staff":"1"},{"noteName":"B4","duration":918,"voice":"1","type":"quarter","dot":true,"staff":"1"}]},"staff2":{"voice5":[{"noteName":"","duration":612,"voice":"5","rest":true,"type":"quarter","staff":"2"},{"noteName":"D4","duration":459,"voice":"5","type":"eighth","dot":true,"staff":"2"},{"noteName":"","duration":76.5,"voice":"5","rest":true,"type":"32nd","staff":"2"},{"noteName":"","duration":38.25,"voice":"5","rest":true,"type":"64th","staff":"2"},{"noteName":"D4","duration":38.25,"voice":"5","tie":"start","type":"64th","staff":"2"},{"noteName":"G4","duration":38.25,"voice":"5","chord":true,"tie":"start","type":"64th","staff":"2"},{"noteName":"D4","duration":19.125,"voice":"5","tie":"stop","type":"128th","staff":"2"},{"noteName":"G4","duration":19.125,"voice":"5","chord":true,"tie":"stop","type":"128th","staff":"2"},{"noteName":"","duration":19.125,"voice":"5","rest":true,"type":"128th","staff":"2"},{"noteName":"","duration":38.25,"voice":"5","rest":true,"type":"64th","staff":"2"},{"noteName":"","duration":76.5,"voice":"5","rest":true,"type":"32nd","staff":"2"},{"noteName":"","duration":153,"voice":"5","rest":true,"type":"16th","staff":"2"},{"noteName":"D4","duration":918,"voice":"5","type":"quarter","dot":true,"staff":"2"},{"noteName":"G4","duration":918,"voice":"5","chord":true,"type":"quarter","dot":true,"staff":"2"}]}},{"staff1":{"voice1":[{"noteName":"","duration":2448,"voice":"1","rest":true,"staff":"1"}]},"staff2":{"voice5":[{"noteName":"","duration":2448,"voice":"5","rest":true,"staff":"2"}]}},{"staff1":{"voice1":[{"noteName":"","duration":2448,"voice":"1","rest":true,"staff":"1"}]},"staff2":{"voice5":[{"noteName":"","duration":2448,"voice":"5","rest":true,"staff":"2"}]}},{"staff1":{"voice1":[{"noteName":"","duration":2448,"voice":"1","rest":true,"staff":"1"}]},"staff2":{"voice5":[{"noteName":"","duration":2448,"voice":"5","rest":true,"staff":"2"}]}},{"staff1":{"voice1":[{"noteName":"","duration":2448,"voice":"1","rest":true,"staff":"1"}]},"staff2":{"voice5":[{"noteName":"","duration":2448,"voice":"5","rest":true,"staff":"2"}]}},{"staff1":{"voice1":[{"noteName":"","duration":2448,"voice":"1","rest":true,"staff":"1"}]},"staff2":{"voice5":[{"noteName":"","duration":2448,"voice":"5","rest":true,"staff":"2"}]}},{"staff1":{"voice1":[{"noteName":"","duration":2448,"voice":"1","rest":true,"staff":"1"}]},"staff2":{"voice5":[{"noteName":"","duration":2448,"voice":"5","rest":true,"staff":"2"}]}},{"staff1":{"voice1":[{"noteName":"","duration":2448,"voice":"1","rest":true,"staff":"1"}]},"staff2":{"voice5":[{"noteName":"","duration":2448,"voice":"5","rest":true,"staff":"2"}]}},{"staff1":{"voice1":[{"noteName":"D2","duration":612,"voice":"1","type":"quarter","staff":"1"},{"noteName":"D3","duration":306,"voice":"1","type":"eighth","staff":"1"},{"noteName":"A2","duration":153,"voice":"1","type":"16th","staff":"1"},{"noteName":"A2","duration":153,"voice":"1","type":"16th","staff":"1"},{"noteName":"A3","duration":459,"voice":"1","type":"eighth","dot":true,"staff":"1"},{"noteName":"A3","duration":153,"voice":"1","tie":"start","type":"16th","staff":"1"},{"noteName":"A3","duration":153,"voice":"1","tie":"stop","type":"16th","staff":"1"},{"noteName":"","duration":153,"voice":"1","rest":true,"type":"16th","staff":"1"},{"noteName":"A3","duration":306,"voice":"1","type":"eighth","staff":"1"}]},"staff2":{"voice5":[{"noteName":"","duration":1224,"voice":"5","rest":true,"type":"half","staff":"2"},{"noteName":"G3","duration":459,"voice":"5","type":"eighth","dot":true,"staff":"2"},{"noteName":"E3","duration":153,"voice":"5","tie":"start","type":"16th","staff":"2"},{"noteName":"E3","duration":306,"voice":"5","tie":"stop","type":"eighth","staff":"2"},{"noteName":"D3","duration":306,"voice":"5","type":"eighth","staff":"2"}]}},{"staff1":{"voice1":[{"noteName":"","duration":2448,"voice":"1","rest":true,"staff":"1"}]},"staff2":{"voice5":[{"noteName":"","duration":2448,"voice":"5","rest":true,"staff":"2"}]}},{"staff1":{"voice1":[{"noteName":"","duration":1224,"voice":"1","rest":true,"type":"half","staff":"1"},{"noteName":"A4","duration":612,"voice":"1","type":"quarter","staff":"1"},{"noteName":"D5","duration":612,"voice":"1","chord":true,"type":"quarter","staff":"1"},{"noteName":"","duration":612,"voice":"1","rest":true,"type":"quarter","staff":"1"}],"voice2":[{"noteName":"","duration":1224,"voice":"2","rest":true,"type":"half","staff":"1"},{"noteName":"","duration":19.125,"voice":"2","rest":true,"type":"128th","staff":"1"},{"noteName":"A3","duration":57.375,"voice":"2","tie":"start","type":"64th","dot":true,"staff":"1"},{"noteName":"A3","duration":229.5,"voice":"2","tie":"","type":"16th","dot":true,"staff":"1"},{"noteName":"A3","duration":153,"voice":"2","tie":"stop","type":"16th","staff":"1"},{"noteName":"","duration":153,"voice":"2","rest":true,"type":"16th","staff":"1"},{"noteName":"A3","duration":612,"voice":"2","type":"quarter","staff":"1"},{"noteName":"A4","duration":612,"voice":"2","chord":true,"type":"quarter","staff":"1"}]},"staff2":{"voice5":[{"noteName":"","duration":1224,"voice":"5","rest":true,"type":"half","staff":"2"},{"noteName":"F#3","duration":612,"voice":"5","alter":"1","type":"quarter","staff":"2"},{"noteName":"D4","duration":612,"voice":"5","chord":true,"type":"quarter","staff":"2"},{"noteName":"F#4","duration":612,"voice":"5","alter":"1","chord":true,"type":"quarter","staff":"2"},{"noteName":"F#3","duration":612,"voice":"5","alter":"1","type":"quarter","staff":"2"},{"noteName":"D4","duration":612,"voice":"5","chord":true,"type":"quarter","staff":"2"},{"noteName":"F#4","duration":612,"voice":"5","alter":"1","chord":true,"type":"quarter","staff":"2"}]}},{"staff1":{"voice1":[{"noteName":"","duration":2448,"voice":"1","rest":true,"staff":"1"}]},"staff2":{"voice5":[{"noteName":"","duration":2448,"voice":"5","rest":true,"staff":"2"}]}},{"staff1":{"voice1":[{"noteName":"","duration":1224,"voice":"1","rest":true,"type":"half","staff":"1"},{"noteName":"F#5","duration":612,"voice":"1","alter":"1","type":"quarter","staff":"1"},{"noteName":"B5","duration":612,"voice":"1","chord":true,"type":"quarter","staff":"1"},{"noteName":"F#5","duration":612,"voice":"1","alter":"1","type":"quarter","staff":"1"}]},"staff2":{"voice5":[{"noteName":"","duration":1224,"voice":"5","rest":true,"type":"half","staff":"2"},{"noteName":"D4","duration":612,"voice":"5","type":"quarter","staff":"2"},{"noteName":"F#4","duration":612,"voice":"5","alter":"1","chord":true,"type":"quarter","staff":"2"},{"noteName":"B4","duration":612,"voice":"5","chord":true,"type":"quarter","staff":"2"},{"noteName":"D5","duration":612,"voice":"5","chord":true,"type":"quarter","staff":"2"},{"noteName":"F#4","duration":612,"voice":"5","alter":"1","type":"quarter","staff":"2"},{"noteName":"B4","duration":612,"voice":"5","chord":true,"type":"quarter","staff":"2"},{"noteName":"D5","duration":612,"voice":"5","chord":true,"type":"quarter","staff":"2"}]}},{"staff1":{"voice1":[{"noteName":"","duration":2448,"voice":"1","rest":true,"staff":"1"}]},"staff2":{"voice5":[{"noteName":"","duration":2448,"voice":"5","rest":true,"staff":"2"}]}},{"staff1":{"voice1":[{"noteName":"","duration":612,"voice":"1","rest":true,"type":"quarter","staff":"1"},{"noteName":"","duration":306,"voice":"1","rest":true,"type":"eighth","staff":"1"},{"noteName":"","duration":153,"voice":"1","rest":true,"type":"16th","staff":"1"},{"noteName":"","duration":76.5,"voice":"1","rest":true,"type":"32nd","staff":"1"},{"noteName":"","duration":38.25,"voice":"1","rest":true,"type":"64th","staff":"1"},{"noteName":"B5","duration":38.25,"voice":"1","type":"64th","staff":"1"},{"noteName":"","duration":1224,"voice":"1","rest":true,"type":"half","staff":"1"}],"voice2":[{"noteName":"","duration":612,"voice":"2","rest":true,"type":"quarter","staff":"1"},{"noteName":"","duration":306,"voice":"2","rest":true,"type":"eighth","staff":"1"},{"noteName":"","duration":153,"voice":"2","rest":true,"type":"16th","staff":"1"},{"noteName":"","duration":76.5,"voice":"2","rest":true,"type":"32nd","staff":"1"},{"noteName":"","duration":19.125,"voice":"2","rest":true,"type":"128th","staff":"1"},{"noteName":"D5","duration":57.375,"voice":"2","type":"64th","dot":true,"staff":"1"},{"noteName":"","duration":1224,"voice":"2","rest":true,"type":"half","staff":"1"}],"voice3":[{"noteName":"","duration":612,"voice":"3","rest":true,"type":"quarter","staff":"1"},{"noteName":"","duration":306,"voice":"3","rest":true,"type":"eighth","staff":"1"},{"noteName":"","duration":153,"voice":"3","rest":true,"type":"16th","staff":"1"},{"noteName":"","duration":76.5,"voice":"3","rest":true,"type":"32nd","staff":"1"},{"noteName":"","duration":38.25,"voice":"3","rest":true,"type":"64th","staff":"1"},{"noteName":"","duration":19.125,"voice":"3","rest":true,"type":"128th","staff":"1"},{"noteName":"F#5","duration":19.125,"voice":"3","alter":"1","type":"128th","staff":"1"},{"noteName":"G4","duration":612,"voice":"3","type":"quarter","staff":"1"},{"noteName":"B4","duration":612,"voice":"3","chord":true,"type":"quarter","staff":"1"},{"noteName":"E5","duration":612,"voice":"3","chord":true,"type":"quarter","staff":"1"},{"noteName":"B3","duration":612,"voice":"3","type":"quarter","staff":"1"},{"noteName":"B4","duration":612,"voice":"3","chord":true,"type":"quarter","staff":"1"}]},"staff2":{"voice5":[{"noteName":"","duration":612,"voice":"5","rest":true,"type":"quarter","staff":"2"},{"noteName":"","duration":306,"voice":"5","rest":true,"type":"eighth","staff":"2"},{"noteName":"","duration":153,"voice":"5","rest":true,"type":"16th","staff":"2"},{"noteName":"","duration":76.5,"voice":"5","rest":true,"type":"32nd","staff":"2"},{"noteName":"","duration":38.25,"voice":"5","rest":true,"type":"64th","staff":"2"},{"noteName":"B4","duration":38.25,"voice":"5","type":"64th","staff":"2"},{"noteName":"","duration":1224,"voice":"5","rest":true,"type":"half","staff":"2"}],"voice6":[{"noteName":"","duration":612,"voice":"6","rest":true,"type":"quarter","staff":"2"},{"noteName":"","duration":306,"voice":"6","rest":true,"type":"eighth","staff":"2"},{"noteName":"","duration":153,"voice":"6","rest":true,"type":"16th","staff":"2"},{"noteName":"","duration":76.5,"voice":"6","rest":true,"type":"32nd","staff":"2"},{"noteName":"","duration":38.25,"voice":"6","rest":true,"type":"64th","staff":"2"},{"noteName":"","duration":19.125,"voice":"6","rest":true,"type":"128th","staff":"2"},{"noteName":"D4","duration":19.125,"voice":"6","type":"128th","staff":"2"},{"noteName":"G3","duration":612,"voice":"6","type":"quarter","staff":"2"},{"noteName":"B3","duration":612,"voice":"6","chord":true,"type":"quarter","staff":"2"},{"noteName":"E4","duration":612,"voice":"6","chord":true,"type":"quarter","staff":"2"},{"noteName":"G3","duration":612,"voice":"6","type":"quarter","staff":"2"},{"noteName":"E4","duration":612,"voice":"6","chord":true,"type":"quarter","staff":"2"},{"noteName":"G4","duration":612,"voice":"6","chord":true,"type":"quarter","staff":"2"}]}},{"staff1":{"voice1":[{"noteName":"","duration":2448,"voice":"1","rest":true,"staff":"1"}]},"staff2":{"voice5":[{"noteName":"","duration":2448,"voice":"5","rest":true,"staff":"2"}]}},{"staff1":{"voice1":[{"noteName":"","duration":1224,"voice":"1","rest":true,"type":"half","staff":"1"},{"noteName":"D5","duration":612,"voice":"1","type":"quarter","staff":"1"},{"noteName":"G5","duration":612,"voice":"1","chord":true,"type":"quarter","staff":"1"},{"noteName":"D5","duration":612,"voice":"1","type":"quarter","staff":"1"}]},"staff2":{"voice5":[{"noteName":"","duration":1224,"voice":"5","rest":true,"type":"half","staff":"2"},{"noteName":"B3","duration":612,"voice":"5","type":"quarter","staff":"2"},{"noteName":"D4","duration":612,"voice":"5","chord":true,"type":"quarter","staff":"2"},{"noteName":"G4","duration":612,"voice":"5","chord":true,"type":"quarter","staff":"2"},{"noteName":"B4","duration":612,"voice":"5","chord":true,"type":"quarter","staff":"2"},{"noteName":"D4","duration":612,"voice":"5","type":"quarter","staff":"2"},{"noteName":"G4","duration":612,"voice":"5","chord":true,"type":"quarter","staff":"2"},{"noteName":"B4","duration":612,"voice":"5","chord":true,"type":"quarter","staff":"2"}]}},{"staff1":{"voice1":[{"noteName":"","duration":2448,"voice":"1","rest":true,"staff":"1"}]},"staff2":{"voice5":[{"noteName":"","duration":2448,"voice":"5","rest":true,"staff":"2"}]}},{"staff1":{"voice1":[{"noteName":"","duration":2448,"voice":"1","rest":true,"staff":"1"}]},"staff2":{"voice5":[{"noteName":"","duration":2448,"voice":"5","rest":true,"staff":"2"}]}},{"staff1":{"voice1":[{"noteName":"","duration":2448,"voice":"1","rest":true,"staff":"1"}]},"staff2":{"voice5":[{"noteName":"","duration":2448,"voice":"5","rest":true,"staff":"2"}]}},{"staff1":{"voice1":[{"noteName":"","duration":2448,"voice":"1","rest":true,"staff":"1"}]},"staff2":{"voice5":[{"noteName":"","duration":2448,"voice":"5","rest":true,"staff":"2"}]}},{"staff1":{"voice1":[{"noteName":"","duration":2448,"voice":"1","rest":true,"staff":"1"}]},"staff2":{"voice5":[{"noteName":"","duration":2448,"voice":"5","rest":true,"staff":"2"}]}},{"staff1":{"voice1":[{"noteName":"","duration":2448,"voice":"1","rest":true,"staff":"1"}]},"staff2":{"voice5":[{"noteName":"","duration":2448,"voice":"5","rest":true,"staff":"2"}]}},{"staff1":{"voice1":[{"noteName":"","duration":2448,"voice":"1","rest":true,"staff":"1"}]},"staff2":{"voice5":[{"noteName":"","duration":2448,"voice":"5","rest":true,"staff":"2"}]}},{"staff1":{"voice1":[{"noteName":"","duration":2448,"voice":"1","rest":true,"staff":"1"}]},"staff2":{"voice5":[{"noteName":"","duration":2448,"voice":"5","rest":true,"staff":"2"}]}},{"staff1":{"voice1":[{"noteName":"","duration":2448,"voice":"1","rest":true,"staff":"1"}]},"staff2":{"voice5":[{"noteName":"","duration":2448,"voice":"5","rest":true,"staff":"2"}]}},{"staff1":{"voice1":[{"noteName":"","duration":2448,"voice":"1","rest":true,"staff":"1"}]},"staff2":{"voice5":[{"noteName":"","duration":2448,"voice":"5","rest":true,"staff":"2"}]}},{"staff1":{"voice1":[{"noteName":"","duration":1224,"voice":"1","rest":true,"type":"half","staff":"1"},{"noteName":"D5","duration":612,"voice":"1","type":"quarter","staff":"1"},{"noteName":"G5","duration":612,"voice":"1","chord":true,"type":"quarter","staff":"1"},{"noteName":"","duration":612,"voice":"1","rest":true,"type":"quarter","staff":"1"}],"voice2":[{"noteName":"","duration":1224,"voice":"2","rest":true,"type":"half","staff":"1"},{"noteName":"","duration":19.125,"voice":"2","rest":true,"type":"128th","staff":"1"},{"noteName":"D4","duration":57.375,"voice":"2","tie":"start","type":"64th","dot":true,"staff":"1"},{"noteName":"D4","duration":229.5,"voice":"2","tie":"","type":"16th","dot":true,"staff":"1"},{"noteName":"D4","duration":153,"voice":"2","tie":"stop","type":"16th","staff":"1"},{"noteName":"","duration":153,"voice":"2","rest":true,"type":"16th","staff":"1"},{"noteName":"D4","duration":612,"voice":"2","type":"quarter","staff":"1"},{"noteName":"D5","duration":612,"voice":"2","chord":true,"type":"quarter","staff":"1"}]},"staff2":{"voice5":[{"noteName":"","duration":1224,"voice":"5","rest":true,"type":"half","staff":"2"},{"noteName":"B3","duration":612,"voice":"5","type":"quarter","staff":"2"},{"noteName":"G4","duration":612,"voice":"5","chord":true,"type":"quarter","staff":"2"},{"noteName":"B4","duration":612,"voice":"5","chord":true,"type":"quarter","staff":"2"},{"noteName":"B3","duration":612,"voice":"5","type":"quarter","staff":"2"},{"noteName":"G4","duration":612,"voice":"5","chord":true,"type":"quarter","staff":"2"},{"noteName":"B4","duration":612,"voice":"5","chord":true,"type":"quarter","staff":"2"}]}},{"staff1":{"voice1":[{"noteName":"","duration":2448,"voice":"1","rest":true,"staff":"1"}]},"staff2":{"voice5":[{"noteName":"","duration":2448,"voice":"5","rest":true,"staff":"2"}]}},{"staff1":{"voice1":[{"noteName":"","duration":1224,"voice":"1","rest":true,"type":"half","staff":"1"},{"noteName":"B4","duration":612,"voice":"1","type":"quarter","staff":"1"},{"noteName":"E5","duration":612,"voice":"1","chord":true,"type":"quarter","staff":"1"},{"noteName":"B4","duration":612,"voice":"1","type":"quarter","staff":"1"}]},"staff2":{"voice5":[{"noteName":"","duration":1224,"voice":"5","rest":true,"type":"half","staff":"2"},{"noteName":"G3","duration":612,"voice":"5","type":"quarter","staff":"2"},{"noteName":"B3","duration":612,"voice":"5","chord":true,"type":"quarter","staff":"2"},{"noteName":"E4","duration":612,"voice":"5","chord":true,"type":"quarter","staff":"2"},{"noteName":"G4","duration":612,"voice":"5","chord":true,"type":"quarter","staff":"2"},{"noteName":"B3","duration":612,"voice":"5","type":"quarter","staff":"2"},{"noteName":"E4","duration":612,"voice":"5","chord":true,"type":"quarter","staff":"2"},{"noteName":"G4","duration":612,"voice":"5","chord":true,"type":"quarter","staff":"2"}]}},{"staff1":{"voice1":[{"noteName":"","duration":2448,"voice":"1","rest":true,"staff":"1"}]},"staff2":{"voice5":[{"noteName":"","duration":2448,"voice":"5","rest":true,"staff":"2"}]}},{"staff1":{"voice1":[{"noteName":"","duration":612,"voice":"1","rest":true,"type":"quarter","staff":"1"},{"noteName":"","duration":306,"voice":"1","rest":true,"type":"eighth","staff":"1"},{"noteName":"","duration":153,"voice":"1","rest":true,"type":"16th","staff":"1"},{"noteName":"","duration":76.5,"voice":"1","rest":true,"type":"32nd","staff":"1"},{"noteName":"","duration":38.25,"voice":"1","rest":true,"type":"64th","staff":"1"},{"noteName":"","duration":19.125,"voice":"1","rest":true,"type":"128th","staff":"1"},{"noteName":"B4","duration":19.125,"voice":"1","type":"128th","staff":"1"},{"noteName":"C5","duration":612,"voice":"1","type":"quarter","staff":"1"},{"noteName":"E5","duration":612,"voice":"1","chord":true,"type":"quarter","staff":"1"},{"noteName":"A5","duration":612,"voice":"1","chord":true,"type":"quarter","staff":"1"},{"noteName":"E4","duration":612,"voice":"1","type":"quarter","staff":"1"},{"noteName":"E5","duration":612,"voice":"1","chord":true,"type":"quarter","staff":"1"}],"voice2":[{"noteName":"","duration":612,"voice":"2","rest":true,"type":"quarter","staff":"1"},{"noteName":"","duration":306,"voice":"2","rest":true,"type":"eighth","staff":"1"},{"noteName":"","duration":153,"voice":"2","rest":true,"type":"16th","staff":"1"},{"noteName":"","duration":76.5,"voice":"2","rest":true,"type":"32nd","staff":"1"},{"noteName":"","duration":19.125,"voice":"2","rest":true,"type":"128th","staff":"1"},{"noteName":"G4","duration":57.375,"voice":"2","type":"64th","dot":true,"staff":"1"},{"noteName":"","duration":1224,"voice":"2","rest":true,"type":"half","staff":"1"}],"voice3":[{"noteName":"","duration":612,"voice":"3","rest":true,"type":"quarter","staff":"1"},{"noteName":"","duration":306,"voice":"3","rest":true,"type":"eighth","staff":"1"},{"noteName":"","duration":153,"voice":"3","rest":true,"type":"16th","staff":"1"},{"noteName":"","duration":76.5,"voice":"3","rest":true,"type":"32nd","staff":"1"},{"noteName":"","duration":38.25,"voice":"3","rest":true,"type":"64th","staff":"1"},{"noteName":"G3","duration":38.25,"voice":"3","type":"64th","staff":"1"},{"noteName":"","duration":1224,"voice":"3","rest":true,"type":"half","staff":"1"}]},"staff2":{"voice5":[{"noteName":"","duration":612,"voice":"5","rest":true,"type":"quarter","staff":"2"},{"noteName":"","duration":306,"voice":"5","rest":true,"type":"eighth","staff":"2"},{"noteName":"","duration":153,"voice":"5","rest":true,"type":"16th","staff":"2"},{"noteName":"","duration":76.5,"voice":"5","rest":true,"type":"32nd","staff":"2"},{"noteName":"","duration":38.25,"voice":"5","rest":true,"type":"64th","staff":"2"},{"noteName":"","duration":19.125,"voice":"5","rest":true,"type":"128th","staff":"2"},{"noteName":"E4","duration":19.125,"voice":"5","type":"128th","staff":"2"},{"noteName":"C4","duration":612,"voice":"5","type":"quarter","staff":"2"},{"noteName":"E4","duration":612,"voice":"5","chord":true,"type":"quarter","staff":"2"},{"noteName":"A4","duration":612,"voice":"5","chord":true,"type":"quarter","staff":"2"},{"noteName":"C4","duration":612,"voice":"5","type":"quarter","staff":"2"},{"noteName":"A4","duration":612,"voice":"5","chord":true,"type":"quarter","staff":"2"},{"noteName":"C5","duration":612,"voice":"5","chord":true,"type":"quarter","staff":"2"}]}},{"staff1":{"voice1":[{"noteName":"","duration":2448,"voice":"1","rest":true,"staff":"1"}]},"staff2":{"voice5":[{"noteName":"","duration":2448,"voice":"5","rest":true,"staff":"2"}]}},{"staff1":{"voice1":[{"noteName":"","duration":2448,"voice":"1","rest":true,"staff":"1"}]},"staff2":{"voice5":[{"noteName":"","duration":2448,"voice":"5","rest":true,"staff":"2"}]}},{"staff1":{"voice1":[{"noteName":"","duration":2448,"voice":"1","rest":true,"staff":"1"}]},"staff2":{"voice5":[{"noteName":"","duration":2448,"voice":"5","rest":true,"staff":"2"}]}},{"staff1":{"voice1":[{"noteName":"","duration":2448,"voice":"1","rest":true,"staff":"1"}]},"staff2":{"voice5":[{"noteName":"","duration":2448,"voice":"5","rest":true,"staff":"2"}]}},{"staff1":{"voice1":[{"noteName":"","duration":612,"voice":"1","rest":true,"type":"quarter","staff":"1"},{"noteName":"","duration":306,"voice":"1","rest":true,"type":"eighth","staff":"1"},{"noteName":"","duration":153,"voice":"1","rest":true,"type":"16th","staff":"1"},{"noteName":"","duration":76.5,"voice":"1","rest":true,"type":"32nd","staff":"1"},{"noteName":"","duration":38.25,"voice":"1","rest":true,"type":"64th","staff":"1"},{"noteName":"","duration":19.125,"voice":"1","rest":true,"type":"128th","staff":"1"},{"noteName":"C5","duration":19.125,"voice":"1","type":"128th","staff":"1"},{"noteName":"G4","duration":612,"voice":"1","type":"quarter","staff":"1"},{"noteName":"","duration":612,"voice":"1","rest":true,"type":"quarter","staff":"1"}],"voice2":[{"noteName":"","duration":612,"voice":"2","rest":true,"type":"quarter","staff":"1"},{"noteName":"","duration":306,"voice":"2","rest":true,"type":"eighth","staff":"1"},{"noteName":"","duration":153,"voice":"2","rest":true,"type":"16th","staff":"1"},{"noteName":"","duration":76.5,"voice":"2","rest":true,"type":"32nd","staff":"1"},{"noteName":"","duration":38.25,"voice":"2","rest":true,"type":"64th","staff":"1"},{"noteName":"E4","duration":38.25,"voice":"2","type":"64th","staff":"1"},{"noteName":"","duration":1224,"voice":"2","rest":true,"type":"half","staff":"1"}]},"staff2":{"voice5":[{"noteName":"","duration":612,"voice":"5","rest":true,"type":"quarter","staff":"2"},{"noteName":"","duration":306,"voice":"5","rest":true,"type":"eighth","staff":"2"},{"noteName":"","duration":153,"voice":"5","rest":true,"type":"16th","staff":"2"},{"noteName":"","duration":76.5,"voice":"5","rest":true,"type":"32nd","staff":"2"},{"noteName":"","duration":38.25,"voice":"5","rest":true,"type":"64th","staff":"2"},{"noteName":"","duration":19.125,"voice":"5","rest":true,"type":"128th","staff":"2"},{"noteName":"C4","duration":19.125,"voice":"5","type":"128th","staff":"2"},{"noteName":"E3","duration":612,"voice":"5","type":"quarter","staff":"2"},{"noteName":"","duration":612,"voice":"5","rest":true,"type":"quarter","staff":"2"}]}}],"divisions":96}