{"musicName":"蒲公英的约定","partName":"Piano, Close Grand","partAbbr":"Pno.","perMinute":"90","beatUnit":"quarter","timeUnit":667,"NOTE_DURATION":{"256th":10,"128th":21,"64th":42,"32nd":83,"16th":167,"eighth":334,"quarter":667,"half":1334,"whole":2668,"breve":5336},"measures":[{"staff1":{"voice1":[{"noteName":"E4","duration":667,"voice":"1","type":"quarter","staff":"1"},{"noteName":"G4","duration":667,"voice":"1","type":"quarter","staff":"1"},{"noteName":"C5","duration":667,"voice":"1","type":"quarter","staff":"1"},{"noteName":"E5","duration":667,"voice":"1","type":"quarter","staff":"1"}]},"staff2":{"voice5":[{"noteName":"","duration":2668,"voice":"5","rest":true,"staff":"2"}]}},{"staff1":{"voice1":[{"noteName":"E5","duration":1334,"voice":"1","type":"half","staff":"1"},{"noteName":"D5","duration":1334,"voice":"1","type":"half","staff":"1"}]},"staff2":{"voice5":[{"noteName":"F3","duration":333.5,"voice":"5","type":"eighth","staff":"2"},{"noteName":"A3","duration":333.5,"voice":"5","type":"eighth","staff":"2"},{"noteName":"","duration":333.5,"voice":"5","rest":true,"type":"eighth","staff":"2"},{"noteName":"F5","duration":333.5,"voice":"5","type":"eighth","staff":"2"},{"noteName":"F3","duration":333.5,"voice":"5","type":"eighth","staff":"2"},{"noteName":"B3","duration":333.5,"voice":"5","type":"eighth","staff":"2"},{"noteName":"D4","duration":667,"voice":"5","type":"quarter","staff":"2"}],"voice6":[{"noteName":"","duration":667,"voice":"6","rest":true,"type":"quarter","staff":"2"},{"noteName":"C4","duration":667,"voice":"6","type":"quarter","staff":"2"},{"noteName":"","duration":1334,"voice":"6","rest":true,"type":"half","staff":"2"}]}},{"staff1":{"voice1":[{"noteName":"D5","duration":667,"voice":"1","type":"quarter","staff":"1"},{"noteName":"G5","duration":333.5,"voice":"1","type":"eighth","staff":"1"},{"noteName":"B4","duration":333.5,"voice":"1","type":"eighth","staff":"1"},{"noteName":"C5","duration":1334,"voice":"1","type":"half","staff":"1"}]},"staff2":{"voice5":[{"noteName":"E3","duration":333.5,"voice":"5","type":"eighth","staff":"2"},{"noteName":"G3","duration":333.5,"voice":"5","type":"eighth","staff":"2"},{"noteName":"B3","duration":667,"voice":"5","type":"quarter","staff":"2"},{"noteName":"E3","duration":333.5,"voice":"5","type":"eighth","staff":"2"},{"noteName":"A3","duration":333.5,"voice":"5","type":"eighth","staff":"2"},{"noteName":"C4","duration":667,"voice":"5","type":"quarter","staff":"2"}]}},{"staff1":{"voice1":[{"noteName":"","duration":1334,"voice":"1","rest":true,"type":"half","staff":"1"},{"noteName":"","duration":667,"voice":"1","rest":true,"type":"quarter","staff":"1"},{"noteName":"D5","duration":667,"voice":"1","type":"quarter","staff":"1"}],"voice2":[{"noteName":"E5","duration":333.5,"voice":"2","type":"eighth","staff":"1"},{"noteName":"F5","duration":333.5,"voice":"2","type":"eighth","staff":"1"},{"noteName":"G5","duration":333.5,"voice":"2","type":"eighth","staff":"1"},{"noteName":"C5","duration":333.5,"voice":"2","type":"eighth","staff":"1"},{"noteName":"C5","duration":667,"voice":"2","type":"quarter","staff":"1"},{"noteName":"","duration":333.5,"voice":"2","rest":true,"type":"eighth","staff":"1"},{"noteName":"G3","duration":333.5,"voice":"2","type":"eighth","staff":"1"}]},"staff2":{"voice5":[{"noteName":"D3","duration":333.5,"voice":"5","type":"eighth","staff":"2"},{"noteName":"F3","duration":333.5,"voice":"5","type":"eighth","staff":"2"},{"noteName":"A3","duration":667,"voice":"5","type":"quarter","staff":"2"},{"noteName":"D3","duration":333.5,"voice":"5","type":"eighth","staff":"2"},{"noteName":"G3","duration":333.5,"voice":"5","type":"eighth","staff":"2"},{"noteName":"B3","duration":667,"voice":"5","type":"quarter","staff":"2"}]}},{"staff1":{"voice1":[{"noteName":"E5","duration":1334,"voice":"1","type":"half","staff":"1"},{"noteName":"E4","duration":333.5,"voice":"1","type":"eighth","staff":"1"},{"noteName":"G4","duration":333.5,"voice":"1","type":"eighth","staff":"1"},{"noteName":"C5","duration":333.5,"voice":"1","type":"eighth","staff":"1"},{"noteName":"E5","duration":333.5,"voice":"1","type":"eighth","staff":"1"}]},"staff2":{"voice5":[{"noteName":"C3","duration":1334,"voice":"5","type":"half","staff":"2"},{"noteName":"G3","duration":1334,"voice":"5","chord":true,"type":"half","staff":"2"},{"noteName":"C4","duration":1334,"voice":"5","chord":true,"type":"half","staff":"2"},{"noteName":"A#3","duration":667,"voice":"5","alter":"-1","type":"quarter","staff":"2"},{"noteName":"F#3","duration":667,"voice":"5","alter":"1","type":"quarter","staff":"2"}]}},{"staff1":{"voice1":[{"noteName":"E5","duration":1334,"voice":"1","type":"half","staff":"1"},{"noteName":"D5","duration":1334,"voice":"1","type":"half","staff":"1"}]},"staff2":{"voice5":[{"noteName":"F3","duration":333.5,"voice":"5","type":"eighth","staff":"2"},{"noteName":"A3","duration":333.5,"voice":"5","type":"eighth","staff":"2"},{"noteName":"","duration":333.5,"voice":"5","rest":true,"type":"eighth","staff":"2"},{"noteName":"F5","duration":333.5,"voice":"5","type":"eighth","staff":"2"},{"noteName":"F3","duration":333.5,"voice":"5","type":"eighth","staff":"2"},{"noteName":"B3","duration":333.5,"voice":"5","type":"eighth","staff":"2"},{"noteName":"D4","duration":667,"voice":"5","type":"quarter","staff":"2"}],"voice6":[{"noteName":"","duration":667,"voice":"6","rest":true,"type":"quarter","staff":"2"},{"noteName":"C4","duration":667,"voice":"6","type":"quarter","staff":"2"},{"noteName":"","duration":1334,"voice":"6","rest":true,"type":"half","staff":"2"}]}},{"staff1":{"voice1":[{"noteName":"D5","duration":667,"voice":"1","type":"quarter","staff":"1"},{"noteName":"G5","duration":333.5,"voice":"1","type":"eighth","staff":"1"},{"noteName":"B4","duration":333.5,"voice":"1","type":"eighth","staff":"1"},{"noteName":"C5","duration":1334,"voice":"1","type":"half","staff":"1"}]},"staff2":{"voice5":[{"noteName":"E3","duration":333.5,"voice":"5","type":"eighth","staff":"2"},{"noteName":"G3","duration":333.5,"voice":"5","type":"eighth","staff":"2"},{"noteName":"B3","duration":667,"voice":"5","type":"quarter","staff":"2"},{"noteName":"E3","duration":333.5,"voice":"5","type":"eighth","staff":"2"},{"noteName":"A3","duration":333.5,"voice":"5","type":"eighth","staff":"2"},{"noteName":"C4","duration":667,"voice":"5","type":"quarter","staff":"2"}]}},{"staff1":{"voice1":[{"noteName":"E5","duration":333.5,"voice":"1","type":"eighth","staff":"1"},{"noteName":"F5","duration":333.5,"voice":"1","type":"eighth","staff":"1"},{"noteName":"G5","duration":333.5,"voice":"1","type":"eighth","staff":"1"},{"noteName":"C5","duration":333.5,"voice":"1","type":"eighth","staff":"1"},{"noteName":"C5","duration":667,"voice":"1","type":"quarter","staff":"1"},{"noteName":"D5","duration":667,"voice":"1","type":"quarter","staff":"1"}]},"staff2":{"voice5":[{"noteName":"D3","duration":333.5,"voice":"5","type":"eighth","staff":"2"},{"noteName":"E3","duration":333.5,"voice":"5","type":"eighth","staff":"2"},{"noteName":"G3","duration":333.5,"voice":"5","type":"eighth","staff":"2"},{"noteName":"E3","duration":333.5,"voice":"5","type":"eighth","staff":"2"},{"noteName":"D3","duration":333.5,"voice":"5","type":"eighth","staff":"2"},{"noteName":"G3","duration":333.5,"voice":"5","type":"eighth","staff":"2"},{"noteName":"B3","duration":333.5,"voice":"5","type":"eighth","staff":"2"},{"noteName":"G3","duration":333.5,"voice":"5","type":"eighth","staff":"2"}]}},{"staff1":{"voice1":[{"noteName":"F4","duration":667,"voice":"1","type":"quarter","staff":"1"},{"noteName":"A4","duration":667,"voice":"1","chord":true,"type":"quarter","staff":"1"},{"noteName":"C5","duration":667,"voice":"1","chord":true,"type":"quarter","staff":"1"},{"noteName":"F4","duration":667,"voice":"1","type":"quarter","staff":"1"},{"noteName":"","duration":333.5,"voice":"1","rest":true,"type":"eighth","staff":"1"},{"noteName":"E4","duration":333.5,"voice":"1","type":"eighth","staff":"1"},{"noteName":"F4","duration":667,"voice":"1","type":"quarter","staff":"1"}],"voice2":[{"noteName":"","duration":1334,"voice":"2","rest":true,"type":"half","staff":"1"},{"noteName":"C4","duration":1334,"voice":"2","type":"half","staff":"1"}],"voice3":[{"noteName":"","duration":1334,"voice":"3","rest":true,"type":"half","staff":"1"},{"noteName":"","duration":667,"voice":"3","rest":true,"type":"quarter","staff":"1"},{"noteName":"","duration":333.5,"voice":"3","rest":true,"type":"eighth","staff":"1"},{"noteName":"G4","duration":333.5,"voice":"3","tie":"start","type":"eighth","staff":"1"}]},"staff2":{"voice5":[{"noteName":"C4","duration":667,"voice":"5","type":"quarter","staff":"2"},{"noteName":"D4","duration":667,"voice":"5","type":"quarter","staff":"2"},{"noteName":"","duration":1334,"voice":"5","rest":true,"type":"half","staff":"2"}]}},{"staff1":{"voice1":[{"noteName":"","duration":333.5,"voice":"1","rest":true,"type":"eighth","staff":"1"},{"noteName":"G4","duration":333.5,"voice":"1","type":"eighth","staff":"1"},{"noteName":"G4","duration":667,"voice":"1","type":"quarter","staff":"1"},{"noteName":"","duration":333.5,"voice":"1","rest":true,"type":"eighth","staff":"1"},{"noteName":"A4","duration":333.5,"voice":"1","type":"eighth","staff":"1"},{"noteName":"B4","duration":667,"voice":"1","type":"quarter","staff":"1"}],"voice2":[{"noteName":"G3","duration":667,"voice":"2","type":"quarter","staff":"1"},{"noteName":"","duration":333.5,"voice":"2","rest":true,"type":"eighth","staff":"1"},{"noteName":"G4","duration":333.5,"voice":"2","tie":"start","type":"eighth","staff":"1"},{"noteName":"G4","duration":333.5,"voice":"2","tie":"stop","type":"eighth","staff":"1"},{"noteName":"","duration":333.5,"voice":"2","rest":true,"type":"eighth","staff":"1"},{"noteName":"","duration":333.5,"voice":"2","rest":true,"type":"eighth","staff":"1"},{"noteName":"C5","duration":333.5,"voice":"2","tie":"start","type":"eighth","staff":"1"}],"voice3":[{"noteName":"G4","duration":333.5,"voice":"3","tie":"stop","type":"eighth","staff":"1"},{"noteName":"","duration":333.5,"voice":"3","rest":true,"type":"eighth","staff":"1"},{"noteName":"","duration":667,"voice":"3","rest":true,"type":"quarter","staff":"1"},{"noteName":"G3","duration":667,"voice":"3","type":"quarter","staff":"1"},{"noteName":"","duration":667,"voice":"3","rest":true,"type":"quarter","staff":"1"}]},"staff2":{"voice5":[{"noteName":"C3","duration":667,"voice":"5","type":"quarter","staff":"2"},{"noteName":"E3","duration":667,"voice":"5","chord":true,"type":"quarter","staff":"2"},{"noteName":"C3","duration":667,"voice":"5","type":"quarter","staff":"2"},{"noteName":"E3","duration":667,"voice":"5","chord":true,"type":"quarter","staff":"2"},{"noteName":"G3","duration":667,"voice":"5","chord":true,"type":"quarter","staff":"2"},{"noteName":"B2","duration":667,"voice":"5","type":"quarter","staff":"2"},{"noteName":"E3","duration":667,"voice":"5","chord":true,"type":"quarter","staff":"2"},{"noteName":"E3","duration":667,"voice":"5","type":"quarter","staff":"2"},{"noteName":"G3","duration":667,"voice":"5","chord":true,"type":"quarter","staff":"2"},{"noteName":"B3","duration":667,"voice":"5","chord":true,"type":"quarter","staff":"2"}]}},{"staff1":{"voice1":[{"noteName":"E4","duration":667,"voice":"1","type":"quarter","staff":"1"},{"noteName":"E4","duration":667,"voice":"1","type":"quarter","staff":"1"},{"noteName":"C5","duration":333.5,"voice":"1","type":"eighth","staff":"1"},{"noteName":"B4","duration":333.5,"voice":"1","type":"eighth","staff":"1"},{"noteName":"D5","duration":667,"voice":"1","type":"quarter","staff":"1"}],"voice2":[{"noteName":"C5","duration":1334,"voice":"2","tie":"stop","type":"half","staff":"1"},{"noteName":"","duration":667,"voice":"2","rest":true,"type":"quarter","staff":"1"},{"noteName":"","duration":333.5,"voice":"2","rest":true,"type":"eighth","staff":"1"},{"noteName":"A4","duration":333.5,"voice":"2","tie":"start","type":"eighth","staff":"1"}]},"staff2":{"voice5":[{"noteName":"A3","duration":667,"voice":"5","type":"quarter","staff":"2"},{"noteName":"C4","duration":667,"voice":"5","chord":true,"type":"quarter","staff":"2"},{"noteName":"A3","duration":667,"voice":"5","type":"quarter","staff":"2"},{"noteName":"C4","duration":667,"voice":"5","chord":true,"type":"quarter","staff":"2"},{"noteName":"G3","duration":667,"voice":"5","type":"quarter","staff":"2"},{"noteName":"C4","duration":667,"voice":"5","chord":true,"type":"quarter","staff":"2"},{"noteName":"E4","duration":667,"voice":"5","chord":true,"type":"quarter","staff":"2"},{"noteName":"G3","duration":667,"voice":"5","type":"quarter","staff":"2"},{"noteName":"C4","duration":667,"voice":"5","chord":true,"type":"quarter","staff":"2"},{"noteName":"E4","duration":667,"voice":"5","chord":true,"type":"quarter","staff":"2"}]}},{"staff1":{"voice1":[{"noteName":"","duration":1334,"voice":"1","rest":true,"type":"half","staff":"1"},{"noteName":"","duration":333.5,"voice":"1","rest":true,"type":"eighth","staff":"1"},{"noteName":"C5","duration":333.5,"voice":"1","type":"eighth","staff":"1"},{"noteName":"E5","duration":667,"voice":"1","type":"quarter","staff":"1"}],"voice2":[{"noteName":"A4","duration":333.5,"voice":"2","tie":"stop","type":"eighth","staff":"1"},{"noteName":"G4","duration":667,"voice":"2","type":"quarter","staff":"1"},{"noteName":"D5","duration":333.5,"voice":"2","tie":"start","type":"eighth","staff":"1"},{"noteName":"D5","duration":333.5,"voice":"2","tie":"stop","type":"eighth","staff":"1"},{"noteName":"","duration":333.5,"voice":"2","rest":true,"type":"eighth","staff":"1"},{"noteName":"","duration":333.5,"voice":"2","rest":true,"type":"eighth","staff":"1"},{"noteName":"E5","duration":333.5,"voice":"2","tie":"start","type":"eighth","staff":"1"}],"voice3":[{"noteName":"C4","duration":667,"voice":"3","type":"quarter","staff":"1"},{"noteName":"C4","duration":667,"voice":"3","type":"quarter","staff":"1"},{"noteName":"D4","duration":667,"voice":"3","type":"quarter","staff":"1"},{"noteName":"","duration":667,"voice":"3","rest":true,"type":"quarter","staff":"1"}]},"staff2":{"voice5":[{"noteName":"F3","duration":667,"voice":"5","type":"quarter","staff":"2"},{"noteName":"A3","duration":667,"voice":"5","chord":true,"type":"quarter","staff":"2"},{"noteName":"F3","duration":667,"voice":"5","type":"quarter","staff":"2"},{"noteName":"A3","duration":667,"voice":"5","chord":true,"type":"quarter","staff":"2"},{"noteName":"G3","duration":667,"voice":"5","type":"quarter","staff":"2"},{"noteName":"B3","duration":667,"voice":"5","chord":true,"type":"quarter","staff":"2"},{"noteName":"G3","duration":667,"voice":"5","type":"quarter","staff":"2"},{"noteName":"B3","duration":667,"voice":"5","chord":true,"type":"quarter","staff":"2"},{"noteName":"D4","duration":667,"voice":"5","chord":true,"type":"quarter","staff":"2"}]}},{"staff1":{"voice1":[{"noteName":"G3","duration":667,"voice":"1","type":"quarter","staff":"1"},{"noteName":"C4","duration":667,"voice":"1","type":"quarter","staff":"1"},{"noteName":"C5","duration":333.5,"voice":"1","type":"eighth","staff":"1"},{"noteName":"D5","duration":333.5,"voice":"1","type":"eighth","staff":"1"},{"noteName":"E5","duration":667,"voice":"1","type":"quarter","staff":"1"}],"voice2":[{"noteName":"E5","duration":1334,"voice":"2","tie":"stop","type":"half","staff":"1"},{"noteName":"","duration":667,"voice":"2","rest":true,"type":"quarter","staff":"1"},{"noteName":"","duration":333.5,"voice":"2","rest":true,"type":"eighth","staff":"1"},{"noteName":"E5","duration":333.5,"voice":"2","tie":"start","type":"eighth","staff":"1"}]},"staff2":{"voice5":[{"noteName":"C3","duration":667,"voice":"5","type":"quarter","staff":"2"},{"noteName":"G3","duration":667,"voice":"5","type":"quarter","staff":"2"},{"noteName":"G3","duration":667,"voice":"5","type":"quarter","staff":"2"},{"noteName":"C4","duration":667,"voice":"5","chord":true,"type":"quarter","staff":"2"},{"noteName":"E4","duration":667,"voice":"5","chord":true,"type":"quarter","staff":"2"},{"noteName":"G3","duration":667,"voice":"5","type":"quarter","staff":"2"},{"noteName":"C4","duration":667,"voice":"5","chord":true,"type":"quarter","staff":"2"},{"noteName":"E4","duration":667,"voice":"5","chord":true,"type":"quarter","staff":"2"}]}},{"staff1":{"voice1":[{"noteName":"","duration":333.5,"voice":"1","rest":true,"type":"eighth","staff":"1"},{"noteName":"E5","duration":333.5,"voice":"1","type":"eighth","staff":"1"},{"noteName":"F5","duration":333.5,"voice":"1","type":"eighth","staff":"1"},{"noteName":"E5","duration":333.5,"voice":"1","type":"eighth","staff":"1"},{"noteName":"E5","duration":333.5,"voice":"1","type":"eighth","staff":"1"},{"noteName":"D5","duration":333.5,"voice":"1","type":"eighth","staff":"1"},{"noteName":"E5","duration":667,"voice":"1","type":"quarter","staff":"1"}],"voice2":[{"noteName":"E5","duration":333.5,"voice":"2","tie":"stop","type":"eighth","staff":"1"},{"noteName":"","duration":333.5,"voice":"2","rest":true,"type":"eighth","staff":"1"},{"noteName":"","duration":667,"voice":"2","rest":true,"type":"quarter","staff":"1"},{"noteName":"","duration":1334,"voice":"2","rest":true,"type":"half","staff":"1"}],"voice3":[{"noteName":"A4","duration":667,"voice":"3","type":"quarter","staff":"1"},{"noteName":"","duration":667,"voice":"3","rest":true,"type":"quarter","staff":"1"},{"noteName":"","duration":667,"voice":"3","rest":true,"type":"quarter","staff":"1"},{"noteName":"","duration":333.5,"voice":"3","rest":true,"type":"eighth","staff":"1"},{"noteName":"C5","duration":333.5,"voice":"3","tie":"start","type":"eighth","staff":"1"}]},"staff2":{"voice5":[{"noteName":"B3","duration":667,"voice":"5","type":"quarter","staff":"2"},{"noteName":"D4","duration":667,"voice":"5","chord":true,"type":"quarter","staff":"2"},{"noteName":"B3","duration":667,"voice":"5","type":"quarter","staff":"2"},{"noteName":"D4","duration":667,"voice":"5","chord":true,"type":"quarter","staff":"2"},{"noteName":"A4","duration":667,"voice":"5","chord":true,"type":"quarter","staff":"2"},{"noteName":"B3","duration":667,"voice":"5","type":"quarter","staff":"2"},{"noteName":"E4","duration":667,"voice":"5","chord":true,"type":"quarter","staff":"2"},{"noteName":"G#4","duration":667,"voice":"5","alter":"1","chord":true,"type":"quarter","staff":"2"},{"noteName":"B3","duration":667,"voice":"5","type":"quarter","staff":"2"},{"noteName":"E4","duration":667,"voice":"5","chord":true,"type":"quarter","staff":"2"},{"noteName":"G#4","duration":667,"voice":"5","alter":"1","chord":true,"type":"quarter","staff":"2"}]}},{"staff1":{"voice1":[{"noteName":"E4","duration":667,"voice":"1","type":"quarter","staff":"1"},{"noteName":"E4","duration":667,"voice":"1","type":"quarter","staff":"1"},{"noteName":"A4","duration":333.5,"voice":"1","type":"eighth","staff":"1"},{"noteName":"B4","duration":333.5,"voice":"1","type":"eighth","staff":"1"},{"noteName":"C5","duration":667,"voice":"1","type":"quarter","staff":"1"}],"voice2":[{"noteName":"","duration":1334,"voice":"2","rest":true,"type":"half","staff":"1"},{"noteName":"","duration":667,"voice":"2","rest":true,"type":"quarter","staff":"1"},{"noteName":"","duration":333.5,"voice":"2","rest":true,"type":"eighth","staff":"1"},{"noteName":"D5","duration":333.5,"voice":"2","tie":"start","type":"eighth","staff":"1"}],"voice3":[{"noteName":"C5","duration":1334,"voice":"3","tie":"stop","type":"half","staff":"1"},{"noteName":"","duration":1334,"voice":"3","rest":true,"type":"half","staff":"1"}]},"staff2":{"voice5":[{"noteName":"A3","duration":667,"voice":"5","type":"quarter","staff":"2"},{"noteName":"C4","duration":667,"voice":"5","chord":true,"type":"quarter","staff":"2"},{"noteName":"A3","duration":667,"voice":"5","type":"quarter","staff":"2"},{"noteName":"C4","duration":667,"voice":"5","chord":true,"type":"quarter","staff":"2"},{"noteName":"G3","duration":667,"voice":"5","type":"quarter","staff":"2"},{"noteName":"C4","duration":667,"voice":"5","chord":true,"type":"quarter","staff":"2"},{"noteName":"E4","duration":667,"voice":"5","chord":true,"type":"quarter","staff":"2"},{"noteName":"G3","duration":667,"voice":"5","type":"quarter","staff":"2"},{"noteName":"C4","duration":667,"voice":"5","chord":true,"type":"quarter","staff":"2"},{"noteName":"E4","duration":667,"voice":"5","chord":true,"type":"quarter","staff":"2"}]}},{"staff1":{"voice1":[{"noteName":"","duration":333.5,"voice":"1","rest":true,"type":"eighth","staff":"1"},{"noteName":"C5","duration":333.5,"voice":"1","type":"eighth","staff":"1"},{"noteName":"C5","duration":667,"voice":"1","type":"quarter","staff":"1"},{"noteName":"","duration":333.5,"voice":"1","rest":true,"type":"eighth","staff":"1"},{"noteName":"E5","duration":333.5,"voice":"1","type":"eighth","staff":"1"},{"noteName":"E5","duration":667,"voice":"1","type":"quarter","staff":"1"}],"voice2":[{"noteName":"D5","duration":333.5,"voice":"2","tie":"stop","type":"eighth","staff":"1"},{"noteName":"","duration":333.5,"voice":"2","rest":true,"type":"eighth","staff":"1"},{"noteName":"","duration":333.5,"voice":"2","rest":true,"type":"eighth","staff":"1"},{"noteName":"A4","duration":333.5,"voice":"2","tie":"start","type":"eighth","staff":"1"},{"noteName":"A4","duration":333.5,"voice":"2","tie":"stop","type":"eighth","staff":"1"},{"noteName":"","duration":333.5,"voice":"2","rest":true,"type":"eighth","staff":"1"},{"noteName":"","duration":333.5,"voice":"2","rest":true,"type":"eighth","staff":"1"},{"noteName":"D5","duration":333.5,"voice":"2","tie":"start","type":"eighth","staff":"1"}],"voice3":[{"noteName":"C4","duration":667,"voice":"3","type":"quarter","staff":"1"},{"noteName":"","duration":667,"voice":"3","rest":true,"type":"quarter","staff":"1"},{"noteName":"C4","duration":667,"voice":"3","type":"quarter","staff":"1"},{"noteName":"","duration":667,"voice":"3","rest":true,"type":"quarter","staff":"1"}]},"staff2":{"voice5":[{"noteName":"D3","duration":667,"voice":"5","type":"quarter","staff":"2"},{"noteName":"F3","duration":667,"voice":"5","chord":true,"type":"quarter","staff":"2"},{"noteName":"D3","duration":667,"voice":"5","type":"quarter","staff":"2"},{"noteName":"F3","duration":667,"voice":"5","chord":true,"type":"quarter","staff":"2"},{"noteName":"C4","duration":667,"voice":"5","chord":true,"type":"quarter","staff":"2"},{"noteName":"D3","duration":667,"voice":"5","type":"quarter","staff":"2"},{"noteName":"F3","duration":667,"voice":"5","chord":true,"type":"quarter","staff":"2"},{"noteName":"D3","duration":667,"voice":"5","type":"quarter","staff":"2"},{"noteName":"F3","duration":667,"voice":"5","chord":true,"type":"quarter","staff":"2"},{"noteName":"C4","duration":667,"voice":"5","chord":true,"type":"quarter","staff":"2"}]}},{"staff1":{"voice1":[{"noteName":"C4","duration":667,"voice":"1","type":"quarter","staff":"1"},{"noteName":"C4","duration":667,"voice":"1","type":"quarter","staff":"1"},{"noteName":"","duration":333.5,"voice":"1","rest":true,"type":"eighth","staff":"1"},{"noteName":"E4","duration":333.5,"voice":"1","type":"eighth","staff":"1"},{"noteName":"F4","duration":667,"voice":"1","type":"quarter","staff":"1"}],"voice2":[{"noteName":"D5","duration":1334,"voice":"2","tie":"stop","type":"half","staff":"1"},{"noteName":"D4","duration":1334,"voice":"2","type":"half","staff":"1"}],"voice3":[{"noteName":"","duration":1334,"voice":"3","rest":true,"type":"half","staff":"1"},{"noteName":"","duration":667,"voice":"3","rest":true,"type":"quarter","staff":"1"},{"noteName":"","duration":333.5,"voice":"3","rest":true,"type":"eighth","staff":"1"},{"noteName":"G4","duration":333.5,"voice":"3","tie":"start","type":"eighth","staff":"1"}]},"staff2":{"voice5":[{"noteName":"G3","duration":667,"voice":"5","type":"quarter","staff":"2"},{"noteName":"G3","duration":667,"voice":"5","type":"quarter","staff":"2"},{"noteName":"G3","duration":1334,"voice":"5","type":"half","staff":"2"},{"noteName":"B3","duration":1334,"voice":"5","chord":true,"type":"half","staff":"2"}]}},{"staff1":{"voice1":[{"noteName":"","duration":333.5,"voice":"1","rest":true,"type":"eighth","staff":"1"},{"noteName":"G4","duration":333.5,"voice":"1","type":"eighth","staff":"1"},{"noteName":"G4","duration":667,"voice":"1","type":"quarter","staff":"1"},{"noteName":"","duration":333.5,"voice":"1","rest":true,"type":"eighth","staff":"1"},{"noteName":"A4","duration":333.5,"voice":"1","type":"eighth","staff":"1"},{"noteName":"B4","duration":333.5,"voice":"1","type":"eighth","staff":"1"},{"noteName":"G4","duration":333.5,"voice":"1","type":"eighth","staff":"1"}],"voice2":[{"noteName":"F4","duration":667,"voice":"2","type":"quarter","staff":"1"},{"noteName":"F4","duration":667,"voice":"2","type":"quarter","staff":"1"},{"noteName":"G3","duration":667,"voice":"2","type":"quarter","staff":"1"},{"noteName":"","duration":667,"voice":"2","rest":true,"type":"quarter","staff":"1"}],"voice3":[{"noteName":"G4","duration":333.5,"voice":"3","tie":"stop","type":"eighth","staff":"1"},{"noteName":"","duration":333.5,"voice":"3","rest":true,"type":"eighth","staff":"1"},{"noteName":"","duration":333.5,"voice":"3","rest":true,"type":"eighth","staff":"1"},{"noteName":"G4","duration":333.5,"voice":"3","tie":"start","type":"eighth","staff":"1"},{"noteName":"G4","duration":333.5,"voice":"3","tie":"stop","type":"eighth","staff":"1"},{"noteName":"","duration":333.5,"voice":"3","rest":true,"type":"eighth","staff":"1"},{"noteName":"","duration":667,"voice":"3","rest":true,"type":"quarter","staff":"1"}]},"staff2":{"voice5":[{"noteName":"C3","duration":667,"voice":"5","type":"quarter","staff":"2"},{"noteName":"E3","duration":667,"voice":"5","chord":true,"type":"quarter","staff":"2"},{"noteName":"G3","duration":667,"voice":"5","chord":true,"type":"quarter","staff":"2"},{"noteName":"C3","duration":667,"voice":"5","type":"quarter","staff":"2"},{"noteName":"E3","duration":667,"voice":"5","chord":true,"type":"quarter","staff":"2"},{"noteName":"G3","duration":667,"voice":"5","chord":true,"type":"quarter","staff":"2"},{"noteName":"B2","duration":667,"voice":"5","type":"quarter","staff":"2"},{"noteName":"E3","duration":667,"voice":"5","chord":true,"type":"quarter","staff":"2"},{"noteName":"E3","duration":667,"voice":"5","type":"quarter","staff":"2"},{"noteName":"G3","duration":667,"voice":"5","chord":true,"type":"quarter","staff":"2"},{"noteName":"B3","duration":667,"voice":"5","chord":true,"type":"quarter","staff":"2"}]}},{"staff1":{"voice1":[{"noteName":"","duration":333.5,"voice":"1","rest":true,"type":"eighth","staff":"1"},{"noteName":"C5","duration":1000.5,"voice":"1","type":"quarter","dot":true,"staff":"1"},{"noteName":"","duration":667,"voice":"1","rest":true,"type":"quarter","staff":"1"},{"noteName":"","duration":333.5,"voice":"1","rest":true,"type":"eighth","staff":"1"},{"noteName":"A4","duration":333.5,"voice":"1","tie":"start","type":"eighth","staff":"1"}],"voice2":[{"noteName":"D5","duration":667,"voice":"2","type":"quarter","staff":"1"},{"noteName":"C4","duration":667,"voice":"2","type":"quarter","staff":"1"},{"noteName":"C5","duration":333.5,"voice":"2","type":"eighth","staff":"1"},{"noteName":"B4","duration":333.5,"voice":"2","type":"eighth","staff":"1"},{"noteName":"D5","duration":667,"voice":"2","type":"quarter","staff":"1"}]},"staff2":{"voice5":[{"noteName":"A3","duration":667,"voice":"5","type":"quarter","staff":"2"},{"noteName":"C4","duration":667,"voice":"5","chord":true,"type":"quarter","staff":"2"},{"noteName":"A3","duration":667,"voice":"5","type":"quarter","staff":"2"},{"noteName":"G3","duration":667,"voice":"5","type":"quarter","staff":"2"},{"noteName":"C4","duration":667,"voice":"5","chord":true,"type":"quarter","staff":"2"},{"noteName":"G3","duration":667,"voice":"5","type":"quarter","staff":"2"},{"noteName":"C4","duration":667,"voice":"5","chord":true,"type":"quarter","staff":"2"}]}},{"staff1":{"voice1":[{"noteName":"A4","duration":333.5,"voice":"1","tie":"stop","type":"eighth","staff":"1"},{"noteName":"","duration":333.5,"voice":"1","rest":true,"type":"eighth","staff":"1"},{"noteName":"","duration":333.5,"voice":"1","rest":true,"type":"eighth","staff":"1"},{"noteName":"D5","duration":333.5,"voice":"1","tie":"start","type":"eighth","staff":"1"},{"noteName":"D5","duration":333.5,"voice":"1","tie":"stop","type":"eighth","staff":"1"},{"noteName":"","duration":333.5,"voice":"1","rest":true,"type":"eighth","staff":"1"},{"noteName":"","duration":333.5,"voice":"1","rest":true,"type":"eighth","staff":"1"},{"noteName":"E5","duration":333.5,"voice":"1","tie":"start","type":"eighth","staff":"1"}],"voice2":[{"noteName":"","duration":333.5,"voice":"2","rest":true,"type":"eighth","staff":"1"},{"noteName":"G4","duration":333.5,"voice":"2","type":"eighth","staff":"1"},{"noteName":"G4","duration":667,"voice":"2","type":"quarter","staff":"1"},{"noteName":"","duration":333.5,"voice":"2","rest":true,"type":"eighth","staff":"1"},{"noteName":"C5","duration":333.5,"voice":"2","type":"eighth","staff":"1"},{"noteName":"E5","duration":667,"voice":"2","type":"quarter","staff":"1"}],"voice3":[{"noteName":"E4","duration":667,"voice":"3","type":"quarter","staff":"1"},{"noteName":"","duration":667,"voice":"3","rest":true,"type":"quarter","staff":"1"},{"noteName":"E4","duration":667,"voice":"3","type":"quarter","staff":"1"},{"noteName":"","duration":667,"voice":"3","rest":true,"type":"quarter","staff":"1"}]},"staff2":{"voice5":[{"noteName":"F3","duration":667,"voice":"5","type":"quarter","staff":"2"},{"noteName":"A3","duration":667,"voice":"5","chord":true,"type":"quarter","staff":"2"},{"noteName":"C4","duration":667,"voice":"5","chord":true,"type":"quarter","staff":"2"},{"noteName":"F3","duration":667,"voice":"5","type":"quarter","staff":"2"},{"noteName":"A3","duration":667,"voice":"5","chord":true,"type":"quarter","staff":"2"},{"noteName":"C4","duration":667,"voice":"5","chord":true,"type":"quarter","staff":"2"},{"noteName":"E4","duration":667,"voice":"5","chord":true,"type":"quarter","staff":"2"},{"noteName":"G3","duration":667,"voice":"5","type":"quarter","staff":"2"},{"noteName":"B3","duration":667,"voice":"5","chord":true,"type":"quarter","staff":"2"},{"noteName":"D4","duration":667,"voice":"5","chord":true,"type":"quarter","staff":"2"},{"noteName":"G3","duration":667,"voice":"5","type":"quarter","staff":"2"},{"noteName":"B3","duration":667,"voice":"5","chord":true,"type":"quarter","staff":"2"},{"noteName":"D4","duration":667,"voice":"5","chord":true,"type":"quarter","staff":"2"},{"noteName":"E4","duration":667,"voice":"5","chord":true,"type":"quarter","staff":"2"}]}},{"staff1":{"voice1":[{"noteName":"E5","duration":1334,"voice":"1","tie":"stop","type":"half","staff":"1"},{"noteName":"","duration":667,"voice":"1","rest":true,"type":"quarter","staff":"1"},{"noteName":"","duration":333.5,"voice":"1","rest":true,"type":"eighth","staff":"1"},{"noteName":"E5","duration":333.5,"voice":"1","tie":"start","type":"eighth","staff":"1"}],"voice2":[{"noteName":"G3","duration":667,"voice":"2","type":"quarter","staff":"1"},{"noteName":"C4","duration":667,"voice":"2","type":"quarter","staff":"1"},{"noteName":"C5","duration":333.5,"voice":"2","type":"eighth","staff":"1"},{"noteName":"D5","duration":333.5,"voice":"2","type":"eighth","staff":"1"},{"noteName":"E5","duration":667,"voice":"2","type":"quarter","staff":"1"}]},"staff2":{"voice5":[{"noteName":"C3","duration":667,"voice":"5","type":"quarter","staff":"2"},{"noteName":"G3","duration":667,"voice":"5","type":"quarter","staff":"2"},{"noteName":"G3","duration":667,"voice":"5","type":"quarter","staff":"2"},{"noteName":"C4","duration":667,"voice":"5","chord":true,"type":"quarter","staff":"2"},{"noteName":"E4","duration":667,"voice":"5","chord":true,"type":"quarter","staff":"2"},{"noteName":"G3","duration":667,"voice":"5","type":"quarter","staff":"2"},{"noteName":"C4","duration":667,"voice":"5","chord":true,"type":"quarter","staff":"2"},{"noteName":"E4","duration":667,"voice":"5","chord":true,"type":"quarter","staff":"2"}]}},{"staff1":{"voice1":[{"noteName":"E5","duration":333.5,"voice":"1","tie":"stop","type":"eighth","staff":"1"},{"noteName":"","duration":333.5,"voice":"1","rest":true,"type":"eighth","staff":"1"},{"noteName":"","duration":333.5,"voice":"1","rest":true,"type":"eighth","staff":"1"},{"noteName":"E5","duration":333.5,"voice":"1","tie":"start","type":"eighth","staff":"1"},{"noteName":"E5","duration":333.5,"voice":"1","tie":"stop","type":"eighth","staff":"1"},{"noteName":"","duration":333.5,"voice":"1","rest":true,"type":"eighth","staff":"1"},{"noteName":"","duration":333.5,"voice":"1","rest":true,"type":"eighth","staff":"1"},{"noteName":"C5","duration":333.5,"voice":"1","tie":"start","type":"eighth","staff":"1"}],"voice2":[{"noteName":"","duration":333.5,"voice":"2","rest":true,"type":"eighth","staff":"1"},{"noteName":"E5","duration":333.5,"voice":"2","type":"eighth","staff":"1"},{"noteName":"F5","duration":667,"voice":"2","type":"quarter","staff":"1"},{"noteName":"","duration":333.5,"voice":"2","rest":true,"type":"eighth","staff":"1"},{"noteName":"D5","duration":333.5,"voice":"2","type":"eighth","staff":"1"},{"noteName":"E5","duration":667,"voice":"2","type":"quarter","staff":"1"}],"voice3":[{"noteName":"A4","duration":667,"voice":"3","type":"quarter","staff":"1"},{"noteName":"","duration":667,"voice":"3","rest":true,"type":"quarter","staff":"1"},{"noteName":"G#4","duration":667,"voice":"3","alter":"1","type":"quarter","staff":"1"},{"noteName":"","duration":667,"voice":"3","rest":true,"type":"quarter","staff":"1"}]},"staff2":{"voice5":[{"noteName":"B3","duration":667,"voice":"5","type":"quarter","staff":"2"},{"noteName":"D4","duration":667,"voice":"5","chord":true,"type":"quarter","staff":"2"},{"noteName":"B3","duration":667,"voice":"5","type":"quarter","staff":"2"},{"noteName":"D4","duration":667,"voice":"5","chord":true,"type":"quarter","staff":"2"},{"noteName":"A4","duration":667,"voice":"5","chord":true,"type":"quarter","staff":"2"},{"noteName":"B3","duration":667,"voice":"5","type":"quarter","staff":"2"},{"noteName":"E4","duration":667,"voice":"5","chord":true,"type":"quarter","staff":"2"},{"noteName":"B3","duration":667,"voice":"5","type":"quarter","staff":"2"},{"noteName":"E4","duration":667,"voice":"5","chord":true,"type":"quarter","staff":"2"},{"noteName":"G#4","duration":667,"voice":"5","alter":"1","chord":true,"type":"quarter","staff":"2"}]}},{"staff1":{"voice1":[{"noteName":"C5","duration":1334,"voice":"1","tie":"stop","type":"half","staff":"1"},{"noteName":"","duration":667,"voice":"1","rest":true,"type":"quarter","staff":"1"},{"noteName":"","duration":333.5,"voice":"1","rest":true,"type":"eighth","staff":"1"},{"noteName":"D5","duration":333.5,"voice":"1","tie":"start","type":"eighth","staff":"1"}],"voice2":[{"noteName":"E4","duration":667,"voice":"2","type":"quarter","staff":"1"},{"noteName":"E4","duration":667,"voice":"2","type":"quarter","staff":"1"},{"noteName":"A4","duration":333.5,"voice":"2","type":"eighth","staff":"1"},{"noteName":"B4","duration":333.5,"voice":"2","type":"eighth","staff":"1"},{"noteName":"C5","duration":667,"voice":"2","type":"quarter","staff":"1"}]},"staff2":{"voice5":[{"noteName":"A3","duration":667,"voice":"5","type":"quarter","staff":"2"},{"noteName":"C4","duration":667,"voice":"5","chord":true,"type":"quarter","staff":"2"},{"noteName":"A3","duration":667,"voice":"5","type":"quarter","staff":"2"},{"noteName":"C4","duration":667,"voice":"5","chord":true,"type":"quarter","staff":"2"},{"noteName":"G3","duration":667,"voice":"5","type":"quarter","staff":"2"},{"noteName":"C4","duration":667,"voice":"5","chord":true,"type":"quarter","staff":"2"},{"noteName":"E4","duration":667,"voice":"5","chord":true,"type":"quarter","staff":"2"},{"noteName":"G3","duration":667,"voice":"5","type":"quarter","staff":"2"},{"noteName":"C4","duration":667,"voice":"5","chord":true,"type":"quarter","staff":"2"},{"noteName":"E4","duration":667,"voice":"5","chord":true,"type":"quarter","staff":"2"}]}},{"staff1":{"voice1":[{"noteName":"D5","duration":333.5,"voice":"1","tie":"stop","type":"eighth","staff":"1"},{"noteName":"","duration":333.5,"voice":"1","rest":true,"type":"eighth","staff":"1"},{"noteName":"","duration":667,"voice":"1","rest":true,"type":"quarter","staff":"1"},{"noteName":"","duration":667,"voice":"1","rest":true,"type":"quarter","staff":"1"},{"noteName":"","duration":333.5,"voice":"1","rest":true,"type":"eighth","staff":"1"},{"noteName":"D5","duration":333.5,"voice":"1","tie":"start","type":"eighth","staff":"1"}],"voice2":[{"noteName":"","duration":333.5,"voice":"2","rest":true,"type":"eighth","staff":"1"},{"noteName":"C5","duration":333.5,"voice":"2","type":"eighth","staff":"1"},{"noteName":"C5","duration":333.5,"voice":"2","type":"eighth","staff":"1"},{"noteName":"A4","duration":333.5,"voice":"2","type":"eighth","staff":"1"},{"noteName":"A4","duration":333.5,"voice":"2","type":"eighth","staff":"1"},{"noteName":"E5","duration":333.5,"voice":"2","type":"eighth","staff":"1"},{"noteName":"E5","duration":667,"voice":"2","type":"quarter","staff":"1"}],"voice3":[{"noteName":"C4","duration":667,"voice":"3","type":"quarter","staff":"1"},{"noteName":"","duration":667,"voice":"3","rest":true,"type":"quarter","staff":"1"},{"noteName":"","duration":1334,"voice":"3","rest":true,"type":"half","staff":"1"}]},"staff2":{"voice5":[{"noteName":"D3","duration":667,"voice":"5","type":"quarter","staff":"2"},{"noteName":"F3","duration":667,"voice":"5","chord":true,"type":"quarter","staff":"2"},{"noteName":"D3","duration":667,"voice":"5","type":"quarter","staff":"2"},{"noteName":"F3","duration":667,"voice":"5","chord":true,"type":"quarter","staff":"2"},{"noteName":"C4","duration":667,"voice":"5","chord":true,"type":"quarter","staff":"2"},{"noteName":"D3","duration":667,"voice":"5","type":"quarter","staff":"2"},{"noteName":"F3","duration":667,"voice":"5","chord":true,"type":"quarter","staff":"2"},{"noteName":"C4","duration":667,"voice":"5","chord":true,"type":"quarter","staff":"2"},{"noteName":"D3","duration":667,"voice":"5","type":"quarter","staff":"2"},{"noteName":"F3","duration":667,"voice":"5","chord":true,"type":"quarter","staff":"2"},{"noteName":"C4","duration":667,"voice":"5","chord":true,"type":"quarter","staff":"2"}]}},{"staff1":{"voice1":[{"noteName":"D5","duration":1334,"voice":"1","tie":"stop","type":"half","staff":"1"},{"noteName":"","duration":1334,"voice":"1","rest":true,"type":"half","staff":"1"}],"voice2":[{"noteName":"F4","duration":1334,"voice":"2","type":"half","staff":"1"},{"noteName":"E4","duration":333.5,"voice":"2","type":"eighth","staff":"1"},{"noteName":"G4","duration":333.5,"voice":"2","type":"eighth","staff":"1"},{"noteName":"C5","duration":333.5,"voice":"2","type":"eighth","staff":"1"},{"noteName":"E5","duration":333.5,"voice":"2","type":"eighth","staff":"1"}]},"staff2":{"voice5":[{"noteName":"G3","duration":1334,"voice":"5","type":"half","staff":"2"},{"noteName":"C4","duration":1334,"voice":"5","chord":true,"type":"half","staff":"2"},{"noteName":"G3","duration":1334,"voice":"5","type":"half","staff":"2"},{"noteName":"B3","duration":1334,"voice":"5","chord":true,"type":"half","staff":"2"},{"noteName":"D4","duration":1334,"voice":"5","chord":true,"type":"half","staff":"2"}]}},{"staff1":{"voice1":[{"noteName":"E5","duration":1000.5,"voice":"1","type":"quarter","dot":true,"staff":"1"},{"noteName":"F5","duration":333.5,"voice":"1","type":"eighth","staff":"1"},{"noteName":"E5","duration":1334,"voice":"1","type":"half","staff":"1"}]},"staff2":{"voice5":[{"noteName":"F3","duration":333.5,"voice":"5","type":"eighth","staff":"2"},{"noteName":"A3","duration":333.5,"voice":"5","type":"eighth","staff":"2"},{"noteName":"C4","duration":333.5,"voice":"5","type":"eighth","staff":"2"},{"noteName":"A3","duration":333.5,"voice":"5","type":"eighth","staff":"2"},{"noteName":"F3","duration":333.5,"voice":"5","type":"eighth","staff":"2"},{"noteName":"B3","duration":333.5,"voice":"5","type":"eighth","staff":"2"},{"noteName":"D4","duration":333.5,"voice":"5","type":"eighth","staff":"2"},{"noteName":"B3","duration":333.5,"voice":"5","type":"eighth","staff":"2"}]}},{"staff1":{"voice1":[{"noteName":"D5","duration":667,"voice":"1","type":"quarter","staff":"1"},{"noteName":"G5","duration":333.5,"voice":"1","type":"eighth","staff":"1"},{"noteName":"B4","duration":333.5,"voice":"1","type":"eighth","staff":"1"},{"noteName":"C5","duration":1334,"voice":"1","type":"half","staff":"1"}]},"staff2":{"voice5":[{"noteName":"E3","duration":333.5,"voice":"5","type":"eighth","staff":"2"},{"noteName":"G3","duration":333.5,"voice":"5","type":"eighth","staff":"2"},{"noteName":"B3","duration":333.5,"voice":"5","type":"eighth","staff":"2"},{"noteName":"G3","duration":333.5,"voice":"5","type":"eighth","staff":"2"},{"noteName":"E3","duration":333.5,"voice":"5","type":"eighth","staff":"2"},{"noteName":"A3","duration":333.5,"voice":"5","type":"eighth","staff":"2"},{"noteName":"C4","duration":333.5,"voice":"5","type":"eighth","staff":"2"},{"noteName":"A3","duration":333.5,"voice":"5","type":"eighth","staff":"2"}]}},{"staff1":{"voice1":[{"noteName":"E5","duration":333.5,"voice":"1","type":"eighth","staff":"1"},{"noteName":"F5","duration":333.5,"voice":"1","type":"eighth","staff":"1"},{"noteName":"G5","duration":333.5,"voice":"1","type":"eighth","staff":"1"},{"noteName":"C5","duration":333.5,"voice":"1","type":"eighth","staff":"1"},{"noteName":"C5","duration":667,"voice":"1","type":"quarter","staff":"1"},{"noteName":"D5","duration":667,"voice":"1","type":"quarter","staff":"1"}]},"staff2":{"voice5":[{"noteName":"D3","duration":333.5,"voice":"5","type":"eighth","staff":"2"},{"noteName":"F3","duration":333.5,"voice":"5","type":"eighth","staff":"2"},{"noteName":"A3","duration":333.5,"voice":"5","type":"eighth","staff":"2"},{"noteName":"F3","duration":333.5,"voice":"5","type":"eighth","staff":"2"},{"noteName":"D3","duration":333.5,"voice":"5","type":"eighth","staff":"2"},{"noteName":"G3","duration":333.5,"voice":"5","type":"eighth","staff":"2"},{"noteName":"B3","duration":333.5,"voice":"5","type":"eighth","staff":"2"},{"noteName":"G3","duration":333.5,"voice":"5","type":"eighth","staff":"2"}]}},{"staff1":{"voice1":[{"noteName":"E5","duration":1334,"voice":"1","type":"half","staff":"1"},{"noteName":"E4","duration":333.5,"voice":"1","type":"eighth","staff":"1"},{"noteName":"G4","duration":333.5,"voice":"1","type":"eighth","staff":"1"},{"noteName":"C5","duration":333.5,"voice":"1","type":"eighth","staff":"1"},{"noteName":"E5","duration":333.5,"voice":"1","type":"eighth","staff":"1"}]},"staff2":{"voice5":[{"noteName":"C3","duration":333.5,"voice":"5","type":"eighth","staff":"2"},{"noteName":"E3","duration":333.5,"voice":"5","type":"eighth","staff":"2"},{"noteName":"G3","duration":333.5,"voice":"5","type":"eighth","staff":"2"},{"noteName":"B3","duration":333.5,"voice":"5","type":"eighth","staff":"2"},{"noteName":"C3","duration":667,"voice":"5","type":"quarter","staff":"2"},{"noteName":"E3","duration":667,"voice":"5","chord":true,"type":"quarter","staff":"2"},{"noteName":"B3","duration":667,"voice":"5","chord":true,"type":"quarter","staff":"2"},{"noteName":"C3","duration":667,"voice":"5","type":"quarter","staff":"2"},{"noteName":"E3","duration":667,"voice":"5","chord":true,"type":"quarter","staff":"2"},{"noteName":"B3","duration":667,"voice":"5","chord":true,"type":"quarter","staff":"2"}]}},{"staff1":{"voice1":[{"noteName":"E5","duration":1000.5,"voice":"1","type":"quarter","dot":true,"staff":"1"},{"noteName":"F5","duration":333.5,"voice":"1","type":"eighth","staff":"1"},{"noteName":"D5","duration":1334,"voice":"1","type":"half","staff":"1"}]},"staff2":{"voice5":[{"noteName":"F3","duration":333.5,"voice":"5","type":"eighth","staff":"2"},{"noteName":"A3","duration":333.5,"voice":"5","type":"eighth","staff":"2"},{"noteName":"C4","duration":333.5,"voice":"5","type":"eighth","staff":"2"},{"noteName":"A3","duration":333.5,"voice":"5","type":"eighth","staff":"2"},{"noteName":"F3","duration":333.5,"voice":"5","type":"eighth","staff":"2"},{"noteName":"B3","duration":333.5,"voice":"5","type":"eighth","staff":"2"},{"noteName":"D4","duration":333.5,"voice":"5","type":"eighth","staff":"2"},{"noteName":"B3","duration":333.5,"voice":"5","type":"eighth","staff":"2"}]}},{"staff1":{"voice1":[{"noteName":"D5","duration":667,"voice":"1","type":"quarter","staff":"1"},{"noteName":"G5","duration":333.5,"voice":"1","type":"eighth","staff":"1"},{"noteName":"B4","duration":333.5,"voice":"1","type":"eighth","staff":"1"},{"noteName":"C5","duration":1334,"voice":"1","type":"half","staff":"1"}]},"staff2":{"voice5":[{"noteName":"E3","duration":333.5,"voice":"5","type":"eighth","staff":"2"},{"noteName":"G3","duration":333.5,"voice":"5","type":"eighth","staff":"2"},{"noteName":"B3","duration":333.5,"voice":"5","type":"eighth","staff":"2"},{"noteName":"G3","duration":333.5,"voice":"5","type":"eighth","staff":"2"},{"noteName":"E3","duration":333.5,"voice":"5","type":"eighth","staff":"2"},{"noteName":"A3","duration":333.5,"voice":"5","type":"eighth","staff":"2"},{"noteName":"B3","duration":333.5,"voice":"5","type":"eighth","staff":"2"},{"noteName":"A3","duration":333.5,"voice":"5","type":"eighth","staff":"2"}]}},{"staff1":{"voice1":[{"noteName":"","duration":1334,"voice":"1","rest":true,"type":"half","staff":"1"},{"noteName":"","duration":667,"voice":"1","rest":true,"type":"quarter","staff":"1"},{"noteName":"D5","duration":667,"voice":"1","type":"quarter","staff":"1"}],"voice2":[{"noteName":"E5","duration":333.5,"voice":"2","type":"eighth","staff":"1"},{"noteName":"F5","duration":333.5,"voice":"2","type":"eighth","staff":"1"},{"noteName":"G5","duration":333.5,"voice":"2","type":"eighth","staff":"1"},{"noteName":"C5","duration":333.5,"voice":"2","type":"eighth","staff":"1"},{"noteName":"C5","duration":667,"voice":"2","type":"quarter","staff":"1"},{"noteName":"","duration":333.5,"voice":"2","rest":true,"type":"eighth","staff":"1"},{"noteName":"G3","duration":333.5,"voice":"2","type":"eighth","staff":"1"}]},"staff2":{"voice5":[{"noteName":"D3","duration":333.5,"voice":"5","type":"eighth","staff":"2"},{"noteName":"F3","duration":333.5,"voice":"5","type":"eighth","staff":"2"},{"noteName":"A3","duration":333.5,"voice":"5","type":"eighth","staff":"2"},{"noteName":"F3","duration":333.5,"voice":"5","type":"eighth","staff":"2"},{"noteName":"D3","duration":333.5,"voice":"5","type":"eighth","staff":"2"},{"noteName":"G3","duration":333.5,"voice":"5","type":"eighth","staff":"2"},{"noteName":"B3","duration":667,"voice":"5","type":"quarter","staff":"2"}]}},{"staff1":{"voice1":[{"noteName":"C5","duration":667,"voice":"1","type":"quarter","staff":"1"},{"noteName":"C5","duration":667,"voice":"1","type":"quarter","staff":"1"},{"noteName":"B4","duration":667,"voice":"1","type":"quarter","staff":"1"},{"noteName":"C5","duration":667,"voice":"1","type":"quarter","staff":"1"}]},"staff2":{"voice5":[{"noteName":"E3","duration":667,"voice":"5","type":"quarter","staff":"2"},{"noteName":"G3","duration":667,"voice":"5","chord":true,"type":"quarter","staff":"2"},{"noteName":"C4","duration":667,"voice":"5","chord":true,"type":"quarter","staff":"2"},{"noteName":"E3","duration":667,"voice":"5","type":"quarter","staff":"2"},{"noteName":"G3","duration":667,"voice":"5","chord":true,"type":"quarter","staff":"2"},{"noteName":"C4","duration":667,"voice":"5","chord":true,"type":"quarter","staff":"2"},{"noteName":"E3","duration":667,"voice":"5","type":"quarter","staff":"2"},{"noteName":"G3","duration":667,"voice":"5","chord":true,"type":"quarter","staff":"2"},{"noteName":"C4","duration":667,"voice":"5","chord":true,"type":"quarter","staff":"2"},{"noteName":"E3","duration":667,"voice":"5","type":"quarter","staff":"2"},{"noteName":"G3","duration":667,"voice":"5","chord":true,"type":"quarter","staff":"2"},{"noteName":"C4","duration":667,"voice":"5","chord":true,"type":"quarter","staff":"2"}]}},{"staff1":{"voice1":[{"noteName":"D5","duration":667,"voice":"1","type":"quarter","staff":"1"},{"noteName":"C5","duration":667,"voice":"1","type":"quarter","staff":"1"},{"noteName":"B4","duration":667,"voice":"1","type":"quarter","staff":"1"},{"noteName":"C5","duration":667,"voice":"1","type":"quarter","staff":"1"}]},"staff2":{"voice5":[{"noteName":"E3","duration":667,"voice":"5","type":"quarter","staff":"2"},{"noteName":"A3","duration":667,"voice":"5","chord":true,"type":"quarter","staff":"2"},{"noteName":"C4","duration":667,"voice":"5","chord":true,"type":"quarter","staff":"2"},{"noteName":"E3","duration":667,"voice":"5","type":"quarter","staff":"2"},{"noteName":"A3","duration":667,"voice":"5","chord":true,"type":"quarter","staff":"2"},{"noteName":"C4","duration":667,"voice":"5","chord":true,"type":"quarter","staff":"2"},{"noteName":"E3","duration":667,"voice":"5","type":"quarter","staff":"2"},{"noteName":"A3","duration":667,"voice":"5","chord":true,"type":"quarter","staff":"2"},{"noteName":"C4","duration":667,"voice":"5","chord":true,"type":"quarter","staff":"2"},{"noteName":"E3","duration":667,"voice":"5","type":"quarter","staff":"2"},{"noteName":"A3","duration":667,"voice":"5","chord":true,"type":"quarter","staff":"2"},{"noteName":"C4","duration":667,"voice":"5","chord":true,"type":"quarter","staff":"2"}]}},{"staff1":{"voice1":[{"noteName":"E5","duration":667,"voice":"1","type":"quarter","staff":"1"},{"noteName":"D5","duration":667,"voice":"1","type":"quarter","staff":"1"},{"noteName":"C5","duration":667,"voice":"1","type":"quarter","staff":"1"},{"noteName":"D5","duration":667,"voice":"1","type":"quarter","staff":"1"}]},"staff2":{"voice5":[{"noteName":"F#3","duration":667,"voice":"5","alter":"1","type":"quarter","staff":"2"},{"noteName":"A3","duration":667,"voice":"5","chord":true,"type":"quarter","staff":"2"},{"noteName":"D4","duration":667,"voice":"5","chord":true,"type":"quarter","staff":"2"},{"noteName":"F#3","duration":667,"voice":"5","alter":"1","type":"quarter","staff":"2"},{"noteName":"A3","duration":667,"voice":"5","chord":true,"type":"quarter","staff":"2"},{"noteName":"D4","duration":667,"voice":"5","chord":true,"type":"quarter","staff":"2"},{"noteName":"F#3","duration":667,"voice":"5","alter":"1","type":"quarter","staff":"2"},{"noteName":"A3","duration":667,"voice":"5","chord":true,"type":"quarter","staff":"2"},{"noteName":"D4","duration":667,"voice":"5","chord":true,"type":"quarter","staff":"2"},{"noteName":"F#3","duration":667,"voice":"5","alter":"1","type":"quarter","staff":"2"},{"noteName":"A3","duration":667,"voice":"5","chord":true,"type":"quarter","staff":"2"},{"noteName":"D4","duration":667,"voice":"5","chord":true,"type":"quarter","staff":"2"}]}},{"staff1":{"voice1":[{"noteName":"E5","duration":667,"voice":"1","type":"quarter","staff":"1"},{"noteName":"D5","duration":667,"voice":"1","type":"quarter","staff":"1"},{"noteName":"F5","duration":667,"voice":"1","type":"quarter","staff":"1"},{"noteName":"D5","duration":667,"voice":"1","type":"quarter","staff":"1"}]},"staff2":{"voice5":[{"noteName":"F3","duration":667,"voice":"5","type":"quarter","staff":"2"},{"noteName":"G#3","duration":667,"voice":"5","alter":"1","chord":true,"type":"quarter","staff":"2"},{"noteName":"C4","duration":667,"voice":"5","chord":true,"type":"quarter","staff":"2"},{"noteName":"F3","duration":667,"voice":"5","type":"quarter","staff":"2"},{"noteName":"G#3","duration":667,"voice":"5","alter":"1","chord":true,"type":"quarter","staff":"2"},{"noteName":"C4","duration":667,"voice":"5","chord":true,"type":"quarter","staff":"2"},{"noteName":"G3","duration":667,"voice":"5","type":"quarter","staff":"2"},{"noteName":"B3","duration":667,"voice":"5","chord":true,"type":"quarter","staff":"2"},{"noteName":"D4","duration":667,"voice":"5","chord":true,"type":"quarter","staff":"2"},{"noteName":"G3","duration":667,"voice":"5","type":"quarter","staff":"2"},{"noteName":"B3","duration":667,"voice":"5","chord":true,"type":"quarter","staff":"2"},{"noteName":"D4","duration":667,"voice":"5","chord":true,"type":"quarter","staff":"2"}]}},{"staff1":{"voice1":[{"noteName":"D5","duration":667,"voice":"1","type":"quarter","staff":"1"},{"noteName":"C5","duration":667,"voice":"1","type":"quarter","staff":"1"},{"noteName":"B4","duration":667,"voice":"1","type":"quarter","staff":"1"},{"noteName":"C5","duration":667,"voice":"1","type":"quarter","staff":"1"}]},"staff2":{"voice5":[{"noteName":"E3","duration":667,"voice":"5","type":"quarter","staff":"2"},{"noteName":"G3","duration":667,"voice":"5","chord":true,"type":"quarter","staff":"2"},{"noteName":"C4","duration":667,"voice":"5","chord":true,"type":"quarter","staff":"2"},{"noteName":"E3","duration":667,"voice":"5","type":"quarter","staff":"2"},{"noteName":"G3","duration":667,"voice":"5","chord":true,"type":"quarter","staff":"2"},{"noteName":"C4","duration":667,"voice":"5","chord":true,"type":"quarter","staff":"2"},{"noteName":"E3","duration":667,"voice":"5","type":"quarter","staff":"2"},{"noteName":"G3","duration":667,"voice":"5","chord":true,"type":"quarter","staff":"2"},{"noteName":"C4","duration":667,"voice":"5","chord":true,"type":"quarter","staff":"2"},{"noteName":"E3","duration":667,"voice":"5","type":"quarter","staff":"2"},{"noteName":"G3","duration":667,"voice":"5","chord":true,"type":"quarter","staff":"2"},{"noteName":"C4","duration":667,"voice":"5","chord":true,"type":"quarter","staff":"2"}]}},{"staff1":{"voice1":[{"noteName":"D5","duration":667,"voice":"1","type":"quarter","staff":"1"},{"noteName":"C5","duration":667,"voice":"1","type":"quarter","staff":"1"},{"noteName":"B4","duration":667,"voice":"1","type":"quarter","staff":"1"},{"noteName":"C5","duration":667,"voice":"1","type":"quarter","staff":"1"}]},"staff2":{"voice5":[{"noteName":"E3","duration":667,"voice":"5","type":"quarter","staff":"2"},{"noteName":"A3","duration":667,"voice":"5","chord":true,"type":"quarter","staff":"2"},{"noteName":"C4","duration":667,"voice":"5","chord":true,"type":"quarter","staff":"2"},{"noteName":"E3","duration":667,"voice":"5","type":"quarter","staff":"2"},{"noteName":"A3","duration":667,"voice":"5","chord":true,"type":"quarter","staff":"2"},{"noteName":"C4","duration":667,"voice":"5","chord":true,"type":"quarter","staff":"2"},{"noteName":"E3","duration":667,"voice":"5","type":"quarter","staff":"2"},{"noteName":"A3","duration":667,"voice":"5","chord":true,"type":"quarter","staff":"2"},{"noteName":"C4","duration":667,"voice":"5","chord":true,"type":"quarter","staff":"2"},{"noteName":"E3","duration":667,"voice":"5","type":"quarter","staff":"2"},{"noteName":"A3","duration":667,"voice":"5","chord":true,"type":"quarter","staff":"2"},{"noteName":"C4","duration":667,"voice":"5","chord":true,"type":"quarter","staff":"2"}]}},{"staff1":{"voice1":[{"noteName":"E5","duration":667,"voice":"1","type":"quarter","staff":"1"},{"noteName":"D5","duration":667,"voice":"1","type":"quarter","staff":"1"},{"noteName":"C5","duration":667,"voice":"1","type":"quarter","staff":"1"},{"noteName":"D5","duration":667,"voice":"1","type":"quarter","staff":"1"}]},"staff2":{"voice5":[{"noteName":"F#3","duration":667,"voice":"5","alter":"1","type":"quarter","staff":"2"},{"noteName":"A3","duration":667,"voice":"5","chord":true,"type":"quarter","staff":"2"},{"noteName":"D4","duration":667,"voice":"5","chord":true,"type":"quarter","staff":"2"},{"noteName":"F#3","duration":667,"voice":"5","alter":"1","type":"quarter","staff":"2"},{"noteName":"A3","duration":667,"voice":"5","chord":true,"type":"quarter","staff":"2"},{"noteName":"D4","duration":667,"voice":"5","chord":true,"type":"quarter","staff":"2"},{"noteName":"F#3","duration":667,"voice":"5","alter":"1","type":"quarter","staff":"2"},{"noteName":"A3","duration":667,"voice":"5","chord":true,"type":"quarter","staff":"2"},{"noteName":"D4","duration":667,"voice":"5","chord":true,"type":"quarter","staff":"2"},{"noteName":"F#3","duration":667,"voice":"5","alter":"1","type":"quarter","staff":"2"},{"noteName":"A3","duration":667,"voice":"5","chord":true,"type":"quarter","staff":"2"},{"noteName":"D4","duration":667,"voice":"5","chord":true,"type":"quarter","staff":"2"}]}},{"staff1":{"voice1":[{"noteName":"E5","duration":667,"voice":"1","type":"quarter","staff":"1"},{"noteName":"D5","duration":667,"voice":"1","type":"quarter","staff":"1"},{"noteName":"F5","duration":667,"voice":"1","type":"quarter","staff":"1"},{"noteName":"D5","duration":667,"voice":"1","type":"quarter","staff":"1"}]},"staff2":{"voice5":[{"noteName":"F3","duration":667,"voice":"5","type":"quarter","staff":"2"},{"noteName":"G#3","duration":667,"voice":"5","alter":"1","chord":true,"type":"quarter","staff":"2"},{"noteName":"C4","duration":667,"voice":"5","chord":true,"type":"quarter","staff":"2"},{"noteName":"F3","duration":667,"voice":"5","type":"quarter","staff":"2"},{"noteName":"G#3","duration":667,"voice":"5","alter":"1","chord":true,"type":"quarter","staff":"2"},{"noteName":"C4","duration":667,"voice":"5","chord":true,"type":"quarter","staff":"2"},{"noteName":"G3","duration":667,"voice":"5","type":"quarter","staff":"2"},{"noteName":"B3","duration":667,"voice":"5","chord":true,"type":"quarter","staff":"2"},{"noteName":"D4","duration":667,"voice":"5","chord":true,"type":"quarter","staff":"2"},{"noteName":"G3","duration":667,"voice":"5","type":"quarter","staff":"2"},{"noteName":"B3","duration":667,"voice":"5","chord":true,"type":"quarter","staff":"2"},{"noteName":"D4","duration":667,"voice":"5","chord":true,"type":"quarter","staff":"2"}]}},{"staff1":{"voice1":[{"noteName":"C5","duration":1334,"voice":"1","type":"half","staff":"1"},{"noteName":"C4","duration":1334,"voice":"1","type":"half","staff":"1"}],"voice2":[{"noteName":"","duration":667,"voice":"2","rest":true,"type":"quarter","staff":"1"},{"noteName":"C4","duration":667,"voice":"2","type":"quarter","staff":"1"},{"noteName":"","duration":333.5,"voice":"2","rest":true,"type":"eighth","staff":"1"},{"noteName":"E4","duration":333.5,"voice":"2","type":"eighth","staff":"1"},{"noteName":"F4","duration":333.5,"voice":"2","type":"eighth","staff":"1"},{"noteName":"G4","duration":333.5,"voice":"2","type":"eighth","staff":"1"}]},"staff2":{"voice5":[{"noteName":"E3","duration":667,"voice":"5","type":"quarter","staff":"2"},{"noteName":"G3","duration":667,"voice":"5","chord":true,"type":"quarter","staff":"2"},{"noteName":"C4","duration":667,"voice":"5","chord":true,"type":"quarter","staff":"2"},{"noteName":"E3","duration":667,"voice":"5","type":"quarter","staff":"2"},{"noteName":"G3","duration":667,"voice":"5","chord":true,"type":"quarter","staff":"2"},{"noteName":"E3","duration":1334,"voice":"5","type":"half","staff":"2"},{"noteName":"G3","duration":1334,"voice":"5","chord":true,"type":"half","staff":"2"}]}},{"staff1":{"voice1":[{"noteName":"","duration":333.5,"voice":"1","rest":true,"type":"eighth","staff":"1"},{"noteName":"G4","duration":333.5,"voice":"1","type":"eighth","staff":"1"},{"noteName":"G4","duration":667,"voice":"1","type":"quarter","staff":"1"},{"noteName":"","duration":333.5,"voice":"1","rest":true,"type":"eighth","staff":"1"},{"noteName":"A4","duration":333.5,"voice":"1","type":"eighth","staff":"1"},{"noteName":"B4","duration":333.5,"voice":"1","type":"eighth","staff":"1"},{"noteName":"G4","duration":333.5,"voice":"1","type":"eighth","staff":"1"}],"voice2":[{"noteName":"","duration":667,"voice":"2","rest":true,"type":"quarter","staff":"1"},{"noteName":"","duration":333.5,"voice":"2","rest":true,"type":"eighth","staff":"1"},{"noteName":"G4","duration":333.5,"voice":"2","tie":"start","type":"eighth","staff":"1"},{"noteName":"G4","duration":333.5,"voice":"2","tie":"stop","type":"eighth","staff":"1"},{"noteName":"","duration":333.5,"voice":"2","rest":true,"type":"eighth","staff":"1"},{"noteName":"","duration":667,"voice":"2","rest":true,"type":"quarter","staff":"1"}],"voice3":[{"noteName":"F4","duration":667,"voice":"3","type":"quarter","staff":"1"},{"noteName":"F4","duration":667,"voice":"3","type":"quarter","staff":"1"},{"noteName":"G3","duration":667,"voice":"3","type":"quarter","staff":"1"},{"noteName":"","duration":667,"voice":"3","rest":true,"type":"quarter","staff":"1"}]},"staff2":{"voice5":[{"noteName":"C3","duration":667,"voice":"5","type":"quarter","staff":"2"},{"noteName":"E3","duration":667,"voice":"5","chord":true,"type":"quarter","staff":"2"},{"noteName":"G3","duration":667,"voice":"5","chord":true,"type":"quarter","staff":"2"},{"noteName":"C3","duration":667,"voice":"5","type":"quarter","staff":"2"},{"noteName":"E3","duration":667,"voice":"5","chord":true,"type":"quarter","staff":"2"},{"noteName":"G3","duration":667,"voice":"5","chord":true,"type":"quarter","staff":"2"},{"noteName":"B2","duration":667,"voice":"5","type":"quarter","staff":"2"},{"noteName":"E3","duration":667,"voice":"5","chord":true,"type":"quarter","staff":"2"},{"noteName":"E3","duration":667,"voice":"5","type":"quarter","staff":"2"},{"noteName":"G3","duration":667,"voice":"5","chord":true,"type":"quarter","staff":"2"},{"noteName":"B3","duration":667,"voice":"5","chord":true,"type":"quarter","staff":"2"}]}},{"staff1":{"voice1":[{"noteName":"","duration":333.5,"voice":"1","rest":true,"type":"eighth","staff":"1"},{"noteName":"C5","duration":1000.5,"voice":"1","type":"quarter","dot":true,"staff":"1"},{"noteName":"","duration":667,"voice":"1","rest":true,"type":"quarter","staff":"1"},{"noteName":"","duration":333.5,"voice":"1","rest":true,"type":"eighth","staff":"1"},{"noteName":"A4","duration":333.5,"voice":"1","tie":"start","type":"eighth","staff":"1"}],"voice2":[{"noteName":"D5","duration":667,"voice":"2","type":"quarter","staff":"1"},{"noteName":"C4","duration":667,"voice":"2","type":"quarter","staff":"1"},{"noteName":"C5","duration":333.5,"voice":"2","type":"eighth","staff":"1"},{"noteName":"B4","duration":333.5,"voice":"2","type":"eighth","staff":"1"},{"noteName":"D5","duration":667,"voice":"2","type":"quarter","staff":"1"}]},"staff2":{"voice5":[{"noteName":"A3","duration":667,"voice":"5","type":"quarter","staff":"2"},{"noteName":"C4","duration":667,"voice":"5","chord":true,"type":"quarter","staff":"2"},{"noteName":"A3","duration":667,"voice":"5","type":"quarter","staff":"2"},{"noteName":"G3","duration":667,"voice":"5","type":"quarter","staff":"2"},{"noteName":"C4","duration":667,"voice":"5","chord":true,"type":"quarter","staff":"2"},{"noteName":"G3","duration":667,"voice":"5","type":"quarter","staff":"2"},{"noteName":"C4","duration":667,"voice":"5","chord":true,"type":"quarter","staff":"2"}]}},{"staff1":{"voice1":[{"noteName":"A4","duration":333.5,"voice":"1","tie":"stop","type":"eighth","staff":"1"},{"noteName":"","duration":333.5,"voice":"1","rest":true,"type":"eighth","staff":"1"},{"noteName":"","duration":333.5,"voice":"1","rest":true,"type":"eighth","staff":"1"},{"noteName":"D5","duration":333.5,"voice":"1","tie":"start","type":"eighth","staff":"1"},{"noteName":"D5","duration":333.5,"voice":"1","tie":"stop","type":"eighth","staff":"1"},{"noteName":"","duration":333.5,"voice":"1","rest":true,"type":"eighth","staff":"1"},{"noteName":"","duration":333.5,"voice":"1","rest":true,"type":"eighth","staff":"1"},{"noteName":"E5","duration":333.5,"voice":"1","tie":"start","type":"eighth","staff":"1"}],"voice2":[{"noteName":"","duration":333.5,"voice":"2","rest":true,"type":"eighth","staff":"1"},{"noteName":"G4","duration":333.5,"voice":"2","type":"eighth","staff":"1"},{"noteName":"G4","duration":667,"voice":"2","type":"quarter","staff":"1"},{"noteName":"","duration":333.5,"voice":"2","rest":true,"type":"eighth","staff":"1"},{"noteName":"C5","duration":333.5,"voice":"2","type":"eighth","staff":"1"},{"noteName":"E5","duration":667,"voice":"2","type":"quarter","staff":"1"}],"voice3":[{"noteName":"E4","duration":667,"voice":"3","type":"quarter","staff":"1"},{"noteName":"","duration":667,"voice":"3","rest":true,"type":"quarter","staff":"1"},{"noteName":"E4","duration":667,"voice":"3","type":"quarter","staff":"1"},{"noteName":"","duration":667,"voice":"3","rest":true,"type":"quarter","staff":"1"}]},"staff2":{"voice5":[{"noteName":"F3","duration":667,"voice":"5","type":"quarter","staff":"2"},{"noteName":"A3","duration":667,"voice":"5","chord":true,"type":"quarter","staff":"2"},{"noteName":"C4","duration":667,"voice":"5","chord":true,"type":"quarter","staff":"2"},{"noteName":"F3","duration":667,"voice":"5","type":"quarter","staff":"2"},{"noteName":"A3","duration":667,"voice":"5","chord":true,"type":"quarter","staff":"2"},{"noteName":"C4","duration":667,"voice":"5","chord":true,"type":"quarter","staff":"2"},{"noteName":"E4","duration":667,"voice":"5","chord":true,"type":"quarter","staff":"2"},{"noteName":"G3","duration":667,"voice":"5","type":"quarter","staff":"2"},{"noteName":"B3","duration":667,"voice":"5","chord":true,"type":"quarter","staff":"2"},{"noteName":"D4","duration":667,"voice":"5","chord":true,"type":"quarter","staff":"2"},{"noteName":"G3","duration":667,"voice":"5","type":"quarter","staff":"2"},{"noteName":"B3","duration":667,"voice":"5","chord":true,"type":"quarter","staff":"2"},{"noteName":"D4","duration":667,"voice":"5","chord":true,"type":"quarter","staff":"2"},{"noteName":"E4","duration":667,"voice":"5","chord":true,"type":"quarter","staff":"2"}]}},{"staff1":{"voice1":[{"noteName":"E5","duration":1334,"voice":"1","tie":"stop","type":"half","staff":"1"},{"noteName":"","duration":667,"voice":"1","rest":true,"type":"quarter","staff":"1"},{"noteName":"","duration":333.5,"voice":"1","rest":true,"type":"eighth","staff":"1"},{"noteName":"E5","duration":333.5,"voice":"1","tie":"start","type":"eighth","staff":"1"}],"voice2":[{"noteName":"G3","duration":667,"voice":"2","type":"quarter","staff":"1"},{"noteName":"C4","duration":667,"voice":"2","type":"quarter","staff":"1"},{"noteName":"C5","duration":333.5,"voice":"2","type":"eighth","staff":"1"},{"noteName":"D5","duration":333.5,"voice":"2","type":"eighth","staff":"1"},{"noteName":"E5","duration":667,"voice":"2","type":"quarter","staff":"1"}]},"staff2":{"voice5":[{"noteName":"C3","duration":667,"voice":"5","type":"quarter","staff":"2"},{"noteName":"G3","duration":667,"voice":"5","type":"quarter","staff":"2"},{"noteName":"G3","duration":667,"voice":"5","type":"quarter","staff":"2"},{"noteName":"C4","duration":667,"voice":"5","chord":true,"type":"quarter","staff":"2"},{"noteName":"E4","duration":667,"voice":"5","chord":true,"type":"quarter","staff":"2"},{"noteName":"G3","duration":667,"voice":"5","type":"quarter","staff":"2"},{"noteName":"C4","duration":667,"voice":"5","chord":true,"type":"quarter","staff":"2"},{"noteName":"E4","duration":667,"voice":"5","chord":true,"type":"quarter","staff":"2"}]}},{"staff1":{"voice1":[{"noteName":"E5","duration":333.5,"voice":"1","tie":"stop","type":"eighth","staff":"1"},{"noteName":"","duration":333.5,"voice":"1","rest":true,"type":"eighth","staff":"1"},{"noteName":"","duration":333.5,"voice":"1","rest":true,"type":"eighth","staff":"1"},{"noteName":"E5","duration":333.5,"voice":"1","tie":"start","type":"eighth","staff":"1"},{"noteName":"E5","duration":333.5,"voice":"1","tie":"stop","type":"eighth","staff":"1"},{"noteName":"","duration":333.5,"voice":"1","rest":true,"type":"eighth","staff":"1"},{"noteName":"","duration":333.5,"voice":"1","rest":true,"type":"eighth","staff":"1"},{"noteName":"C5","duration":333.5,"voice":"1","tie":"start","type":"eighth","staff":"1"}],"voice2":[{"noteName":"","duration":333.5,"voice":"2","rest":true,"type":"eighth","staff":"1"},{"noteName":"E5","duration":333.5,"voice":"2","type":"eighth","staff":"1"},{"noteName":"F5","duration":667,"voice":"2","type":"quarter","staff":"1"},{"noteName":"","duration":333.5,"voice":"2","rest":true,"type":"eighth","staff":"1"},{"noteName":"D5","duration":333.5,"voice":"2","type":"eighth","staff":"1"},{"noteName":"E5","duration":667,"voice":"2","type":"quarter","staff":"1"}],"voice3":[{"noteName":"A4","duration":667,"voice":"3","type":"quarter","staff":"1"},{"noteName":"","duration":667,"voice":"3","rest":true,"type":"quarter","staff":"1"},{"noteName":"G#4","duration":667,"voice":"3","alter":"1","type":"quarter","staff":"1"},{"noteName":"","duration":667,"voice":"3","rest":true,"type":"quarter","staff":"1"}]},"staff2":{"voice5":[{"noteName":"B3","duration":667,"voice":"5","type":"quarter","staff":"2"},{"noteName":"D4","duration":667,"voice":"5","chord":true,"type":"quarter","staff":"2"},{"noteName":"B3","duration":667,"voice":"5","type":"quarter","staff":"2"},{"noteName":"D4","duration":667,"voice":"5","chord":true,"type":"quarter","staff":"2"},{"noteName":"A4","duration":667,"voice":"5","chord":true,"type":"quarter","staff":"2"},{"noteName":"B3","duration":667,"voice":"5","type":"quarter","staff":"2"},{"noteName":"E4","duration":667,"voice":"5","chord":true,"type":"quarter","staff":"2"},{"noteName":"B3","duration":667,"voice":"5","type":"quarter","staff":"2"},{"noteName":"E4","duration":667,"voice":"5","chord":true,"type":"quarter","staff":"2"},{"noteName":"G#4","duration":667,"voice":"5","alter":"1","chord":true,"type":"quarter","staff":"2"}]}},{"staff1":{"voice1":[{"noteName":"C5","duration":1334,"voice":"1","tie":"stop","type":"half","staff":"1"},{"noteName":"","duration":667,"voice":"1","rest":true,"type":"quarter","staff":"1"},{"noteName":"","duration":333.5,"voice":"1","rest":true,"type":"eighth","staff":"1"},{"noteName":"D5","duration":333.5,"voice":"1","tie":"start","type":"eighth","staff":"1"}],"voice2":[{"noteName":"E4","duration":667,"voice":"2","type":"quarter","staff":"1"},{"noteName":"E4","duration":667,"voice":"2","type":"quarter","staff":"1"},{"noteName":"A4","duration":333.5,"voice":"2","type":"eighth","staff":"1"},{"noteName":"B4","duration":333.5,"voice":"2","type":"eighth","staff":"1"},{"noteName":"C5","duration":667,"voice":"2","type":"quarter","staff":"1"}]},"staff2":{"voice5":[{"noteName":"A3","duration":667,"voice":"5","type":"quarter","staff":"2"},{"noteName":"C4","duration":667,"voice":"5","chord":true,"type":"quarter","staff":"2"},{"noteName":"A3","duration":667,"voice":"5","type":"quarter","staff":"2"},{"noteName":"C4","duration":667,"voice":"5","chord":true,"type":"quarter","staff":"2"},{"noteName":"G3","duration":667,"voice":"5","type":"quarter","staff":"2"},{"noteName":"C4","duration":667,"voice":"5","chord":true,"type":"quarter","staff":"2"},{"noteName":"E4","duration":667,"voice":"5","chord":true,"type":"quarter","staff":"2"},{"noteName":"G3","duration":667,"voice":"5","type":"quarter","staff":"2"},{"noteName":"C4","duration":667,"voice":"5","chord":true,"type":"quarter","staff":"2"},{"noteName":"E4","duration":667,"voice":"5","chord":true,"type":"quarter","staff":"2"}]}},{"staff1":{"voice1":[{"noteName":"D5","duration":333.5,"voice":"1","tie":"stop","type":"eighth","staff":"1"},{"noteName":"","duration":333.5,"voice":"1","rest":true,"type":"eighth","staff":"1"},{"noteName":"","duration":667,"voice":"1","rest":true,"type":"quarter","staff":"1"},{"noteName":"","duration":667,"voice":"1","rest":true,"type":"quarter","staff":"1"},{"noteName":"","duration":333.5,"voice":"1","rest":true,"type":"eighth","staff":"1"},{"noteName":"D5","duration":333.5,"voice":"1","tie":"start","type":"eighth","staff":"1"}],"voice2":[{"noteName":"","duration":333.5,"voice":"2","rest":true,"type":"eighth","staff":"1"},{"noteName":"C5","duration":333.5,"voice":"2","type":"eighth","staff":"1"},{"noteName":"C5","duration":333.5,"voice":"2","type":"eighth","staff":"1"},{"noteName":"A4","duration":333.5,"voice":"2","type":"eighth","staff":"1"},{"noteName":"A4","duration":333.5,"voice":"2","type":"eighth","staff":"1"},{"noteName":"E5","duration":333.5,"voice":"2","type":"eighth","staff":"1"},{"noteName":"E5","duration":667,"voice":"2","type":"quarter","staff":"1"}],"voice3":[{"noteName":"C4","duration":667,"voice":"3","type":"quarter","staff":"1"},{"noteName":"","duration":667,"voice":"3","rest":true,"type":"quarter","staff":"1"},{"noteName":"","duration":1334,"voice":"3","rest":true,"type":"half","staff":"1"}]},"staff2":{"voice5":[{"noteName":"D3","duration":667,"voice":"5","type":"quarter","staff":"2"},{"noteName":"F3","duration":667,"voice":"5","chord":true,"type":"quarter","staff":"2"},{"noteName":"D3","duration":667,"voice":"5","type":"quarter","staff":"2"},{"noteName":"F3","duration":667,"voice":"5","chord":true,"type":"quarter","staff":"2"},{"noteName":"C4","duration":667,"voice":"5","chord":true,"type":"quarter","staff":"2"},{"noteName":"D3","duration":667,"voice":"5","type":"quarter","staff":"2"},{"noteName":"F3","duration":667,"voice":"5","chord":true,"type":"quarter","staff":"2"},{"noteName":"C4","duration":667,"voice":"5","chord":true,"type":"quarter","staff":"2"},{"noteName":"D3","duration":667,"voice":"5","type":"quarter","staff":"2"},{"noteName":"F3","duration":667,"voice":"5","chord":true,"type":"quarter","staff":"2"},{"noteName":"C4","duration":667,"voice":"5","chord":true,"type":"quarter","staff":"2"}]}},{"staff1":{"voice1":[{"noteName":"D5","duration":1334,"voice":"1","tie":"stop","type":"half","staff":"1"},{"noteName":"","duration":1334,"voice":"1","rest":true,"type":"half","staff":"1"}],"voice2":[{"noteName":"F4","duration":1334,"voice":"2","type":"half","staff":"1"},{"noteName":"E4","duration":333.5,"voice":"2","type":"eighth","staff":"1"},{"noteName":"G4","duration":333.5,"voice":"2","type":"eighth","staff":"1"},{"noteName":"C5","duration":333.5,"voice":"2","type":"eighth","staff":"1"},{"noteName":"E5","duration":333.5,"voice":"2","type":"eighth","staff":"1"}]},"staff2":{"voice5":[{"noteName":"G3","duration":1334,"voice":"5","type":"half","staff":"2"},{"noteName":"C4","duration":1334,"voice":"5","chord":true,"type":"half","staff":"2"},{"noteName":"G3","duration":1334,"voice":"5","type":"half","staff":"2"},{"noteName":"B3","duration":1334,"voice":"5","chord":true,"type":"half","staff":"2"},{"noteName":"D4","duration":1334,"voice":"5","chord":true,"type":"half","staff":"2"}]}},{"staff1":{"voice1":[{"noteName":"E5","duration":1000.5,"voice":"1","type":"quarter","dot":true,"staff":"1"},{"noteName":"F5","duration":333.5,"voice":"1","type":"eighth","staff":"1"},{"noteName":"E5","duration":1334,"voice":"1","type":"half","staff":"1"}]},"staff2":{"voice5":[{"noteName":"F3","duration":333.5,"voice":"5","type":"eighth","staff":"2"},{"noteName":"A3","duration":333.5,"voice":"5","type":"eighth","staff":"2"},{"noteName":"C4","duration":333.5,"voice":"5","type":"eighth","staff":"2"},{"noteName":"A3","duration":333.5,"voice":"5","type":"eighth","staff":"2"},{"noteName":"F3","duration":333.5,"voice":"5","type":"eighth","staff":"2"},{"noteName":"B3","duration":333.5,"voice":"5","type":"eighth","staff":"2"},{"noteName":"D4","duration":333.5,"voice":"5","type":"eighth","staff":"2"},{"noteName":"B3","duration":333.5,"voice":"5","type":"eighth","staff":"2"}]}},{"staff1":{"voice1":[{"noteName":"D5","duration":667,"voice":"1","type":"quarter","staff":"1"},{"noteName":"G5","duration":333.5,"voice":"1","type":"eighth","staff":"1"},{"noteName":"B4","duration":333.5,"voice":"1","type":"eighth","staff":"1"},{"noteName":"C5","duration":1334,"voice":"1","type":"half","staff":"1"}]},"staff2":{"voice5":[{"noteName":"E3","duration":333.5,"voice":"5","type":"eighth","staff":"2"},{"noteName":"G3","duration":333.5,"voice":"5","type":"eighth","staff":"2"},{"noteName":"B3","duration":333.5,"voice":"5","type":"eighth","staff":"2"},{"noteName":"G3","duration":333.5,"voice":"5","type":"eighth","staff":"2"},{"noteName":"E3","duration":333.5,"voice":"5","type":"eighth","staff":"2"},{"noteName":"A3","duration":333.5,"voice":"5","type":"eighth","staff":"2"},{"noteName":"C4","duration":333.5,"voice":"5","type":"eighth","staff":"2"},{"noteName":"A3","duration":333.5,"voice":"5","type":"eighth","staff":"2"}]}},{"staff1":{"voice1":[{"noteName":"E5","duration":333.5,"voice":"1","type":"eighth","staff":"1"},{"noteName":"F5","duration":333.5,"voice":"1","type":"eighth","staff":"1"},{"noteName":"G5","duration":333.5,"voice":"1","type":"eighth","staff":"1"},{"noteName":"C5","duration":333.5,"voice":"1","type":"eighth","staff":"1"},{"noteName":"C5","duration":667,"voice":"1","type":"quarter","staff":"1"},{"noteName":"D5","duration":667,"voice":"1","type":"quarter","staff":"1"}]},"staff2":{"voice5":[{"noteName":"D3","duration":333.5,"voice":"5","type":"eighth","staff":"2"},{"noteName":"F3","duration":333.5,"voice":"5","type":"eighth","staff":"2"},{"noteName":"A3","duration":333.5,"voice":"5","type":"eighth","staff":"2"},{"noteName":"F3","duration":333.5,"voice":"5","type":"eighth","staff":"2"},{"noteName":"D3","duration":333.5,"voice":"5","type":"eighth","staff":"2"},{"noteName":"G3","duration":333.5,"voice":"5","type":"eighth","staff":"2"},{"noteName":"B3","duration":333.5,"voice":"5","type":"eighth","staff":"2"},{"noteName":"G3","duration":333.5,"voice":"5","type":"eighth","staff":"2"}]}},{"staff1":{"voice1":[{"noteName":"E5","duration":1334,"voice":"1","type":"half","staff":"1"},{"noteName":"E4","duration":333.5,"voice":"1","type":"eighth","staff":"1"},{"noteName":"G4","duration":333.5,"voice":"1","type":"eighth","staff":"1"},{"noteName":"C5","duration":333.5,"voice":"1","type":"eighth","staff":"1"},{"noteName":"E5","duration":333.5,"voice":"1","type":"eighth","staff":"1"}]},"staff2":{"voice5":[{"noteName":"C3","duration":333.5,"voice":"5","type":"eighth","staff":"2"},{"noteName":"E3","duration":333.5,"voice":"5","type":"eighth","staff":"2"},{"noteName":"G3","duration":333.5,"voice":"5","type":"eighth","staff":"2"},{"noteName":"B3","duration":333.5,"voice":"5","type":"eighth","staff":"2"},{"noteName":"C3","duration":667,"voice":"5","type":"quarter","staff":"2"},{"noteName":"E3","duration":667,"voice":"5","chord":true,"type":"quarter","staff":"2"},{"noteName":"B3","duration":667,"voice":"5","chord":true,"type":"quarter","staff":"2"},{"noteName":"C3","duration":667,"voice":"5","type":"quarter","staff":"2"},{"noteName":"E3","duration":667,"voice":"5","chord":true,"type":"quarter","staff":"2"},{"noteName":"B3","duration":667,"voice":"5","chord":true,"type":"quarter","staff":"2"}]}},{"staff1":{"voice1":[{"noteName":"E5","duration":1000.5,"voice":"1","type":"quarter","dot":true,"staff":"1"},{"noteName":"F5","duration":333.5,"voice":"1","type":"eighth","staff":"1"},{"noteName":"D5","duration":1334,"voice":"1","type":"half","staff":"1"}]},"staff2":{"voice5":[{"noteName":"F3","duration":333.5,"voice":"5","type":"eighth","staff":"2"},{"noteName":"A3","duration":333.5,"voice":"5","type":"eighth","staff":"2"},{"noteName":"C4","duration":333.5,"voice":"5","type":"eighth","staff":"2"},{"noteName":"A3","duration":333.5,"voice":"5","type":"eighth","staff":"2"},{"noteName":"F3","duration":333.5,"voice":"5","type":"eighth","staff":"2"},{"noteName":"B3","duration":333.5,"voice":"5","type":"eighth","staff":"2"},{"noteName":"D4","duration":333.5,"voice":"5","type":"eighth","staff":"2"},{"noteName":"B3","duration":333.5,"voice":"5","type":"eighth","staff":"2"}]}},{"staff1":{"voice1":[{"noteName":"D5","duration":667,"voice":"1","type":"quarter","staff":"1"},{"noteName":"G5","duration":333.5,"voice":"1","type":"eighth","staff":"1"},{"noteName":"B4","duration":333.5,"voice":"1","type":"eighth","staff":"1"},{"noteName":"C5","duration":1334,"voice":"1","type":"half","staff":"1"}]},"staff2":{"voice5":[{"noteName":"E3","duration":333.5,"voice":"5","type":"eighth","staff":"2"},{"noteName":"G3","duration":333.5,"voice":"5","type":"eighth","staff":"2"},{"noteName":"B3","duration":333.5,"voice":"5","type":"eighth","staff":"2"},{"noteName":"G3","duration":333.5,"voice":"5","type":"eighth","staff":"2"},{"noteName":"E3","duration":333.5,"voice":"5","type":"eighth","staff":"2"},{"noteName":"A3","duration":333.5,"voice":"5","type":"eighth","staff":"2"},{"noteName":"B3","duration":333.5,"voice":"5","type":"eighth","staff":"2"},{"noteName":"A3","duration":333.5,"voice":"5","type":"eighth","staff":"2"}]}},{"staff1":{"voice1":[{"noteName":"","duration":1334,"voice":"1","rest":true,"type":"half","staff":"1"},{"noteName":"","duration":667,"voice":"1","rest":true,"type":"quarter","staff":"1"},{"noteName":"D5","duration":667,"voice":"1","type":"quarter","staff":"1"}],"voice2":[{"noteName":"E5","duration":333.5,"voice":"2","type":"eighth","staff":"1"},{"noteName":"F5","duration":333.5,"voice":"2","type":"eighth","staff":"1"},{"noteName":"G5","duration":333.5,"voice":"2","type":"eighth","staff":"1"},{"noteName":"C5","duration":333.5,"voice":"2","type":"eighth","staff":"1"},{"noteName":"C5","duration":667,"voice":"2","type":"quarter","staff":"1"},{"noteName":"","duration":333.5,"voice":"2","rest":true,"type":"eighth","staff":"1"},{"noteName":"G3","duration":333.5,"voice":"2","type":"eighth","staff":"1"}]},"staff2":{"voice5":[{"noteName":"D3","duration":333.5,"voice":"5","type":"eighth","staff":"2"},{"noteName":"F3","duration":333.5,"voice":"5","type":"eighth","staff":"2"},{"noteName":"A3","duration":333.5,"voice":"5","type":"eighth","staff":"2"},{"noteName":"F3","duration":333.5,"voice":"5","type":"eighth","staff":"2"},{"noteName":"D3","duration":333.5,"voice":"5","type":"eighth","staff":"2"},{"noteName":"G3","duration":333.5,"voice":"5","type":"eighth","staff":"2"},{"noteName":"B3","duration":667,"voice":"5","type":"quarter","staff":"2"}]}},{"staff1":{"voice1":[{"noteName":"C5","duration":1334,"voice":"1","type":"half","staff":"1"},{"noteName":"","duration":1334,"voice":"1","rest":true,"type":"half","staff":"1"}],"voice2":[{"noteName":"","duration":667,"voice":"2","rest":true,"type":"quarter","staff":"1"},{"noteName":"C4","duration":667,"voice":"2","type":"quarter","staff":"1"},{"noteName":"E4","duration":333.5,"voice":"2","type":"eighth","staff":"1"},{"noteName":"G4","duration":333.5,"voice":"2","type":"eighth","staff":"1"},{"noteName":"C5","duration":333.5,"voice":"2","type":"eighth","staff":"1"},{"noteName":"E5","duration":333.5,"voice":"2","type":"eighth","staff":"1"}]},"staff2":{"voice5":[{"noteName":"E3","duration":667,"voice":"5","type":"quarter","staff":"2"},{"noteName":"G3","duration":667,"voice":"5","chord":true,"type":"quarter","staff":"2"},{"noteName":"C4","duration":667,"voice":"5","chord":true,"type":"quarter","staff":"2"},{"noteName":"E3","duration":667,"voice":"5","type":"quarter","staff":"2"},{"noteName":"G3","duration":667,"voice":"5","chord":true,"type":"quarter","staff":"2"},{"noteName":"C3","duration":667,"voice":"5","type":"quarter","staff":"2"},{"noteName":"E3","duration":667,"voice":"5","chord":true,"type":"quarter","staff":"2"},{"noteName":"A#3","duration":667,"voice":"5","alter":"-1","chord":true,"type":"quarter","staff":"2"},{"noteName":"C3","duration":667,"voice":"5","type":"quarter","staff":"2"},{"noteName":"E3","duration":667,"voice":"5","chord":true,"type":"quarter","staff":"2"},{"noteName":"A#3","duration":667,"voice":"5","alter":"-1","chord":true,"type":"quarter","staff":"2"}]}},{"staff1":{"voice1":[{"noteName":"E5","duration":333.5,"voice":"1","type":"eighth","staff":"1"},{"noteName":"F5","duration":333.5,"voice":"1","type":"eighth","staff":"1"},{"noteName":"G5","duration":333.5,"voice":"1","type":"eighth","staff":"1"},{"noteName":"C5","duration":333.5,"voice":"1","type":"eighth","staff":"1"},{"noteName":"C5","duration":667,"voice":"1","type":"quarter","staff":"1"},{"noteName":"D5","duration":667,"voice":"1","type":"quarter","staff":"1"}]},"staff2":{"voice5":[{"noteName":"D3","duration":667,"voice":"5","type":"quarter","staff":"2"},{"noteName":"F3","duration":667,"voice":"5","chord":true,"type":"quarter","staff":"2"},{"noteName":"A3","duration":667,"voice":"5","chord":true,"type":"quarter","staff":"2"},{"noteName":"D3","duration":667,"voice":"5","type":"quarter","staff":"2"},{"noteName":"F3","duration":667,"voice":"5","chord":true,"type":"quarter","staff":"2"},{"noteName":"A3","duration":667,"voice":"5","chord":true,"type":"quarter","staff":"2"},{"noteName":"D3","duration":667,"voice":"5","type":"quarter","staff":"2"},{"noteName":"G3","duration":667,"voice":"5","chord":true,"type":"quarter","staff":"2"},{"noteName":"B3","duration":667,"voice":"5","chord":true,"type":"quarter","staff":"2"},{"noteName":"D3","duration":667,"voice":"5","type":"quarter","staff":"2"},{"noteName":"G3","duration":667,"voice":"5","chord":true,"type":"quarter","staff":"2"},{"noteName":"B3","duration":667,"voice":"5","chord":true,"type":"quarter","staff":"2"}]}},{"staff1":{"voice1":[{"noteName":"C5","duration":667,"voice":"1","type":"quarter","staff":"1"},{"noteName":"F4","duration":667,"voice":"1","type":"quarter","staff":"1"},{"noteName":"E4","duration":1334,"voice":"1","tie":"start","type":"half","staff":"1"}]},"staff2":{"voice5":[{"noteName":"E3","duration":667,"voice":"5","type":"quarter","staff":"2"},{"noteName":"G3","duration":667,"voice":"5","chord":true,"type":"quarter","staff":"2"},{"noteName":"C4","duration":667,"voice":"5","chord":true,"type":"quarter","staff":"2"},{"noteName":"E3","duration":667,"voice":"5","type":"quarter","staff":"2"},{"noteName":"G3","duration":667,"voice":"5","chord":true,"type":"quarter","staff":"2"},{"noteName":"C4","duration":667,"voice":"5","chord":true,"type":"quarter","staff":"2"},{"noteName":"C3","duration":1334,"voice":"5","tie":"start","type":"half","staff":"2"},{"noteName":"G3","duration":1334,"voice":"5","chord":true,"tie":"start","type":"half","staff":"2"},{"noteName":"C4","duration":1334,"voice":"5","chord":true,"tie":"start","type":"half","staff":"2"}]}},{"staff1":{"voice1":[{"noteName":"E4","duration":2668,"voice":"1","tie":"stop","type":"whole","staff":"1"}]},"staff2":{"voice5":[{"noteName":"C3","duration":2668,"voice":"5","tie":"stop","type":"whole","staff":"2"},{"noteName":"G3","duration":2668,"voice":"5","chord":true,"tie":"stop","type":"whole","staff":"2"},{"noteName":"C4","duration":2668,"voice":"5","chord":true,"tie":"stop","type":"whole","staff":"2"}]}}],"divisions":2}